comentario,likes
"Estoy aquí viendo estos videos y tengo 50 años y NO no es para mi, es para ayudar a mi nuera que en estos días tendrá a mi nietecita por cesárea y yo la ayudaré en su cuarentena y mi último hijo lo tuve hace 18 años, entonces me toca refrescar mi memoria y actualizarme 🥰 y aquí he encontrado muy buena información de todas las qué hay en YouTube 👍👍",1100
Yo usando faja durante 8 horas al día baje 18 cm de cintura en 3 meses descansando un día a la semana,577
Totalmente de acuerdo doctora es horrible la censacion de levantarte por primera vez o bañarte por primera vez sin faja con cesárea y la faja te da seguridad,535
Doctora nos podría hablar de cómo almacenar la leche materna,429
"Aveces me asusta como Youtube escucha lo que necesito y justo me sale este video como anillo al dedo, muy buen video gracias!!",417
"Con cesárea cuanto te paras sientes que se te van a caer las tripas, el abdomen esta bien suelto, te tienes que agarrar tu panza para poder caminar, definitivo la faja es importante ...🙎🙎🙎🙎",370
Gracias por tus videos estoy de 34 semanas y me ayudan muchísimo!! Haber si hace un video de la maleta del hospital lo más necesario...,368
"doctora hable mas sobre el postparto, el sangrado, la inflamacion, la pancita!",355
"te hago mas caso a ti que a mis medicos, me transmites paz y seguridad estoy de 20 semanas es una nenaaa Dios te bendiga mucho",316
"Estaría genial ver a una chica con cuerpo natural modelando las fajas, toda operada ni se puede apreciar el cambio que hace la faja.",279
"Hola!! Yo también estoy de 34 semanas.. y es increíble que la Doctora hable de ciertos temas cada vez que yo me lo estoy preguntando 😅
Porque justo me preguntaba qué fajas debería usar y por cuanto tiempo y cual sería la recomendable en cesárea o parto. 
Muchísimas gracias Doctora! Agradecerle es poco. La queremos mucho mi bebé y yo.
Creo que algún día tendría que hacer un video para nuestros bebés..ya que reconocen muy bien su voz por la cantidad de veces que miramos y volvemos a mirar cada video por si nos quedó alguna duda! 😁😁😁
Bueno hablo por mí. Pero es así... mi bebé ya la reconoce y se ha hecho parte de nuestras vidas.
Mil gracias por su tiempo y sus consejos 💗💞",262
"Aquí con mucho gusto les hice el video de las fajas que querían, espero sea de ayuda, feliz día.",241
Yo uso fajas cuando hago ejercicio y me dio mucho resultados más rápido!,238
"Gracias a este canal logre realizar la respiración correcta al momento de mi parto y ahora sigo viendo los videos para el pos parto, mucho ánimo a la que esta viendo estos videos todas podemos 💪💗💗💗",229
"Hace una semana tuve a mi niña, fui primeriza y todos sus videos me ayudaron a tenerla por parto normal, me lo tuvieron que inducir pero pude manejar el dolor gracias a sus consejos ☺️",154
Holaaaaa mis bellezas me estuvieron pidiendo que fajas uso debajo de mis vestidos y ropa espero les guste 💕 SÍGANME POR INSTAGRAM,150
"Para que no se enrolle pueden usar tape micropore, los que se usan para curaciones. Es barato y está diseñado para pegarse en la piel.",150
Justamente estaba pensando en si voy a necesitar faja después de mi cesarea! Nos leíste la mente a todas tus suscriptores. Gracias! 😊😍😘,145
"Dra me gustaría un vídeo que hable sobre que alimentos evitar después de una cesárea. Por favor, gracias 😍",142
"ERROR NÚMERO [dato quitado]
USAR UNA MODELO DELGADA 
ASÍ NO SE APRECIAN LOS CAMBIOS",138
"ANTES QUE NADA ME DA GUSTO ESTE VIDEO Y SOLO LAS QUE USAMOS FAJAS NOS ENTENDEMOS. NO ES POR GORDAS ES PARA MOLDEAR  LA CINTURA Y LUCIR MEJOR LA ROPA. 
ME CHOCA CUANDO DICEN. "" LAS FLACAS PARA QUE USAN FAJA"" EN FIN. Hola la faja que se cierra como pañalero de bebe como tú dices. ¿ Es de Ann Chery? Yo tengo la faja enelia de esa marca, la de short y la de tubo pero es muy larga y tengo mi tronco chico y me molesta mucho y no siento que apriete en mi cintura, así que ahí está sin uso. También tengo 3 fajas de manta son hechas a mí medida y son de cierre al frente y Velcro de abajo como pañalero fácil para ir al baño.  SOY FELIZ CON MIS FAJAS ME HACEN SENTIR BIEN IGUAL QUE EL MAQUILLAJE, IGUAL QUE DEPILARME, ETC.",130
"Yo baje 11 cm. de cintura en 2 meses, llevando una buena dieta, haciendo ejercicio y usando la faja por 8 horas o un poco más al día",126
"Me hicieron cesárea y desde el siguiente día las enfermeras me colocaron faja con vendas y me sentí mucho más segura. Incluso cuando la tenía que quitar para la hora de bañarme, sentía horrible, cómo que todo se me caía por dentro. Ahora en casa la sigo usando diario y me siento muy bien 😃",124
"Y será posible que dejen de hablar tanto en la introducción por favor eso cansa y harta mucho,con todo respeto yffss",121
"Las fajas son necesarias sobre todas las que tenemos cesárea porque da seguridad. Ayuda a disminuir el dolor, a reponerte mejor después de la operación, al mismo tiempo ayuda a que la panza vuelva pronto a su tamaño normal.",116
Después de bañarme fajarme es la sensación más cómoda y placentera hasta ahorita después de mi cesárea,115
"Yo siempre usé fajas, desde los 15 años, todas las noches me ponía mi faja, después ya casada y cuando tuve a mis 2 Babies con mas razón me ponía mis fajas, ahora mis hijos tienen 19 y 16, y yo dejé de usarlas hace como 10 años, pero todo mundo me dice que envidia mi cintura y mis medidas. Yo la recomiendo, incluso mi hija de 16 ya empezó a usar su faja nocturna.",112
"yo uso faja , un día si y un día no , hago ejercicio & trato de comer lo más balanceado posible e hize la cintura muy linda 
.....",110
"A mi tambien me interesa el tema de almacenamiento de leche materna, es un tema del que se sabe muy poco",109
"Me encanta escuchar a la doctora, siento que su voz me relaja ❤️🥰",94
"Este tema es más que algo estético, es de bienestar emocional, físico, moral etc..",91
"La faja te da seguridad, después de la cesárea sientes tooodoo súper flácido. Y la faja te ayuda caminar más tranquila y a moverte sin miedo.",88
"Felicidades por ser una excelente suegra y abuela, y por a pesar de tener la experiencia, buscar información reciente para apoyar y comprender sin pretender imponer consejos obsoletos, ojala todas las mamás y suegras sean así 🙏",87
"[nombre] Si Funciona... Las Fajas No Te Adelgazan Pero Te Moldean Demasiado, yo la Uso Toda La Semana...  No Hago Ejercicio, llevo Usándola 1 año  y Tengo Una Cintura Pequeña, Esto Me Hace Ver Caderona. En verdad Impresiona Mucho El Resultado, los Primeros Días Les Va A Resultar Incómodo Pero Luego Se Acostumbran. Intenten Utilizar  pantalones Con Pretina Alta... Esto Las Hace Ver Mucho Más DELGADAS. Gracias Por Tus Videos Ana 💪💞",85
"La verdad, nada que ver tu respuesta, que tiene que ver que la faja se adapte a cualquier cuerpo? Lo que estoy diciendo es que cuando ponen a una mujer operada de pies a cabeza, obvio no va a tener panza ni rollitos, con faja o sin faja se verá igual, en cambio si ponen a una con cuerpo natural y rollitos sin faja, y después con faja VAMOS A PODER APRECIAR EL ANTES Y DESPUÉS y veremos que tanto oprime la faja, espero que ahora si me haya entendido y no me conteste algo tonto.",83
Pero cual es la mejor faja del mundo???  Sigo con la duda 🙎🏻‍♀️,83
"Justo tengo que salir este sabado e ire con vestido y necesitaba de este video, eres una geniaaa♥️",83
"Las fajas no se usan para dormir, qué mal que des este tipo de consejos. Mujeres ojalá que no lo hagan. Van a dañar su salud. Ningún médico te recomendaría eso.",79
"Me parece genial las explicaciones, pero para ver el resultado, hay que poner a alguien que la necesite realmente",68
"Por favor no lo usen mas de 8 horas, si lo usan más tiempo ( ""para tener más resultados"")
Pueden tener consecuencias como reducir su capacidad pulmonar un 30% así que por favor eviten eso, todo con precaución",67
"Para las que no soportamos la faja!! Yo lo hago de años, y no me ahogo jajaja",63
Yo tuve cesárea y al día siguiente cuando me puse la faja fue otra cosa! Me ayudo muchísimo sentirme contenida al caminar. Saludos,62
Ojalá existieran más suegras como usted. Que Dios las bendiga.,56
[nombre] y me encanta la paciencia con que explica y sobretodo lo super detalloso... Con Cada video voy despejando mis dudas 🤗,55
"Tengo 4 dias de mi cesárea y ligadura
La faja me la pusieron después de las 6 horas y confirmo que te hace sentir mas segura al caminar.
Pero en la noche si es un placer dormir sin la faja puesta❤
Espero todas las mamis tengan una pronta recuperación 🎉🤩",55
"Yo soy gordita pero no me motivo a usar fajas🙈, se me hacen como incomodas y uno queda muy apretado dentro de ellas🤣. Mejor dejo mi cuerpo expresarse como quiera total así soy y así me tienen que aceptar😁. 
Bendiciones 🙏🏼. 🇵🇷❤",54
Dicen que hace daño cuando entrenas xq el abdomen  se pone devil es mejor en trenar sin ellas para que el abdomen  haga maa fuerte por si sólo 🤔😫,54
Justo hace 3 min buscaba una faja posparto y no sabia cual elegir 😍💕 gracias por subir este video dra,52
"Como buenas Colombianas,desde jovenes nos enseñan a usarlas mucho mas cuando tenemos bebes.. y aprovechar q en nuestro pais hacen unas excelentes. 👏👏👏🇨🇴😍.",51
Podría hacer un vídeo de por qué podría ser la falta de apetito sexual después de los embarazos,50
"Gracias llevo mucho tiempo cortando las medias para ponerla como faja y realmente me funciona.
Me la pongo solo con pantalón, por eso  le quito el pie y no se suben",50
"[nombre], prueba las de Kim kardashian las Skims.",49
"Me encantó el video.!!!! Yo soy fanática de las camisetas reductoras acá en Argentina se consiguen unas chinas muy buenas, te ajustan la figura y aumentan el autoestima :-D",47
"Yo tuve mi primer bebé por cesárea y las enfermeras (que eran mayores y eran súper lindas) me pusieron mi faja a penas di a luz!  Y a los 3 meses de vida de mi hijito empecé a trotar! Y todo bien 😊 pero eso si, no hice fuerza hasta después de 8 meses ( por decisión propia 🤗)",47
. No xq llevaba una dieta . Pero como solo baje de peso con dieta . Me faltaba moldear por eso me ponía la faja,47
Solo tengo 8 semanas de embarazo y desde ya empiezo a aprender de estás cosas ❤️ Gracias Doc.,44
"Sacate la faja para la proxima, amiga. Que no se aprecia el resultado",43
Hola yoshi lo pensé mucho para darte un comentario   Pero no me lo puedo callar  la faja no es colombiana las fajas colombianas no transparenta  y son doble telas por dentro son de algodón y por fuera son de un  material muy fuerte  tanto la parte de arriba cómo abajo  yo soy colombiana  te felicito por tus videos y que Dios te bendiga te admiro demasiado,41
A una semana de haber dado a luz.....este vídeo me cae perfecto muchas gracias Doctora!!!! Dios la Bendiga ♥️ saludos desde México,41
"La única faja que es realmente funcional es la de soporte, la última que mostraste, ya que ayuda a mantener una mejor postura al momento de levantar peso de ahí en más ninguna sirve para bajar de peso o mejorar la figura, lo único que hacen es deshidratar la piel y hacerte el paro a verte mejor con algún vestido o prenda,  existen los corset de varillas duras que con el uso constante ayudan a tener una cintura pequeña ya que afectan la posición de los órganos desplazandolos para poder estrechar la cintura y pueden dañar severamente la columna vertebral, en lo personal no soy fan de las fajas convencionales, siento que no ayudan en nada.",41
"Ya tengo 39 sdg y vi todos tus vídeos, me sirvieron de mucho ya q explicas excelente
Solo digo gracias! Y cualquier embarazada q conosca le recomendaré tus vídeos!",39
"Llevo 3 semanas de post parto gemelar por cesárea, mi comadrona y ginecologa me dijo que no debía usar faja para que los órganos se acomodarán solos y naturalmente, pero ahora me hizo sentir segura de usarla ya que he probado usar la faja algunos días y me a ayudado mucho con el dolor de espalda",38
"Preparando la llegada de mi bebé, este consejo me vino muy muy bien! Gracias Doc! 👶🏽❤️",38
"Muchas gracias Dra. Por los consejos ... yo  creía que en cesárea no se podía utilizar faja , muchas gracias por aclarar mis dudas... saludos desde Houston TX",38
Daniiii por favor 🙏🏽 un top 10 de fajas y probándotelas con outfits diferentes para sacarle el mejor provecho y links  de las mismas🙏🏽,37
"Mi postcesarea fue horrible. Tuve una infección de una bacteria y me dejaron restos placentarios😪 estuve internada 6 días en el hospital, se me abrió las suturas ya estando en el hospital, fue horrible. Cuídense muchos chicas, se siente feo estar lejos de tu bebé",36
Haga por favor un video de la incontinencia urinaria después del embarazo por favor,36
Ojala mi ginecologo fuera como usted 😭,35
"Tengo 37 semanas, y todo mi embarazo he visto tus videos, me encantan...
todas mis dudas han sido resueltas...muchas gracias, eres la mejor🥰",35
5 dias de nacido mi bebé y viendo sus videos durante todo el embarazo para aclarar dudas! Lo único que puedo decir es gracias infinitas por compartir sus conocimientos 😘🙌💝 saludos desde chile,35
4:23 marca de la faja,35
Yo la uso para entrenar y si he visto resultados más notorios que cuando no la tenía,32
"Yo planeo ser una buena suegra, tengo 2 hijos varones",31
Yo apenas me la compre y no encontraba la forma de ponermela pero este video me ayudo. ❤,31
Quiero empezar a usar fajas para moldear la figura,30
"Siempre pienso que las fajas son para valientes, las use un par de veces y me di por vencida, me ahogan, siento que me asfixio y me falta la respiración.
Asi que decidí dejar libre a mis lonjitas.
Siempre guapa Aurora un abrazo.",30
Les cuento una vez fui a misa de una niña hija de una conocida Bueno el punto es que la madre de la quinceañera se puso este tipo de medias lo malo fue que la imprudente se puso el calzon arriba de estas y cuando paso a ponerle algo como una medalla a su hija los calzones se le cayeron a media misa Ande no yo creo jamás podrá superarlo 🤭 😊 Pero aquien se le ocurre ponerse los calzones arriba de estas? 😊 pobre agapita,30
"Señor no sabe del dineral qué me acaba de salvar, muchísimas gracias 💖💖💖",29
Te creo a mi me han funcionado también.,28
"Yo tengo una faja y me forma todo bien bonito el cuerpo me mete el vientre bajo me moldea la cintura y las pompas me corrije la postura , pero hay un detalle q me marca las piernas y cuando me quiero poner pantalón o una licra se me marca las piernas 😳",27
Yo cuando era joven  usaba medias  y cuando se me rompian  las  medias  las cortaba y en mis periodos me las ponia porq tenia miedo q la toalla se moviera o se callera y m sirvieron d mucho,27
Dani habla de fajas moldeadoras.. no necesariamente para saliiir.. sino para usar en casa y moldear el cuerpo..,26
"Justo hoy me hice esa pregunta de las fajas, hace 15  días nacio mi bebé por cesárea y desde entonces no había ni tenido tiempo de ver Youtube, y entré por si acaso había un vídeo sobre eso y aquí está 🤗",26
Estoy viendo tu video burn fajada a mi también me a funcionado,26
"Tu con faja o si faja eres hermosa Aurora, saludos a toda tu familia",25
"Gracias por sus consejos, estoy en 37 semanas y sus consejos son muy valiosos, cada semana veo sus videos.",25
"El problema de esa pieza, es que te aplana atrás 😢",25
Buen tutorial pero para uno tener un cuerpo modelado es tan sencillo una buena alimentación balanceada y buen ejercicio eso tonificara mejor el cuerpo usar fajas te esclaviza  a estar todo el día con un yeso en el cuerpo,24
Tengo un mes de haber dado a luz a mi bebe por cesarea y tenia miedo ponerme faja por pensar que dañaría la cirugía y aqui resolvió todas mis dudas.  Mil gracias doctora ud es única.,24
Eres hermosa aunque te pingad fajas y siempre vas a ser hermosa,23
Es que me supongo que eso es difícil o de pronto no nos ayude a todas por ejemplo yo soy de México y parto o cesárea será en un hospital del gobierno y ahí solo te piden para la mamá jabón shampoo sandalias crema cepillo desodorante y la muda de ropa yo incluyo una faja y un gorro por lo del frío  ahora para el bebé solo me piden una muda para el bebe que yo le incluyo una playera un pañalero suéter y pantalón obviamente calcetines guantes y gorro y un paquete de pañales  y obviamente tu familiar va llevar aparte una pañalera con otro cambio de ropa toallitas humedas toallas sanitarias pañales pomada de rosaduras un chupon una sabana y cobija nada más porque es lo único que podría usar de Camino del hospital a mi casa bueno eso lo hice con mis dos hijos y ahora que espero a la nena sera lo mismo,23
Muy buen tip Anita hermosa ami si mi an funcionando súper bien hasta para comer menos. Bendiciones y besitos Ana 🥰🙏,22
Mis bellas aquí está el link donde pueden comprar la faja 🙌🏼😘,21
Estoy en mi pos parto y gracias por tus consejos saluditos aquí en Colombia .,21
"Muchas gracias por sus consejos justo tenia la duda del ejercicio, de mi primer bebé, practique yoga los primeros meses fue maravilloso para la mente y el cuerpo ya despues hize cardio y pesas y quede como nueva",21
"Admiro a las personas que  usan faja, yo solo he usado una vez después de mi embarazo y sentía que me ahogaba no la soportaba probé varias y nada que me gustó.",20
Hoy estoy de 30 semanas y me encanta ver sus videos😊muchas gracias y saludos desde España😘,20
"Amo los finales de 
Más vale ser una gordibuena qué... 🤗
Deberías hacer una recopilación, estaría bien padre 😃👌🏻
Saludos !",20
Hola. Si te las pones del revés ya no se enroscan,20
"Todo va a salir bien en su operación del mochi. Estoy haciendo una oración para el 🙏 y familia
Me gustó el vídeo de fajas ya quería verlo ora que hablar las tiendas donde las venden compro la mía😀😀",19
"Gracias por tus consejos, yo andaba buscando una faja para comprar y ya se cual quiero, gracias a tí💜",19
"Hay demasiadas opiniones de profesionales que debaten acerca de este tema, siempre es bueno ratificar un tema tan polémico... Felicidades Doc, me encanta siempre aprender y más de un profesional... Éxitos en su labor!😁",19
"Dra. Usted tan acertada con sus videos jeje. Justo requeria esto!!  Tengo 1 mes que tuve a mi bebe por cesarea.  Y estaba con muchas dudas. 
Saludos y Bendiciones.",19
Yo sugiero que usen faja como comento para la espalda yo no use y siempre me dolía hasta que mi niña tenía un año me dio lo del nervio ciático☹️,19
Yo uso faja hace 17 años y ya no puedo estar sin ella trabajo con ella solo me la quito para bañarme la amo,19
"Cuando uno tiene pancita grande y rollitos en la cintura ninguna faja funciona, usted es delgada no las necesita, lo mejor es tratar de perder peso no hay otra",19
Por qué duran tan poco tus videos 😢😢😢,19
"Auch!! Recuerdo cuando tenía 16 años y mi mamá me aconsejaba fajarme. Lo hacía, y tenía bella cintura... sin embargo deje de ponermela después de tener a mi niña, ya que la que me ponía era posparto, y me lastima a horribl la herida de la cesárea. Determine  no usarla  Y Zas !!! Se soltó mi barriga y aumente de peso considerablemente!!! Tienes razón Creo que iniciaré nuevamente con la de shorts. Gracias por las sugerencias. Abrazos y bendiciones!!",18
Muchas gracias por compartir su conocimiento y tiempo Dra. Se nota la vocación que tiene. El lunes 27 de abril nació mi bebé...con sus videos me fui preparando y sintiendo más segura. Gracias nuevamente que Diosito le bendiga siempre. Saludos desde Bolivia.,18
"Mire sus videos durante mi embarazo y me ayudaron muchisimo, ahora quisiera que fuera Pediatra por que explica las cosas super bien.
Gracias Dra Saludos",18
"Wow !! Esa cinturita que increíble! Esa faja te ayudará a mantenerla, que genial...nuevo aquí en tu jardín y vengo para quedarme, te espero en el mío amiga, bendiciones 🤝👍",18
"porque nadie explica si hay q colocarse crema  antes o un plartico o una franela abajo o solo la faja en la piel, porque me compre uno y no la soporte porque senti que me quemaba y maltrataba la piel, que hagoooo",18
[nombre] yo tengo tres semanas usando faja para entrenar y tambien trato de traerla puesta todo el dia y si e sentido mucho el cambio mi cintura más pequeña y moldeada,18
hablan tanto esas presentadoras q no dejan ni hablar a mi compatriota paresen  vendiendo en una galería hablan todas a la ves peor q un loro mojado q horrror  por Dios,18
Fácil recomiendo cinta de silicona que se colocan en las zonas del panty cintura/piernas y quedarás como una calidad de vida óptima,18
Buenas tardes q por favor haga el video una chica sin operar,17
"Me encantaría saber sobre los cuidados de cesárea, a mi me encanta hacer ejercicio 😭 quisiera saber como que tipos de ejercicios puedo hacer a los dos meses de aliviarme",17
Yo usé faja de banda acabada de salir de mi cesárea.la usé por 20 días las 24 horas .por la comodidad que usted dice que uno busca porque se siente todo suelto.Luego me la retiré por el motivo de que mis músculos cogieran su fuerza nuevamente y estoy esperando los 3 meses para poder usar ya una faja más cosmética . porque hasta los 6 meses no me autorizó el ginecólogo de hacer ejercicio para mí abdomen.pero a lo que quería referir .es verdad que usando faja acabada de operar todo se te hace más fácil y menos doloroso y más para las mami sin ayuda que le toca salir del hospital y hacerse todo solos,17
"Yo vi un video, hace unos meses antes de tener a mi bebé el.17 cumplimos 2 meses. 
Tuve cesárea a última hora, feliz de ser mamá, mi esposo es fisioterapeuta y tiene estudios en piso pelvico y terapia uroginecologica, por ahora estoy haciendo los ejercicios hipopresivos hasta ahora me ha ayudado bastante mi esposo, me decía que colocara calzones que sostuvieran bastante, y al.tocer me.decia que tociera y llevará el abdomen hacía adentro no hacía afuera, un gran apoyo para mi.",17
Yo voy empezando en el uso de la faja la aguanto 3 horas maximo al dia y si me ha funcionado llevo 1 mes 3 horas diarios y he bajado 6 cm de 74 estoy en 68 claro alimentacion balanceada pero la forma como va cambiando se nota me encanta . Uso la colombiana,17
"[nombre], excelente video, me llama la atención que normalmente los que recomiendan no usar la faja son personas que nunca la han usado, por lo que  me encantó este video en el que compartes tu experiecia de varios años. Yo estoy empezando a utilizarla y me encantaría que me dijeras ¿qué talla recomiendas? tengo 72cm  de cintura.",17
😂😂😂 para mi es una tragedia  ir al baño con una faja puesta.,17
Una recomendacion yo usava la faja salome de alta compresion en mi talla era un body que se puede desabrochar en la parte de abajo susede que se ebrolla en el area de abajo de la espalda y me causo una lesion muy importante en mi columna porfavor chicas si se enrollan boten eso a la basura no sirve que no les pase lo que me paso ami,16
Me encantan las que traen el bra incluido te moldean desde arriba y no se bajan; 100% fan de las fajas...,16
Todas mis dudas quedan resueltas gracias a estos vídeos bien explicados y con la mejor ginecología muchas gracias!,16
"Por favor, haga un vidéo de como almacenar la la leche materna, si es bueno o no cuanto tiempo tenerlo en la refri, etc. Gracias",16
"[nombre]. Gusto saludarle desde México. Espero que pronto nos pueda hablar acerca de las fajas durante el embarazo, esas que se ponen bajo la barriga. Me gustaría saber su opinión. Muchas gracias por su buena labor y compartir su conocimiento.",16
Esas cinturillas de latex son lo mejor!!!,16
"Hola , la estoy usando por primera vez este es mi 2do dia , quiero saber en cuanto tiempo noto diferencia?",16
"[nombre] Hola, te quitabas la faja para comer?",16
Gracias!!!! Que buen video yo tengo fajas pero me da miedo dormir con ellas pense que hacia daño desde hoy duermo enfajada también 😂😂😘😘😘,15
Me encantó el vídeo. Genial tus recomendaciones yo estoy en el proceso de sentirme y mejorar mi cuerpo y estás fajas son una gran ayuda .Bendiciones 💜,15
Me pareces excelente profesional. Que bueno q todos los médicos de eps fueran así de colaboradores. Ya que el embarazo debe ser de acompañamiento.,15
Uff gracias doctora era justo el video que necesitaba.,15
"Una genia sos! Soy [nombre] y aveces los obstetras no son tan detallistas al explicarte las dudas, eso como primeriza me da mucha inseguridad. Pero gracias a tus vídeos puedo informarme y sentirme mas segura en cada cambio postparto. Mi bebé tiene 3 semanas y tenía muchas dudas por los que dan sus opiniones personales. Muchas gracias linda❤",15
"Pero se te salen los gorditos de la parte de arriba, esa no es tu talla",15
Te felicito Mariana yo también he tenido buenos resultados.,15
"La sudoración es un mecanismo de termoregulación corporal, por lo tanto, el hecho de estar sudando un mayor volumen de fluidos no implica que se este ""quemando"" mas grasa, sólo implica que el cuerpo esta haciendo un gran esfuerzo por mantenerse frío.",15
No pareces fit sabes que sudar no sirve igual ese sudor lo vuelves a recuperar cuando tomes líquidos,15
Compre la misma solo que es de 6m no le encontraba la vuelta Para ponermela 🤣,15
"Excelente explicación, hecha con mucha elegancia, gracias",15
[nombre]!!! Como sufrimos las mujeres ! Siempre nos queremos ver perfectas y es muy difícil y caro y doloroso a veces !,14
"Como siempre, muy sincera!!
1. Expones los pro y los contra de la faja
2. Nos dejastes ver como queda probándotela para nuestro beneficio, a pesar que se te lastimaron las manos
3. El precio es tremendo, gracias por compartir esa info que muchos esconden
4.  Nos diste buenas noticias para su compra y envio
5.  Tu maquillaje como siempre, impecable!
6. Tu peinado, mega adecuado
7. Pantallas y camisa de encaje, fenomenal
****
Caramba!  sacas de tu tiempo, te presentas y nos hablas con respeto. Piensas en nosotras a la hora de que nos veamos mejor y ayudas a levantar nuestra autoestima q muchas veces está lacerada;  aún así  tratar de empañar tu trabajo con un comentario que no aporta en nada deja mucho que decir!!😰
Tu eres la mejor....y me voy a comprar la faja.....y punto 😘😍
You are the best!!!! Y vamos por más!!!!!!!!!!!!",14
"Super video, yo pase anteriormente por una cesarea y me faje a los 26 dias, hoy tengo 9 dias de tener a mi segunda bebe por cesarea. Pero para mi no me parece utilizarla una semana despues de la cirugía es muy doloroso y reciente, yo con mi experician recomiendo utiluzar la faja despues de una cesarea a los 30 dias y solo utilizar 6 horas durante el dia, hasta que tu propio cuerpo te pida hasta donde puedes resistir luego si podras con ella durante las 24 horas ayuda mucho y por tres meses es el tiempo ideal de utilizar la faja.🤗🤗🤗",14
"Da gusto oirte... me entran ganas de comprarlas todas! 😂
Muchas gracias por la información
Super útil  ❤",14
nose como le ase esta mujer tiene la piel de la cara muy hermosa,14
Gracias!! Nuevo tip para mí!!,14
Pues para mí es una buena idea y espero sea buena opción para evitar enseñar los calzones jajajaja poco uso vestido y me pone de nervios levantar los brazos y se me vean jajaa,14
"otro detalle sin que lo tomen a mal. Una buena faja colombiana no cuesta $50 ni de lejos. Una faja colombiana decente, sin tener que ser la mejor, no baja de los 100 -120 dolares",13
"Bella... me encanta tu sinceridad, eres una maravillosa persona... con y sin faja te ves espectacular  te admiro muchisimo...que Dios te bendiga siempre junto a toda tu familia, saludos desde Chile.",13
Felicidades por ser buena suegra. A mi mi suegra ni caso me hace,13
Doctora puede hablar de los líquidos de los sangrados postparto después de una cesárea????,13
PRODUCTOS y SUPLEMENTOS que NECESITAS durante la  LACTANCIA Y POSPARTO:,13
"[nombre]✋, solo are dos preguntas, ¿en cuanto tiempo tarda en bajar el útero?, y en ¿cuanto tiempo máximo se van los puntos de parto normal desgarros?",13
"Doctora buenos días. Me encantan tus vídeos! Quiero consultarte a partir de cuando es conveniente realizar abdominales luego de un parto natural.  También me gustaría consultarte sobre la compatibilidad  del ejercicio con la lactancia, mi consulta es por si el ácido láctico producido por la realización de ejercicio modifica el gusto de la leche. Gracias!",13
"hace 28 dias fui mamá , tuve cesarea .Uso la Faja la comun las 48 hs de lunes a lunes . Y si eh notado un cambio en mi panzita 😊",13
No se deforma en el transcurso del dia?? Buen video!!!,13
Yo uso faja látex y si sirve de mucho te reduce el abdomen y cintura la uso desde la mañana hasta en la noche y hago ejercicio tengo dos cinturilla y chaleco,13
"Hola , cómo estás?! A mí también me gusta las fajas pero siempre q pongo me da ""gases"" y esto es bien incómodo ! :(",13
"Hola, pues yo solo la uso para levantar a mi mamá o cuando la baño, porque me quería doler la espalda, por el peso, no me siento agusto si la traigo mucho tiempo, saludos",13
Excelente idea. Gracias.,13
"Berley , y Tania fajas muy buenas !! 
Muy bien su canal !",12
"Chicas , para dormir se recomienda una faja suave , ya que en la noche es cuando se hace digestión  y los órganos se acomodan .. no es recomendable dormir apretadas",12
"Hola, yo tambien uso fajas y me la pongo en el trabajo y he notado mejoria. Os animo a utilizarlas y dejar la pereza, animo chicas!!",12
Hello 👋🏻 la Colombiana no pusiste el link para amazon,12
GRACIAS!!! Estuve esperando este video desde hace un MONTON!!!! Besitos,12
Lindo vídeo pero el problema es saber cuál talla pedir para obtener buenos resultados.. nos podrías orientar xfavor de acuerdo a tu experiencia,12
Definitivamente las mejores fajas son las Colombianas. Gracias Aurora,12
De las primeras 🙊🙊♥️! Me encanta Aurora eres la mejor ♥️♥️!,12
Yo a los 3 dias de mi cesaría ya andaba caminando casi no me la pasé Acostada y no me dolia mucho si dolorcitos pero algo q si aguante y me puse faja de esos como boxer y traey alos lados para abrocharse lo apretado q puedas esa muy cómoda y me siento genial ya tengo 15 dias ando como sin nada,12
"Pregúntale a tu ginecóloga de YouTube le digo a mi esposa y siempre saca el tema en que nos estamos pensando.
Gracias.",12
"En mis 2 cesareas anteriores apenas sali del quirófano las enfermeras me pusieron la faja. Me sirvió mucho, me sentia mas protegida también.  La use al rededor de un mes.",12
Pues ya yo me voy a ir comprando mi faja para tenerla guardada 😁yo necesito quedarme barbie como antes jajajajajaja,12
"Yo creo que la faja al hacer ejercicio en lugar de ""ayudarte"" te perjudica, las he usado ( por recomendación de entrenadores)  y siento que al estar tan apretado no te das cuenta de que te estás lastimado la espalda con tanto peso,en mi opinión debemos ser capaces de levantar el peso nosotros solos, sin ayuda de fajas, ese es el propósito del ejercicio volvernos más fuertes, entonces cuál es el caso de usar cosas para cargar más? Mejor aumentar el peso progresivamente hasta tener la fuerza para lograrlo y ahí de verdad será un gran logro para nosotros",12
Esas piezas para moldear son esenciales y si lo dice Desiree es porque son un éxito 😊,12
"Gracias por enseñar estas prendas de manera tan natural y que las mujeres no se crean ""que todo el monte es orégano"" 👏🙋🏻‍♀️",12
Jajaja pues si así te gusta perfecto amiga exprésate besos amiga,11
No hombre mi madre tenia un cuerpatzo 4 chamacos y miren que la señora [nombre] estria ni celulitis ni lonjas hay madre mía pero yo no herede nada paresco tamal mal amarrado .😅  mi madre dice que ahora ya todo es más industrializado harinas refinadas químicos conservadores .Pues le echaré la culpa a eso 😂,11
Me gusta mucho el look de tu sombra de ojos !!,11
Q buena suegra 🥰 Dios le bendiga,11
"Mi bebé ya tiene 43 días de nacido, inicie a ver sus videos desde que me enteré de mi embarazo  y seguimos viendo sus videos, gracias 🙏.",11
Yo lo que hice fue meter una silla de plástico y bañarme sentada xq duele horrible los primeros días yo tuve cesarea,11
"Bendiciones doctora 🤗 gracias por este video!! Estaba preguntando me ese mismo tema, ya que tengo 12 días desde que me sometí a una cesárea. Y me preguntaba cuando empezar a fajarme. Saludos desde Nicaragua!! 
Pd. Todo mi embarazo la seguí muy de cerca cada uno de sus videos, muchas gracias doctora!!",11
Tengo 24 semanas de embarazo y ya veo este tema...para estar preparada......con muchos nervios por el proceso...espero todo siga marchando bien..,11
Hola amiga si exelente faja la tengo en chaleco y cinturilla es super buena la uso cada 10  horas  ..soy colombiana y mi cintura esta super  por mi faja latex se las recomiendo  🇨🇴👌❤,11
Quiero comprarme una pero se me hacen muy caras :( donde me recomiendan comprar una,11
Ya me había convencido hasta que dijo sudar 😣,11
Que bien te vez. hermoso pelo 😍 saludos desde argentina,11
Dónde compraste tú fajas hermosa?,11
A mi me ayuda dándome mejor contorno atrás 😊,11
Me gusta mucho gracias por compartir sus consejos son muy buenos felicitaciones y interesantes. Las fajas hacen lucir muy esbeltas a las mujeres,11
"Con faja parecemos pichones ,se nos hace un mega pechote....😂😂😂😂😂😂😂😂😂😂😂Mucha fija y las varices a todo lo que dan....😶😶😶😶😖😖😖😖",11
"si es verdad , deberían mostrar a una modelo más rellenita...",10
"La chica no necesita faja, entonces es un engaño si de verdad ponen a alguien que necesite una faja, verán que no le queda igual, eso es burlarse de la gente 👎👎👎👎👎",10
Gracias muy buenos tips !!!,10
La tengo y es una porquería! No hace compresión alguna!!!! Bote  el dinero porq tengo una de Wal-Mart q me costó  $16.99 Y es mejor q la de Kim q me salió en $80. Sólo sirve para q no se te marque la celulitis pero no crea compresión ni achica cintura ni muslos ni nada.,10
"Justo lo que buscaba!!! Gracias Aurora 😍
Por mi tipo de cuerpo me anoto la segunda 👌🏻",10
"Chica yo pase de pesar 140 a 170 libras 😭
De talla 4 a 8,nunca me avía sentido tan insegura con mi cuerpo  😞 pero lo que me hace feliz son mis 2 bebés ❣️
Ahorita tengo un mes post parto de mi segundo bebé y como fue cesárea no puedo hacer mucho ejercicio",10
Doc me acompaño durante todo mi embarazo y aún sigo viendola excelentes videos gracias!!,10
"He finalizado mi embarazo, y sus videos realmente me ayudaron en cada proceso Demi embarazo siempre recurría a ver sus videos",10
En febrero voy a tener mí tercer hijo.. y siempre fue cesárea.. aquí en mí país Argentina 🇦🇷 es fundamental la faja cuando vas a cesárea..apenas sales de quirófano ya sales con la faja puesta ..me llamo [nombre] la mayoría de los comentarios donde no usaron faja.. realmente es lo más cómodo por lo menos para mi..me sentí más segura y cada vez q me la sacaba para bañarme sentía una sensación de vacío..,10
"Yo empese a verla en mi tercer embarazo, tenia panico mucho miedo crei q moriria en el parto pero creo q era normal o no se... 
Pero aqui estoy viva 
Saludos doctora desde Honduras",10
"Son fantasticas pero sacan rollitos, me recomiendas algun ejercicio para bajar la espalda o esos rollitos que forma porfavor?:(",10
Hola yo peso 50kg soy delgada pero no tengo cintura. Crees q me funcione?,10
"Yo la uso por 3 horas,1 antes de ir a caminar,la hora que voy a correr y 1 hora ya que llego,apenas voy empezando en esto de hacer ejercicio y hacer dieta espero usarla bien (:",10
"Sos increíble...yo arranque a usar solo de día y en dos meses vi resultados y gracias a tu video anterior.
Gracias por tanto amor que das en cada video porque es un aprendizaje continuo para nosotros. Un beso enorme desde Argentina",10
Vamos por el millón 😊,10
Yo tengo mallas q no uso ahora las voy a hacer faja buena idea,10
Muchas gracias por compartirnos esta idea tan genial. Me gustan mucho tus videos. Saludos desde Zapopan Jalisco.,10
Una vaina .........porque la  vida es mas dificil a  las  mujeres???.........,10
"A mi me asusta mas que yo solo lo pienso, no lo digo a nadie y en cuanto lo pienso sale justo lo que estaba pensando",10
que buen consejo gracias 💃🥰,10
"Gracias,lo voy a usar 😮👌",10
Cómo haces para q no se vayan dónde cortas?,10
Muy buena explicación la faja  70 /30 nunca fue para mí 😪 y ahora entiendi todo,9
"Para mí son una maravilla, aunque no las aguanto más de 8 hrs. por más cómodas que sean, mil bendiciones !!",9
"Mi mujer compra las fajas de Curveez, según ella ha probado muchas y en ellas encontró la mejor calidad y un muy buen precio. Sería bueno si pudieras hacer un review con esas fajas.",9
"Definitivamente cada uno de sus videos me sirven demaciado, soy primeriza tengo 32 sdg!! En cada duda vengo acá a ver sus videos ❣️ esto solo nos demuestra el gran amor que tiene por su profesion❣️",9
"Doctora MUY MUY MUY agradecida con todos sus videos, el tema de la faja me lo estaba preguntando, apenas tengo 12 semanas pero quiero estar muy preparada.",9
"Waaaao! Como siempre es un gran placer poder ver sus videos doctora. :) justamente me e estado preguntado sobre fajarme después del parto, pero usted ya me ayudo a mucho. Gracias",9
"[nombre], buenos días desde Turquía 🇹🇷. Nos podrías hablar de infección mamaria en en lactancia, creo que se llama mastitis. En cuanto a la faja muchas gracias por el video lo ví antes de tener el bebé y fue genial me ayudo mucho, no sentía tanto dolor con la faja me Sostenía y me podía levantar sin dolor.",9
"Doctora, Dios me la bendiga, usted estuvo en todo el proceso de mi embarazo, mi bebé nació hace 10 días por inducción de parto , un bebé sano y feliz, gracias por sus consejos y profesionalismo. Saludos desde Yopal, Casanare 💞😄",9
Pienso que puede ayudar a la quema de grasa localizada. Por el nuevo estudio que salió donde se confirma que es posible la quema de grasa locizada donde pone como uno de los factores el elevar la temperatura de la zona.,9
"Yo soy de cuerpo reloj de arena, pero tiendo a tener el abdomen hinchado, y se me ve como si tuviera embarazada, tengo ya 1 año así y nada, pero me dijeron que probará con estas fajas",9
"Pues depende yo por ejemplo cuando hago abdomen si me la quito, pero si sirve para hacer ejercicio como dice Ana porque aparte ayuda a hacer correcta las posturas",9
"A mi nunca me han gustado las fajas, no me siento en libertad, cuesta trabajo respirar profundamente al querer meter más aire a mis pulmones, pues no porque los órganos junto con las costillas están oprimidas. 
Lo que si me gusta mucho es hacer abdomen y así he logrado hacer una faja natural con los músculos del abdomen bajo, alto, laterales , oblicuos, y está más padre!!",9
Cómo haces para tener el cabello tan hermoso ?,9
Muchas gracias por el video me compré una faja x internet y me llegó muy grande gracias a usted la pude arreglar,9
Tenemos espías dentro de nuestros hogares,9
"Me encanta 😊 gracias x tu ayuda, linda!!!",9
Me quedo muy bien con lo que quería 👍,9
No entiendo como el mismo panty pero cortando las piernas sirve de faja? Sorry pero no lo veo,9
El problema que tengo que con cualquier ropa se marca los círculos  que trae la faja  en las pompas,8
Pongan una modelo más llenita🙄,8
"Me gustan fuull tus videos, me llenan de animo e inspiración",8
"Yo uso faja, pero no es de chaleco, y me causa estrés que me salga el gordito en la espalda 💔",8
Te recomiendo la marca Ann cherry,8
"Uso fajas todo el día para trabajar ,y trabajo 6 días ala semana",8
"[nombre] querida Sandy, yo no las uso pero me están coqueteando para que las pruebe. Besos 😘 😘",8
Hola soy Colombiana y he probado muchas marcas y la verda la mejor marca de fajas y que son muy popular son de la marca Salome ya que estilizan mucho la cintura y  realzan los glúteos  y no se notan con la ropa.,8
"[nombre] saludo, excelente  tema muy interesante porqué soy talla L jaja saludos al Mochi y a Aurorita, bendiciones",8
"Tal vez no era tu talla ,la elegíste muy chica.",8
X mas suegras así ❤️,8
"pídesela a Dios 🙏🏻😇 yo siempre ore para que Dios les diera a mis hijos la mejor esposa, va 1 casado de 4 y estoy feliz con ella y mi nieta que ya tiene 6 meses ❤️",8
Donde estaba usted para enero de 2019 🥺,8
Wooo muchas gracias doctora es usted una excelente profesional saluditos desde México,8
Hola doc ya de 39 semanas la sigo desde principios de m embarazo 😘😘😘,8
"GRACIAS DOCTORA, MAÑANA MISMO LE ENVIO A MI PAREJA A QIE COMPRE FAJA .

ORRIBLE ME ĐULE MI OMBLIGO COMO QUE ESTOY  GESTANDO OTRA VEZ,, ME HICIERON CESARÍA HACE 3 DÍAS 😢😢😢  AHORA NON AGUANTO EL DOLOR.....




GRACIAS DOCTORA POR SU CONSEJO.",8
Excelente  información  ya este es mi 3er embarazo  pero mis síntomas han sido totalmente diferente y tengo miedos dudas  parezco primeriza😁 y tengo nervios ya estoy en mi 7mo mes. Gracias  Dr. X sus consejos me han servido d mucho.  Saludos desde Texas usa,8
"Gracias doctora

Estoy programada mañana para la inducción de mi parto y esta información llego en el mejor momento",8
"Tendre a mi bebe en 4 dias y me.compre la.faja de 4 bandas ya que con mi
Primer hijo.tb use y me hizo super bien. Mi.cuerpo.volvio a la.normalidad mucho mas.rapido.",8
Yo la uso 8 asta 10 horas todo vien,8
"Yo la uso para hacer ejercicio,me pongo gel caliente  papel osmotico y luego la faja ,para salir me parece incómoda y siento que se nota muchísimo.",8
"Yo solo la uso para mi ejercicio,,y apenas ase 3 días me dijeron. Que si uso faja para  aser mi rutina que no dejo trabajar mis músculos y que eso no es bueno,pero gracias atu video seguiré usando la faja 2 oras diario solo para mis rutinas,,❤😘",8
Pienso que es bueno utilizar faja para hacer pesas y cardio,8
"[nombre] mi nombre  es [nombre] y ya comprè tiempo atras las prendas que estas mostrando ahora, tu tienes un cuerpo delgado y todo te queda bien y se te vè bien, pero. las gorditas como yo no sucede lo mismo ,en mi caso tengo mucha barriga y en el vientre tengo mucha piel colgada, yo compre los Leggings hasta arriba y todo se remanga para abajo y en la parte de la barriga paresco una Sandia, es cierto que sin la faja se ve tres o cuatros rollos por diferentes partes y cuando te pones la faja todo se comprime un uno y el resultado es una Sandia por delante, yo entiendo que eso es tù trabajo y que muchas pueden tener tù cuerpo y que quieren disimular pequeños gorditos, pero para las que tenemos mucha barriga y mucha piel colgada esto no Funciona por que no Comprime hacia adentro si no hacia afuera y eso hace parecer que tenemos una Sandia adelante.",8
Estamos iguales!!!,8
Hola que justo el video. Creo que le cosere el falso con un hilo elástico que existe es transparente. Saludos gracias saludos desde Alemania...,8
Lo voy a intentar gracias,8
No se termina de dañar la media cuando se corta?,8
Son medias de compresión? Cómo las que usan para la circulación?,8
Enseñar cómo se ve por favor gracias 🙂,8
"PERO NO LOS MODELASTE, 👎👎👎👎",8
"🐯GRATIS Descuento de 15% en 🇺🇸 Y 🇨🇦: 
UE🇪🇺-UK🇬🇧: 
MÉXICO🇲🇽: 
OTROS PAÍSES🌎:",7
"Se me hace el rollito justo abajo la panza y al sentarme se me va toda la guatita hacia adelante, es normal?",7
Que buenos tips gracias por que me hace mucha falta,7
"Yo tengo la que llega hasta media pierna y me siento como Thalía hasta ciertas horas... .Pero cuando el efecto invernadero está a todo dar,me ahogo.Oigame nooo. Cómo hago para dormir con ella puesta sin morir???😕",7
"[nombre], te ves regía, y gracias por compartir tus buenas experiencias para verse siempre bien, y cómo toda mujer vanidosa que deseamos estar bonitas, claro también alimentándonos sanamente.👍😘😘",7
"Gracias por compartir tu experiencia en fajas con  este video,buenísimo !!!!
Nos facilitas el no gastar en vano y comprar una buena faja",7
"Muy buen video yo las uso también compre la faja de yahaira Happy Butt N°7 Double Tummy Layer
Es buena empeze con esa ayer la q compraste en Walmart como se llama?",7
"Mil besitos Dani, desde Venezuela🇻🇪🇻🇪🇻🇪 Eres lo máximo 🥰🥰🥰🥰",7
Mis nalgas aplauden cuando camino pero jamás me pondría una cosa tal apretada como esas 😂,7
Quitaste la palabra de mi boca,7
Puedes usar talco y suben fácil o ponerte un licra muy fina y suben fácil,7
"Gracias, Aurora. Hoy en la misa pedí por la operación del Mochi. Todo va a salir muy bien. Mucho ánimo. 🌼🌼🌼🌼🌼",7
Muy buena suerte con la operacion del mochi todo va a salir bien y que DIOSITO los Bendiga 🙏🙏,7
Seré abuelita x primera vez. Y me interesa pues mi hija tendrá su bb,7
"Asuuuuuuu hace 2 meses fui cesáreada no uso faja con razón me duele el abdomen , yo esperando cumplir tres meses para usar faja uhmmm entonces de una vez usaré faja",7
"Muuuuuuchiiiiiiiiisiiiiiiimaaaasssss graaaaaaaciiiiaaaasss Dra.
Gracias por atender está petición, Dios le bendiga, es usted un excelente profecional de la salud😁",7
Es la primera vez que quedo satisfecha con un video la verdad quedo ya súper bien informada muchas gracias ♥️,7
"[nombre] ! Estoy en las20 semanas estoy aprendiendo con usted , me encanta sus explicaciones súper completa , que Dios la bendiga 😊",7
"La doctora es excelente,  muchas felicidades me encanta cada uno de sus videos",7
"Muchísimas gracias Dra. por despejar mis dudas, porque me decían que las que tenían cesárea no podían usar fajas de ningún tipo, saludos desde Bolivia.",7
"Muchas gracias Dra, justo un dia después de mi cesárea en el hospital me colocaron la faja, yo pensé que estaban mal en hacer eso, pero la verdad me sentí mucho mejor con la faja, pero usted acaba de aclarar todas mis dudas!! Gracias",7
"Muy linda Dra. Estoy muy agradecida con ella y todos sus vídeos, dia a luz mediante cesárea hace 15 días,  a los 5 me fajé y si da seguridad la faja,  solo me la quito para bañarme.
Sus videos me sirvieron desde el principio de mi embarazo y me siguen sirviendo, yo era para parto normal pero a última hora con 9 de dilatación me hicieron una cesárea de emergencian por macrosomía fetal, pero durante el proceso de las contracciones sus consejos de como manejar la respiración me sirvieron de mucho, manejé bien el trabajo de parto, pero al final fue cesárea, pero mi bebé y yo estamos bien, y agradecida por sus videos y consejos, fiel seguidora, y aunque me ligué las trompas de una vez, y no habrán mas embarazos seré su seguidora por siempre❤",7
Mi gine favorita!!!,7
"Yo la usé desde el primer día después de mi cesárea y fue maravilloso, la recuperación fue muy rápido y me aliviaba mucho  el dolor. Ahorita estoy en mi segundo embarazo serán gemelas 😍🥰 y pienso usarla igual desde el primer día... me encantan sus vídeos Dra. Bendiciones.",7
"Hace 40 días tuve m sesarea y terminando de hacerme la operación ya m estaban poniendo la faja sin preguntar, 😂pero la faja de verdad que m ha ayudado bastante yo también la recomiendo",7
Doctora podria hablar del sexo despues del parto?,7
Ayudame!! Necesito saber como reparar la parte de los broches se me despego,7
Cuánto tiempo se marca la cintura?,7
"Acá escuchando feliz de haberte encontrado antes de mi cirugía! Se siento muy bien, ya llevo 3 días de operada.  Estás hermosa 💞",7
[nombre] por compartir tú  experiencia!!!😊👍🏻👍🏻,7
"Hola! Te hago una pregunta: Me he comprado una y ya la estoy usando pero trabajo muchas horas sentada y me pregunto si surten el mismo efecto de reducir tallas si paso tantas horas sentada. Y por ahora la estoy usando 6 hs, es demasiado? Es contraproducente?",7
"Chicas nada que ver las fajas me refiero a las dos primeras que se muestran en el video,  lo mejor es trabajar tu zona abdominal desde los músculos más internos y aprender a tener una postura correcta eso te lo da la técnica de pilates, así conseguirás una zona core fuerte y moldeada! 😉",7
Me kgo en todo no entiendo como es que hay gente que dice  que les resulto cuando sudar no te hace bajar de peso lpm,7
si funcionan yo tengo y se me hizo una cintura pequeña ...pero claro usándola casi todos los días...,7
Es verdad. Todas las fajas quedan bien mientras estás de pie. Porque cuando te sientas se enrollan 😢,7
"Estas prendas son de gran ayuda querida Desireé en especial si tenemos que ir a algún evento elegante, gracias por tus consejos 😊",7
"Y cuáles son tus medidas?,yo no tengo cintura,y como soy de poca cadera parezco boiler, pero como me gusta dormir encuerada,me costaría mucho tener que dormir con faja, pero si veo con tus medidas el beneficio de usarla,en chinga me compro una",6
No encuentro en Amazon la tipo body la negra que se abrócha de abajo 😭 ..mire una que tiene broches y luego un cierre o es esa jeje,6
Hola! No está el link de la faja negra colombiana. 😊,6
"Amooo este video, yo también pienso que las mejores fajas son las colombianas y he estado loca por comprarme una faja, pero no lo había hecho, porque quería que fuera colombiana. Gracias por este video y por darnos los link 😍😍😍👏🏻👏🏻👏🏻👏🏻👏🏻",6
Todos los que venden faja recomiendan la talla adecuada nunca menos de su talla para no traer complicaciónes de salud por algo se deben ver las medidas,6
Las mejores son las colombianas en assoluto,6
Ese maquillaje esta padrísimo Yoshi siempre serás inspiración 😍,6
Aurora haz vídeos de outfits para eventos! Aunque aún no podemos salir.. 🤗,6
Los queremos Aurora!!! Amo tus videos!!!😍❤❤❤,6
Ya somos 2 ni hablar cuando vas a comer siento q voy a vomitar yo tambien ando d lonja libre jaja,6
Ay sra [nombre] que se preocupe por su nuera.. muy pocas suegras como usted felicidades,6
"Yo quisiera una suegra que se preocupe así por mi, 😅",6
La sensación que se siente más bien es de que los órganos estas guindando en desorden....,6
"Si, úsala.. yo no la use y nunca me recuperé del todo, además tuve diastasis abdominal.",6
"amiga no soy doctora pero te puedo decir que es un mito! No tiene ningún basamento médico ni nada parecido. Yo estoy en la 3era semana de mi postparto, duermo con mi esposo y ya no tengo casi panza (Gracias a Dios). Hay demasiados mitos al rededor del postparto, por eso lo ideal es investigar. Un abrazo!",6
"Gracias doctora de verdad es información muy útil, tenia esas preguntas ya que en octubre probablemente tenga a mi bebé ❤️",6
casi me desmayo al bañarme,6
"excelente vídeo. Con mi primer bebe jamas use faja después de la cesárea y mi experiencia fue mala, mucho dolor y mucha inseguridad al caminar. Estoy a dos meses de mi próxima cesárea y esta vez seguiré los consejos de la doctora. Gracias.",6
"Doctora excelente video, puede hablar sobre el ""parto de sangre"". Saludos.",6
"Gracias doctora, mi pregunta sería si puedo utilizar faja cuando me hago operar para no tener más hijos 🤔",6
"Excelente, mi ginecóloga me la puso al día siguiente de la cesárea en la clínica, usé una faja post-parto fue una de 4 paneles. Muy buena.",6
Yo empecé a utilizarla a los 10 días una vez que me retiraron los puntos ☺️,6
Menos k corri el video pensé que iva ha mostrar un antes y un despues y tuve que subir todo el volumen porque apenas se te oye perdida de tiempo,6
"Yo soy [nombre] de dorso y entonces la mía me queda muy larga, ¿ qué puedo hacer?  ¿ la puedo arreglar? Gracias.",6
Cuanto media tu cintura antes de usar la faja,6
Y con mi faja xs siendo m jajaja 😀😂,6
"A mi si me funciono usar mi faja queme mucha grasa abdominal y se me moldeó mi cintura y aparte mejore me postura y la verdad si baje de peso ,yo la uso durante 4hrs diarias en lo que realizo mis quehaceres del hogar a mi si me funciono y claro si también deje de comer comida chatarra como de todo pero en menos cantidad, yo si la recomiendo sinceramente quien te diga que no sirven es porque te quieren desmotivar y que sigas gorda, no hagas caso de comentarios negativos siempre hay productos que te ayudan a cumplir tus metas como en este caso moldear tu cuerpo y bajar de peso,si me funciono y las recomiendo ampliamente, gracias.",6
"Wow anitta! Que informativo y bonito video , oye anitta tengo una duda tienes un cuerpon jajajaja cuales son tus medidas?",6
No mms me desespero que dijera tantas veces gymtusiastas😫😖😬,6
"Faja para dormir? Se supone que para eso haces ejercicio no? 
No tiene sentido. 🤔",6
"Me gustan mucho estos temas.siempre había escuchado q las fajas se compran una o dos tallas menos a la usual.hoy aprendí q debe ser la q se usa,con razón uno podía ni respirar 😢😂.❤🎉",6
"Que buena idea mi querida Wendolyn, siempre bella y creativa",6
Como si te vigilarán,6
Mil gracias por tu consejo. Me ha venido como anillo al dedo. Se puede usar cada día incluso con pantalones? Muchas gracias!❤,6
Claro ella es flaca le dará súper bien,5
Para después de tener a mi  bb cual me recomiendas,5
"[nombre],por favor me puedes dar el modelo de la faja Colombiana o si tiene algún nombre o número [dato quitado] particular? Por qué la busqué, pero no la encontré!",5
Buenas tardes no aparece el link de las fajas,5
Yo desde niña eh usado fajas y las colombianas me fascinan 😍,5
"Pero que bueno las fajas para las personas que la necesitan eso les levanta el autoestima, bendiciones señora [nombre] 🙏",5
Estaremos esperando el próximo video de la faja. Me encantó que nos brindes esos tips para vernos mejor. Saludos desde Ecuador.,5
Savvy me encantó el video cómprala pronto para que nos pases la información 👍😉,5
Me encanto el video yo uso las camisetias de wolmart pero me motivas a segir usando gracias Bendiciones,5
Muy buen video!!! Gracias por compartirnos tu secretos para verte con tan hermoso cuerpazo !!!! Yo tengo una faja es debajo del busto y arriba de la rodilla como shorts pues pero largo y me encanta!! Guarda todo lo que tengo que esconder 😁 y me estoy animando para algunas de esas que me gustaron. Chaow y saluditos preciosa!!!! 😘👋🏻👋🏻👋🏻,5
Cuando estuve en USA había una señora [nombre] unas pantiblusas tipo fajas fantásticas!! Eran traídas de Colombia que lastima que acá en México no las venden 😥,5
"Yo hace tiempo usaba fajaa para disimular los gorditos la panza 
Pero som incomodas
Asi que deje de usarlas me puse a entrenar hacer dieta y ahora no las Nesesito",5
"Hace un año Dany hizo un video como este y me impresiona lo que le creció el cabello, gracias al cuidado y a las vitaminas que toma para ello. WOW!",5
Haz el review de las de Kim K porfaaaaaaa,5
"Si eres graciosa, "" si no te llega oxigeno al cerebro"" ja ja!",5
"No hay nada a $50, dólares; oscilan entre $90 y $150 ó $180",5
[nombre] 🇦🇲😘 gracias Yoshi por la información 👌👍,5
"Se pone al revés al comienzo...
En mi caso compre una talla más grande y así no sufro colocandomela...",5
Están baratísima q marca es?,5
como lo consigo soy de Paraguay quiero la faja😍😍,5
"Lo mejor que me pasó fue encontrar este canal 👏👏👏👌

Excelente información",5
"😍Gracias, estoy apunto de tener a mi bb, y tenia algunas dudas con respecto al tema. Gracias Doctora por subir su video me ayudó mucho.",5
"Muchas gracias Doc , eres la mejor 💛, gracias por pensar en todas",5
Gracias doc! Muy buena informacion. Saludos desde Argentina!,5
"Muchas gracias por toda la información tan amplia, veo sus videos desde que supe que estaba embarazada cada semana, y cualquier duda que tengo me la a resuelto con sus videos! Justo tenía dudas sobre el uso de la faja postparto, gracias por sus videos, desde México! 😊🤗",5
"Buenas tardes Doctora.
Gracias por sus consejos. Mi niña nació el 10 de agosto y estoy muy pendiente te sus videos para aclarar todas mis dudas. Me gustaría que nos ayudara con un video acerca que clase de ejercicios fisicos o movimientos podemos hacer despues de una cesaria. 
Gracias.",5
"Excelente explicación Dra. En mi caso tuve una miomectomía laparatomía. Abrieron un ovario no el utero. Para volver a los ejercicios de alto impacto y peso, debo esperar más de 3 meses? Mil gracias.",5
"Hola doctora 😊 ya nació mi bebé gracias por acompañarnos en todo el proceso, desde el segundo día de mi cesaría empecé a utilizar ropa interior con faja de compresión abdominal y me he sentido mucho mejor me ayudó a sentir menos presión de los órganos y sensación de vacio entonces yo lo recomiendo :)",5
Y si se hace una histerectomía se puede usar faja?,5
"lo q pasa que esta es faja pero cinturon a la vez, te ayuda aq no te lastimes cuando haces sentadillas con peso,  es para que tu espalda no sienta tanto el peso y despues no tengas dolores, yo la uso, y es muy buena siempre con ejercicio moldearas tu cintura.  pero si no la quieres para moldear,  usala para amortiguar lesiones en tu espalda.",5
"Me encanta , pregunta : ¿te echas alguna crema reductora ? Si es así , ¿qué crema usas o recomiendas ? Estaré muy agradecida con tu respuesta por favor.",5
"Ay como me gusta escuchar tus historias…. Gracias por compartir, yo me operé hace 28 días y también estoy sufriendo con la faja😮",5
"Por fin encontré quién explica muy bien todo este tema, me operé hace 4 meses de Abdominoplastia, lipotransferencia ha sido algo complicado, pero el resultado Wow! Impactante, tuve un embarazo múltiple (cuatrillizas) por más ejercicio que siempre he hecho pues el exceso de piel jamás se iba, y bueno tomé la decisión de hacerme esta operación y sí he sufrido con el tema de las fajas. Mencionas que usas tu aparato nuskin y radiofrecuencia, podrías decirme o enseñar esos aparatos, o dónde los conseguiste, me interesa mucho, de antemano te agradezco mucho tu atención.
Saludos 😊",5
[nombre] Oh ok 🌝gracias,5
Hola oye me podrian recomendar que faja usan espero y contesten gracias.,5
"Anita estoy enamorado de tu sonrisa, bueno de toda tu persona 😍🥰😘",5
"Hola hermosa excelente idea, gracias por compartir. 😘🤗",5
La primera  que usan de cremallera no lastima la parte íntima?,5
"Muy buena Explicación, entre a YouTube buscando una solución a mi problema y me salió su trabajo, Muchas Gracias continué haciendo sus videos muy Buenosss,Graciassss.
Bendiciones con su trabajo ♥️♥️♥️♥️♥️🫶🫶🫶🫶🫶⭐️⭐️⭐️⭐️⭐️",5
gracias por la enceñansa desde Palmira valle Colombia,5
Es una cinta adhesiva hipoalergénica es una gran idea...la venden en farmacias.,5
"Que buen tío, gracias hermosa, saludos 🙋🏻‍♀️😊",5
Gracias por el video ♡,5
Tengo el mismo collar XD,5
Pero que hizo? No se vio nada cualquiera se lo pone para ver cómo le quedaba,5
"Me acabo de comprar una, no de esta marca pero hasta chistosa me veo😂 cual levanta glúteos si no tengo no levanta nada😅",4
Cómo hacer cuando la faja en el lado del busto se enrolle y la cremallera talle,4
te adorooooo y te admiro muchísimo!!! besos y existos desde Argentina,4
"Me encantan tus videos. Luces genial, muy simpática, sencilla y elegante. Me gustan tus consejos, dignos de seguir.",4
"Wr Es muy simpática  y muy bonita!
Felicidades, me gusta tu forma de ser , muy fiable.",4
Adoro tus vídeos 🌈💕✨ eres muy agradable y amena justo ando usando fajas para mi cintura apenas llevo 1 semana y ya puedo notar diferencia en las medidas !,4
"hola me llamo [nombre] peru
y que lindo tu canal, aparte de lo hermosa que eres paola , gracias por los tips sobre las fajas , eres UNA REINA  ANGELICAL , Y  me has ayudado muchisimo sobre eso,  gracias nuevamente ,y porfis sigue publicando mas videos de tips de belleza hermosa, saludos de peru",4
"Yo quisiera saber , cuál  de los links es la faja negra ? Porqué ví todos los links y ninguna es",4
[nombre] por ser real y hablar muy bien de las cosas,4
"Muchas gracias Sandy, pues hay que empezar a usar 😊 excelente video 😉",4
"Muchas gracias por tus consejos, voy a tratar de conseguirlas, me interesan muchisimo porque yo uso las que tienen las barillas y son muy incomodas, no sabia que habia tanta variedad, besitos reina",4
Yesssss muchas gracias Sandy por el vido.,4
Gracias por compartir las diferentes fajas son   buenas   porque  te ayudan mucho en la postura y te ayudan  cuando eres operado de  hernia a mi el médico me la recomendó Sandy Dios te bendiga hasta el próximo vlog 🌻🌻🌻,4
"Muchas gracias por compartir tan buena información .💟
Aquí en Uruguay no hay tanta variedad ( ni talles) y menos para gorditas ( como yo ).
Ahora que se puede traer del exterior con facilidad 🌟... Y con los datos que nos has aportado 
Seguro comprare una con las mejores características !!!! 💖😘",4
Qué buena información!! Gracias Sandy realmente interesante!! No las he usado aún. 🙋‍♀️🤗,4
[nombre]. Me han hablado de las fajas colombianas que son muy buenas. Yo quiero una porque tengo un poco de pancita. Gracias por el video. Me encantó.,4
[nombre]! Gracias por compartir!! La faja de noche la podré conseguir por internet? Te felicito por tus vídeos! Dios te bendiga!,4
Muchas gracias señora [nombre] bonitas todas sus fajas muy cómodas,4
"Sandy gracias por toda esa información, estaba ansiosa esperando este video. Sandy yo soy [nombre] tuya, de Cali Colombia que marca me recomiendas de las fajas 😘",4
Voy a pasar todo el fin de semana poniendome al día con todos los videos que me hacen falta verrrr chama ❤️❤️❤️,4
"Cuatrinalga otra palabra mas que agregar a mi diccionario jajajajaajaj, eres lo máximo DANYYY !",4
"Mientras más largos los vídeos mejor! Me encanta escuchar a Dani, no me aburro para nada! Más bien ando modo viendo sus vídeos todo el día",4
Ay no Yoshi en ésta me disculpas pero ni loca sufro tanto por tener un cuerpo de faja. Que las uñas que las ampollas OMG! La belleza duele pero no para tanto. Prefiero ser yo misma y amarme así. Besotes desde Argentina!!! 🇦🇷🇦🇷🇦🇷🇦🇷❤😍,4
Hola chicas leei todos sus comentarios y yo tengo una amiga que es colombiana y las fajas que ella vende si son doble tela y no se  transparenta la piel ella las trae de colombia son marca salome y valen 90 dólares si alguien esta interesado,4
No tiene nada que ver por muy pequeñas las fajas colombianas no transparentan   Y duran demasiado,4
Pídele una talla más no es sano estar tan apretado !!! Y si te hace buena forma pero yo paso! Saludos,4
[nombre] siempre veo sus vídeos!! Pero este es mi primer comentario tengo tiempo viéndolos y me gustan mucho. Tiene una linda familia gracias por compartir Saludos para Aurorita y para su esposo Díos les bendiga💞,4
"Gracias por tus recomendaciones, yo tengo de la marca leonisa y igual salen muy buenas, saludos a tu hermosa familia 😘",4
Te recomiendo la marca m&d son súper cómodas,4
"Esta mujer definitivamente si pasó por cesarea, si sabe cómo se siente. ❤❤❤ yo llevo 3 días u me voy a fajar definitivamente me distes el ánimo",4
"Muchas gracias por sus videos doctora, son de gran ayuda para nosotras y más en esta Pandemia en la que estamos aisladas.",4
"Doctora o alguien más, alguien me podría decir si es malo dormir con tu pareja o sea dormir en la misma cama después del parto o cesarea? O sea durante la cuarentena, eso me dijeron mi suegra y mi cuñada pero yo no le encuentro mucho sentido que el dormir con el provoque que me quede inflamada o cosas asi pero igual me quede con un poquitito de duda, espero alguien me pueda responder a esta duda, gracias.",4
"Muchas gracias Doctora hermosa !!
Súper valiosa la información 🥰😘",4
Es el vídeo que esperaba ...gracias doctora ...,4
"Me encantan tus videos, me ayudaron bastante en mi embarazo ♥",4
"A mi me salvo ufff mucho la faja post cesárea, además mi hijo quedó hospitalizado y para viajar a verlo me daba un dolor por los saltos del vehículos otras veces tenia que viajar en autobús, pero después que probé la faja una maravilla pude moverme super bien y aguantar todo el día todos los días que me toco visitarlo.
Ahora voy por el segundo y ya tengo mi faja",4
Nos puede hablar acerca de los baños de asiento. Muchas gracias por la info. Tengo 35 semanas y tengo muchas dudas.,4
"[nombre]!!! La he seguido todo el embarazo me encantan sus videos!!
Ya estamos de 35 semanas! 
Faltando poquito!
Saludos de Argentina!!!!
🖐️🖐️🤗🤗🤗🤗🌟🌟🌟🌟💕💕",4
Dra. gracias por sus recomendaciones y saludos desde México. 🙂🇲🇽,4
"Sii!😭 Uno siente que todo está vacío y encima el dolor de la cicatriz, ay no",4
Maria guadalupe Guzman eso sería el contra que te. Sientes tan segura y no te cuides lo suficiente.,4
"Excelente dra, muchas gracias!",4
"Excelente explicación!! Tuve cesaría hace una semana, me coloque la faja el quinto día y me picaba me Ardía con la faja 4 bandas, yo también pensaba que había que apretarlo mucho, ahora a la semana lo use un rato y gracias voy a soltarla y no apretarlo mucho si no andar cómodo y lo use un par de horas",4
En Estados Unidos la faja del hospital es maravillosa,4
"Buenas noches Dra, cuáles son los beneficios de la estimulación prenatal y que ejercicios se pueden realizar en la estimulación?",4
Hola yo llevo hoy 3 meces d mi cesaría mi Ginecologa no me dejó en los primeros meces ponerme faja yo engorde d una manera q después en casa drene grasa me asuste demasiado pero gracias a dios todo bien 👍 ahora quiero comenzar con una faja suave y it incorporando mis ejercicios poco a poco lo q no se si podré acéralo con vendas elásticas,4
Yo tuve dos cesáreas y Antes de salir de sala de cirugía mi Doc me la puso y le agradezco tanto porque mi recuperación fue excelente nunca sentí dolor. Use esas misma de paneles con Velcro sin apretar mucho solo sostener el vientre.,4
"[nombre]...

Gracias por resolver mis dudas en todo mi embarazo.... 
Mi bebé nació bien ya tiene dos meses...

Pero tengo una duda 
Sigo sangrando aveces el sangrado se retira y después vuelve...

Eso es normal?",4
dra es bueno usar faja después de una histerectomía total de corte transversal?,4
"Yo use faja durante el primer mes post parto, pero por el contrario a mi me producía dolor estar mucho tiempo apretada y llegaba a sentir punzadas o dolor en la zona de la cirugía. Deje de usarlas y me sentía mucho más cómoda, pero cada cuerpo es diferente. Gracias por la información",4
SUDAR NO QUEMA GRASA !,4
"Gracias por ablar con la verdad, yo siempre pense que esas fajas son para Gente floja que no quieren esforsarse en nada.🙌",4
Espero alguien me puede decir xq se rompen los fierritos o las varillas,4
[nombre] faja es mejor la de neopreno o latex?,4
Como se hace para que no se hagan los rollos en la espalda al ponérmela?☹️,4
"Donde conseguiste tus fajas, alguna pagina o marca que me recomiendes",4
"Llevo dos dias viendo tus videos sin parar, estoy a un mes exactamente de mi mommy makeover y aunque hace 10 años me hice una lipo me siento primipara en el tema! Ame tus videossssssss",4
"Hola nueva subscritora. Apenas tengo tengo 28 días de mi cirugía tummy tuck y lipo de espalda, me es de mucha ayuda tu video muchas gracias 🥰🤗",4
"Hola, qué bueno que te encontré, me operé hace 2 meses de Abdominoplastia y lipotransferencia y el tema de laa fajaa siii es complicado 😒.
Mi duda es: la faja ""correcta"" debe de molestarte e incomodarte? Porque son muy pero muy incómodas.
Todas las marcas de fajas tienen una tabla de medidas y de acuerdo a ella es la talla de faja, eso es cierto o debes comprarte una talla más chica?
De antemano te agradezco tus atenciones a mis dudas y gracias por hacer estos videos.
Saludos",4
Lupita yo compré la de neopreno y esa funciona de diez,4
"Si aló mejor es mito pero si tiene logica que si no la usas tu haces mas fuerza con el abdomen  mietras traes la faja ella hace la fuerza por ti, si meguta usar fajar 💃🤗🤗",4
Me gustó voy a comprar una a ver a tal a ver si la aguanto hojala y no me falte el oxígeno grasias ana,4
Yo La uso nomas cuando hago ejercicio gracias Anita,4
Tendré que comprar la mi hermosa Gracias Bella 😘😘,4
Oi Querida Ana Amo seus vídeos 👏👏👏 vc é simplismente maravilhosa 💝🌺🌷🌸,4
Yo trato de aser ejercicio con la faja pero ciento q no puedo respirar bien i para dormir igual,4
Una persona q se dedica al fitness no te puede recomendar fajas más que para hacer ejercicio duro ya que si no te salen hernias.,4
"Sin ánimo de ofender pero.. Mucha faja, mucho bajar centímetros pero yo no veo un abdomen tonificado, más bien veo la piel flácida.... Los médicos solamente las recomiendan después de Operaciones y para cargar peso, es más ni después de los partos es recomendable, el cuerpo humano tiene de por si una faja natural ahí dentro que soy [nombre] falta tonificar con ejercicios tanto de fuerza como de kgel, si lo acostumbras a las fajas jamás  desarrollarás lo que te e dicho por dentro amiga, es un consejo, cada uno quw haga lo que quiera, pero yo no soy [nombre] solamente usarla cuando e dicho porque para sudar como tu dices es una tontería porque lo que estás perdiendo es líquido y nada más que vuelvas a hidratarte volverás a recuperarlo",4
"yo la uso para hacer cardio con una,escaladora elíptica y sudas mucho",4
"Yo pasé tres cirugías de hernia en el ombligo, horrible! Pero aunque no me ilusionaba usar fajas por el dolor, la verdad he visto una diferencia, si ayudan si eliges la adecuada ❤",4
"Me encantan tus vídeos , aprendo mucho contigo y eres muy bella gracias",4
Eso depende de tu cuerpo,4
"El problema es que con este CALOR QUIEN LAS RECISTE,por más que digan que son fresquitas.",4
Tengo una de esas pero siento que no puedo respirar y es algo que me pasa con todas las fajar compré una en SheIn y solo la he usado una vez😢 no se que haga nunca puedo aguantarlas 😂😂😂,4
Me encanta tus videos 🤩 y mas los truquitos 😊,4
Muy bonita esa faja q estas mostrando como hago psra comprar una. Vivo en miami,4
"Buenas, si yo compro una faja que es de broches en talla  L, cuanto podría reducir de talla?
Un saludo",4
"Pero no sirve Para ir al baño y hacer del 2 
Porq no hablan cuando hacen popo",4
eso me pasa a mí  ni en el último ya me aprieta e bajado 23 kilos y este video me ayudará arreglarla 😊 me sirve por qué hasta el área del glúteo e adelgazado,4
Q idea tan genial gracias reina,4
Lo venden en todos los lugares que venden carretes de hilos y todo lo que debe usar la costurera con un saludo de Santiago de Chile y espero atentamente su respuesta gracias,4
Para que no se enrolle intenta ponerle spray de cabello,4
Puedes colocarle en las piernas un poco de Silicon frío para que no se suba al caminar,4
"en lugar de pantimedias no es mejor usar una bombacha, asi no hay borde que se enrollen",4
Como se debe colocar las medias en la cintura?,4
Con elástico siliconado,4
"en la respuesta le recomiendan un video el cual muestra una modelo natural y con rollitos como lo pide, se aprecia el cambio y que sí funciona la faja",3
"porque las fajas las puede llevar quien le de la real gana... Muchas veces no es ni para parecer más delgada, simplemente es para que un vestido no se te pegue demasiado a la piel",3
😂😂😂 y sin nalgas  de plástico.,3
Hola yo ahora me coloque una faja de reloj se arena pero se me dobla en la parte de atrás y me duele,3
"Esa debe ser recontra incómoda, ya que necesitás mucho tiempo para ponértela y sacártela.. ni me imagino ir al baño durante el día.. y los breteles.. tenés q ponerte la faja bien xq sino van a terminar tirando hacia abajo y molestaría mucho....",3
A mi todas las fajas me molestan en la parte de arriba ósea en las costillas me aprietan creo que están mas grandes de el torso la unica solución que les veo es llevarlas a cortar a mi medida pero acá en USA 🇺🇸 no se a donde ir y creo me saldría más caro que comprar una pero todas me quedan grandes de ahí,3
"Yo tengo una faja y me lastiman los tirantes, ya me hicieron marcas negras, porque fue?",3
"Hola!! Me podrías decir que marca es esa faja? Muchas gracias, bendiciones 🙏",3
"Saludos, gracias por escribirnos. Sí se puede, pero no es 100% recomendable. Porque sería incómodo descansar bien y recuerda que tu piel necesita respirar para llevar a cabo su proceso de regeneración celular [dato quitado] Además, afecta la baja circulación, por lo que podría presentar algunos trastornos circulatorios con el tiempo. Si quieres dormir con faja debe ser una especial para descansar con el mínimo nivel de compresión, además recuerda consultar primero con tu médico. Feliz día 🌹",3
No me quedo claro si es recomendable usar talla menos de lo que uso en ropa normal,3
La fajas cambiabas son súper apretadas e incómodas,3
Ósea que así soy talla M debo comprar una talla S,3
"Me gusto el video,nunca he usado faja y creo que  me hace falta",3
"Me encantan tus videos, gracias por tu tiempo y conocimiento 😁❤",3
Gracias!!! Justo llevo unas semanas buscando fajas. 💜,3
Gracias por tus Tips! Eres la ChikyMami Más Hermosa! Tkm!! Saludos de Guadalajara!..,3
Que tipo de faja usaba para dormir??,3
"Gaby iluminanos, cual es la faja que usas para dormir? Pls",3
Cuales son esas fajas? Yo tbn vivo en argentina😉,3
Yo uso una faja como la de color beige. En la entrepierna tiene una abertura bastante amplia para poder hacer mis necesidades. Es de la marca Frederick.,3
Hermosa para dormir son diferentes y  más cómodas te dejo los links,3
Jajajajajaja me encanta tú actitud me motiva ♡,3
"Me interesa mucho la faja colombiana . pero my pau no la vi en la cajita de comentarios serias tan linda de poder proporcionarme los datos. , gracias",3
Wooww que cinturita 😍,3
"[nombre]
Muchas gracias por los tips!
Yo también uso fajas,  si te cuesta un poco al principio ya te acostumbras y si no te las pones de sientes muy flojas!
Si he escuchado que las colombianas son muy buenas, no he tenido oportunidad de comprarlas , pero voy a tratar y te cuento!
Saludos y bendiciones desde México!",3
"Yo utilizo una faja que es es de medio cuerpo y me a servido a la postura, aparte de moldear el cuerpo luces más estilizada. Saludos 😘🌹",3
Estas no se marca por que se te pega a l piel tiene una en el borde cono una goma por adentro y se te marca cuando usas una talla más pequeña de la que necesitas,3
Eres una bella persona por contarnos sobre las fajas que tu usas y que explicacion muy bien detallada de cada una de las fajas miles bendiciones para ti y toditita tu familia te veo desde Ecuador,3
"Hola sandy hermosa! Muchisimas gracias por aser este vídeo, yo lo estaba esperando mucho! Me encanto la faja para shorts  y si las fajas colombianas son muy buenas. Gracias,gracias por toda esa información, saludos hermosa! ❤️❤️❤️😘😘",3
A mi me encantan las fajas shorts  tengo dos ahora me voy a comprar una cinturilla  y una entera. Yo antes usaba muchas faja u es cierto que moldea bastante la figura y uno tiene mejor postura pero no se porque deje de usarlas ahora quiero volver a empezar ..,3
Justo hoy me puse una colombiana se siente con alta compresión pero mi vergüenza fue porque hoy me tomo de la cintura el chavo que me gusta y a de ver sentido la faja 🙈😜,3
"Me ha encantado el video y tú,  tan natural y cercana. Yo también soy muy fan de las fajas y tengo varias. Gracias por compartir 😍",3
A mi me encantan las fajas me la pongo y me siento Divina!!!!$,3
Totalmente de acuerdo las mejores fajas son las colombianas. Saludos desde Manizales - Colombia,3
"ESPECTACULAR!! LOS PRODUCTOS  COLOMBIANOS .... BUENISIMOS., GRACIAS  SANDY..",3
Buenas tardes savvy que buen video ami también me gusta mucho usar fajas hay otra también de mangas hasta los codos para las que somos gorditas de brazos saludes y bendiciones desde bogota Colombia 😊😊,3
Me encantó todo gracias por la informacion super importante gracias gracias un beso,3
"Me has dado una clase magistral en fajas,no uso,pero supieras que gracias a ti,empezaré ,gracias por tus buenos consejos,saludos y mil gracias.",3
"definitivamente las fajas colombianas son las mejores, yo uso la salome, son EXCELENTES, comodas y te hacen una figura espectacular, cuerpo de guitarra y levanta la cola y la redondea, uff.. son hermosas, las mejores de todas.",3
"Gracias amiga por compartir tu experiencia, un vestido luce mejor con su fajita, muy buenos tips, cariñitos.",3
Hola sandy bendiciones para tu familia soy de colombia pero ya vi el catalogo de. MC Maria castellanos y no veo por ningun lado una que sea igualita a la tuya porfa cual es la que. Llega por debajo del busto y es shor ayudame una abrazo mil gracias que referencia es,3
"Gracias hermosa, eres muy linda y curpazo tienes, saludos desde Veracruz México ✨ 🌤️ 💗",3
"Donde las puedo conseguir
O algunas similares a esas
Q puedas recomendar
Saludos sra. [nombre]",3
"Yo no puedo con las fajas hace tiempo use y la verdad sufria de los riñones la sintura me dolía, incluso la sirculacion de la sangre en las piernas me afectaba Y pues a la ves tiene lógica si uno se apreta como sircula la sangre  médicamente yo escuchado que no es bueno estar apretadas no se pero nunca me acostumbré",3
"Me encantan estos videos !! Felicidades 🎉 daniela, no dejes de hacerlos. He usado cosas que has recomendado y me ha ido bien.",3
Necesitaba este vídeo!!! Haz el otro vídeo con las fajas que quedan!!! ❤️😍,3
"Dany... nunca he utilizado faja, pero el vídeo me ayudó para aprender y probable en la próxima si lo haré!!... besitos !!! 🇲🇽",3
me podrías dar el nombre de la de Walmart?,3
"ay ahora mismo ya perdió el nombre de la etiqueta por los lavados bendito discúlpame. Pero es una tipo boxes q llega hasta debajo del sostén hasta los muslos totalmente elástica y crea mayor compresión en abdomen, caderas , cintura y muslos y esa si reduce medidas y sale buenísima porq llevo ya casi 4 años con ella y una vez la metes a la lavadora, ella vuelve a enojarse y no pierde su elasticidad.",3
En Colombia venden una de la marca M y D que es buenísima yo la tengo y me encanta. Bendiciones.,3
Ese vestido mamel te queda espectacular 😍,3
Solbeatyandcare 👌👌,3
"Yo compré en una tienda online española  y habían 2 marcas de las fajas colombianas que para mi son mis preferidas entre todas las fajas que he comprado, por su calidad y efecto. 

Se puede encontrar estas fajas internacionalmente.
Salomé y Pitbull (fajas Colombianas)",3
19 minutos y no dice cuál es la mejor del mundo cuál es 🤷‍♀️ casi todas están mal me estoy a 🙄,3
"Me gusta Daniela pero muy largos los videos duran una eternidad y llegan a aburrir , es mi opinión sin ofender , y habla sin parar , me pierdo , no los llego a ver completos . ☹️",3
"Tu maquillaje es flawless, inmaculado y tu review excelente.  Me subscribo, quiero ver más!",3
"Soy [nombre] y es verdad las fajas nuestras no se ven transparentesy tienen refuerzo de powernet por fuera y por dentro son de algodin, las costuras son muy delicadas y ni se notan con la ropa y vienen de diferentes largos",3
"Hola!!
M puedes compartir cómo es q bajaste tanto?",3
Yo vendo de esas y hago envios dentro de Usa 🇺🇸🙈,3
"yoshi hermosa se te ve de muerte, perooooo yo soy colombiana y uso fajas colombianas desde hace 6 años y sería bueno que pusieras el nombre de la marca, porque las fajas colombianas no transparentan y la mejor marca es la de fajas Salomé y cualquier colombiana del grupo que use fajas de calidad te lo puede decir, sin embargo me encanta tu espontaneidad y sobre todo tú sinceridad eso hace que uno o compré o no los productos. eres mi inspiración para bajar de peso necesito bajar 15 kg urgenteeeeemeeennteeeee, un besote mi reina linda y saludós desde España 💋 te veo siempre dtb.",3
[nombre] hola yo estoy interesada tengo una semana tratando de escoger la mejor faja me an dicho de unas cuantas marcas una es SALOME  otra ANN CHERY y la otra D’PRADA le pudieras preguntar a tu amiga colombiana que cuál es la mejor de esas 3 que te mencione porfavor si me ases el favor y me dices aver que dijo tu amiga porfavor y gracias 😊 también le pudieras decir que el estilo que busco es que me aplane los rollitos de atrás de la espalda y busco una faja corta ósea de choro corto no largo espero y me entiendas lo que quiero explicarte jijiji oooh y otra cosita chula también le pudieras preguntar si me recomiendas una de broche con cierre los 2 en uno o si recomienda mas la de solo broches cual cree ella que me aplane mas mi vientre,3
erika Ortega yo pense que alomejor transparentaba porque esta muy chica la faja para ella y por eso se estira mucho y que dise que le costo mucho trabajo ponersela.,3
Para mi la mejor marca de fajas colombianas es la ann Michel,3
No lo qué pasa que así es ☺️ creo que en general todas las fajas son difíciles de poner,3
erika Ortega donde podemos encontrar las originales si puedes decirme por favor 🙏,3
Eso no te sirve nada tenés que usarla ajustada sí o sí si no no tiene gracia,3
Estan en 119 no en 50 como tu duces,3
GRACIAS POR  LA RECOMENDACIÓN MI NIÑA! SALUDOS Y BENDICIONES!,3
Hola aurora mil gracias x tus bellos consejos y compartir tus secretos te vez súper hermosa con faja y sin faja 🥰🥰🥰🥰💃,3
"Jamás hubiera imaginado que usas faja, te quedan sensacionales, te hacen muy bonita figura, el vestido verde de lentejuela me encantó. Yo usé una faja como la última después de tener a mi bebé. Ojalá que todo salga bien con el Mochi, saludos y bonita tarde! ☺️☺️😉",3
Woow 😍😏 es hermosa me fascinó la hecha en Colombia!! Estoy en edo.de Guanajuato México! Te ves sensacional felicidades Dios te bendiga!,3
Bendición mi niña yo soy colombiana y esas fajas son buenísimas 🙏😘😘😘,3
"Saludos #AuroraElizondo 💕, un saludos y gracias por este vídeo, deseo todo salga bien con el Mochi!! 🙌🙏",3
"No manches aurora 600 mil 😱 en que momento, me da muchísimo gusto, y vamos por el millón y luego por los 10 millones enserio te lo mereces 😘",3
Ann cherry son buenisimas 👌,3
"hola yo tambien uso fajas me gustan cuando uso vestido, por que nos ablas de como te cuidas  para ya no suvir de peso",3
Yo tengo la de Ann Cherry ( entrenadora de cintura ). Ya llevo con ella como 10 años y está como nueva. Eso si hay que seguir las instrucciones de cuidado para que te duren,3
ya mi nena tiene 1 añito y casi un mes muchas gracias por todos tus consejos nos han ayudado mucho a todos 💋,3
Yo aquí para ayudar a mi hermana  que es primeriza,3
me alegra saber que ya estás mejor y que solo sea una experiencia más de lo valiente que fuiste,3
"Hace 5 años me ayudó mucho con mi embarazo a tranquilizarme y sacarme absolutamente de toda duda que tenía, y ahorita en mi embarazo actual de igual manera me está ayudando mucho, explica súper bien 🙏🏼",3
en si no pasa nada que duermas con tu pareja tal vez a lo que se refieren es que no debes tener relaciones sexuales por motivo de que se supone que es asta los 40 días pues podrías lastimarte te mando un saludo,3
"Muchas gracias Dra., La información que proporciona en todos sus videos es muy completa y variada. Felicitaciones por su labor.",3
"Que grande doctora!!! La amo... Gracias por sus amorosos consejos. 
Me sirve de mucha ya que voy a cesárea.. Besos enormes e infinitas bendiciones!!!! Desde 🇦🇷",3
"La Dra me dijo que hasta que me quitaran los hilos. Y los primeros días toser, reírme, subirme al carro era el infierno.... 😭😭 al final no la compré porqué ya no tengo molestias.",3
"Vi muchísimos videos que me brindaron seguridad y aclararon muchas situaciones durante mi embarazo.. . No me sentí acompañada como me hubiese gustado por mi ginecólogo.. el embarazo termino en cesárea de urgencia con  mi beba muuy prematura.. y hoy por hoy estamos ambas muy bien y sigo viendo sus  videos para actualizarme, informarme y hasta me sube el ánimo cuando da tranquilidad ante adversidades antes durante y después del embarazo. .gracias.. 
Gracias .. Gracias...desde Uruguay 🇺🇾",3
"[nombre]! Te mando un saludo inmenso desde Argentina,  todo mi proceso de embarazo te he seguido y ahora que ya tuve nena también te sigo, tus videos full genial 😁 yo te quiero consultar, yo tengo 3 miomas  de 6-8-11 CM, siento que me arde no se si es la piel o por dentro aún así puedo usar la faja ?",3
"Gracias por sus consejos. 
Esperando lea mi mensaje, le envío un saludo. Yo quisiera hacerle una consulta, ya estoy casi en el tercer mes de postcesarea pero me sigo viendo muy inflamada, mi médico me dijo que probablemente sea la colitis. Pero mi pregunta es: Puede ser que mi vientre quede abultado por tamaño de la matriz?",3
"Buena información Dra. yo la seguí durante todo mi embarazo 🤰 Gracias por todos sus videos que me ayudaron muchísimo. Ahora con 5 meses de post- cesárea . 
En el hospital me colocaron la faja luego de la cirugía entonces yo lo usé hasta los 2 meses y Sii yo lo recomiendo. Luego poco a poco uno mismo se siente mejor.",3
"Doctora cuando habla del ejercicio a los 3 meses se refiere a ejercicios fuertes? Antes de los 3 meses que actividades físicas podemos realizar ?
Podría hacer un video al respecto de esto gracias",3
Yo no use faja porque me dijeron que es malo. Y ahora me duele horrible la cintura lo siento como dislocado y sigo con dolores,3
"Tuve parto via cesárea, embarazo gemelar y la faja que yo tengo me la pusieron inmediatamente después de que los médicos terminaron la cesárea y es exactamente como la doctora dice, faja médica, con velcro que ajusta perfecto y brinda sosten, me la quito sólo para bañarme y lavarla, me siento mejor con la faja puesta. Gracias Dr. por sus consejo, Dios la bendiga.",3
"Dra después de una histerectomia se debe usar faja , bien sea en cualquier abordaje : vaginal , laparoscopia  o robótica ? 
Muchas gracias .",3
Yo use una faja acompañada de una crema llamda toronjina y me ayudo claro acompañado de ejercicio y me ayudo demasiado,3
"hola que tal buen video, tengo una duda estoy en plan de bajar de peso por salud mas que todo y me dedique a hacer caminata de 1 a 3 horas diarias, si utilizo esa faja al hacer caminata estaría dando un empujón a mi plan?",3
"[número] éste es el código del producto , ¡¡saludos!!",3
Mi faja chaleco se deformó los fierros se subieron asu pero me duró 1 año usándolo todos los días... Supongo xq trabajaba sentada... Supongo q mi faja ya no tiene remedio 😐,3
Estoy de acuerdo. Me siento un poco ridícula si la utilizo para salir 😬,3
Te queda bien bonita amiga felicidades x tu logro. Se ve q eres simpatica. Carińos desde Chile,3
Tengo la misma faja para entrenar no tiene barrillas es súper cómoda aprieta lo normal la uso en el 3 broche es rata S peso 140 libra y mido 5.8 pero siento que no me aprieta lo que quiero tal vez necesito una taya xs,3
"Ponte una blusa delgada de algodón para que no te lastime, yo me untaba bamitol",3
Que es mejor la faja de látex o de Licra???,3
Pero no dices donde comprarla,3
Bellísima q cintura d infarto,3
Me encanta que me des tu experiencia!!! La verdad es que es impresionante que si se vea el cambio pero como todo necesitamos equilibrar la vida! Pero ya me animé a comprarla!,3
"Tengo proyectos d cirugía a mis 53 años la verdad después d aver tinido un tumor en el vientre y quistes se me salio la barriga y también subí mucho d peso ya tengo unos años q me sacaron todo eso y a base d dieta y tratamientos e logrado bajar d peso y me a quedado la piel colgando mucha gente me dice q no lo aga pero el médico ya me vio y miro mis exámenes d control y estoy muy bien gracias a Dios ya tengo superado 
Y ya me opera 
Lo quiero aser por qué no tengo cintura no encuentro ropa y mi autoestima esta muy baja",3
"[nombre], me alegra mucho saber que has logrado tantos avances y te encuentras bien de salud. Yo se que el tema de la piel colgando de tipo estético pero la verdad es que tiene repercusiones reales en nuestra forma de vernos y de nuestra autoestima. Te mando un abrazo muy grande, se lo que sientes y espero que Dios te de la sabiduría para tomar las desiciones correctas",3
"Me hice una lipo llevo 10 días con faja, dios es una incomodidad total",3
Jajajjaja me da risa ella y sus fajas yo amé mis fajas después de mi abdominoplastia solo se debe saber usar y tener buenas fajas pero esas fajas con cierre de lado son horribles,3
"Se nota que estas enamorada de la faja, así mismo hablo yo de la mía, súper cómoda, hermosa, no molesta la amo",3
Yo también compré una faja y me cuesta mucho ponerla estoy por rendirme 😪,3
cuáles son las marcas de tus fajas ?,3
Yo me pongo y me sale el buche vientre bajo,3
Puedes compartir la dieta que hiciste?,3
"YO TENGO 52 AÑOS Y NUNCA USE FAJA, ELIMINE LA HARINA DE TRIGO, LAS PAPAS ESO ES LO QUE TE HINCHA EL ABDOMEN. CIERREN LA BOCA, PORQUE LAS FAJAS HACEN DAÑO AL SISTEMA RESPIRATORIO. HAGAN ABDOMINALES , SI TE ATIBORRAS DE PORQUERIAS, LO MISMO SE DEPOSITAN LAS GRASAS. POR MAS FAJAS QUE USES SI NO TE EJERCITAS Y NO ELIMINAS LAS HARINAS... LAS FAJAS SOLO SIRVEN PARA DISIMULAR",3
Que tipo de faja usas.. de latex?,3
Te felicito tienes un cuerpo hermoso ojalá algún día me motive a bajar de peso y poder tener un cuerpo más saludable,3
Excelente información ❤️🙏,3
Yo uso faja de modelo reloj de arena la uso 6hras al dia por un mes me funciono no tenia cintura y ahora tengo,3
Claro que sí la faja ayuda a moldear pero hay que hacer dieta y ejercicio,3
"Yo uso fajas desde los 13 años los use hasta los 18 y no he tenido problemas en mi cuerpo, todo lo contrario...",3
"Hola! Empezare hoy, me llego mi pedido de faja veremos que tal me va, uso una de marca colombiana ""SILHOUETTE""",3
Yo uso mis fajas colombianas y para los ejercicios tengo 9 años con faja siempre eee tenido mi cintura de cuando yo nací,3
"A mí si me ha funcionado dormir con las fajas, la mía es una de esas beiges y he reducido. No hago ejercicios por tema médico pero todo es cuestión de costumbre",3
"[nombre]! Yo sufro de costillas salidas, me servirá usar faja?",3
Me compré una faja porque di aluz hace 3 meses cres que es recomendable?,3
Es recomendable usar faja a los 14 años?,3
Ami si me gustan las fajas !!,3
[nombre]! Yo uso las mismas fajas que tú y las mismas. A mí sí me han funcionado pero quiero aclarar que llevo dieta clean. Te admiro y muchas gracias por tus consejos. Y obviamente no a todas las personas les funciona lo mismo. Al menos a mí me a ayudado. Yo soy médico y la uso para tener buena postura por qué de las 8 h que trabajo en su mayoría estoy sentada. Ahora sí que cada quien es libre de usar lo que cree que le favorece. Obviamente no usaremos una faja que casi nos sacan los ojos o las hemorroides por lo apretadas jajajajaja claro está que no. Muy buen video! Gracias!,3
Pensé que ya nadie usaba fajas para sudar 🙊,3
Deberían sacar las letras d la parte de abajo,3
En España no se ve elegante tener tanto pompi y mucho menos tan respingon,3
Welcome to South America.,3
Ahh que detestables son esas presentadoras,3
[nombre]  consejos Desireé..yo me comprare uno de esos y si me aplanan atras no hay problema le hago dos oyos por atras y listo..😅....bendiciones Desireé ❤❤❤❤,3
"soy muy caderona, como puedo disimularlas?",3
Gracias por la ayuda una semana tratando de colocar la faja y hoy lo logré,3
Es desde abajo desde la cadera tenías que bajar un poco el pantalón,3
"No tienes que apretar en vientre hacia dentro, empiezas ajustándolo poco a poco hasta que te acostumbras por pocas horas al día, el cuerpo se ajusta a lo que le enseñes. Espero que esto te ayude.",3
"Sí es cómoda, porque lo puedes ajustar cómo quieras, y no se nota en la ropa ❤️",3
Quizás si se quiere más justa hacerla con una talla menor. Lo haré haber como me va,3
Gracias por tus ideas y tu alegría siempre 😍💖,3
Muy bonita donde la compraste hermosa,3
"🙀GRATIS Descuento de 15% en 🇺🇸 Y 🇨🇦: 
UE🇪🇺-UK🇬🇧: 
MÉXICO🇲🇽: 
OTROS PAÍSES🌎:",3
"Buenos días, me puede decir por favor donde las consigo? Yo vivo en Medellín. Muchas gracias",3
Ami me lastimó las de zipper abajo 🥺☹️nose que hacer ya me quise poner ropa interior abajo pero queda muy boludo,3
"Me encAntó  Milton, ni se nota  que lo reparaste!!!",3
Muchísimas gracias 🙏 por el vídeo muy útil bendiciones.,3
Muchas gracias 🌷,3
Excelente idea gracias,3
Gracias muy buena información.,3
Graciassss hermosa..bendicionessss,3
Que buena idea !!!😊,3
"Wao solo con medias voy corriendo por unas, y si comprime bien  será mi duda",3
Si! como usualmente se pone!,3
​  la envía es mala ojito 😅,2
"Yo también tengo y no se por que me hace como una marca que se ve fea un poco más arriba de la cintura por la parte de la espalda , será q me queda floja o por el contrario muy ajustada???😢😢😢😢",2
"Saludos, gracias por escribirnos. Amablemente le indicamos que la mayoría de nuestras Fajas se adaptan a cualquier persona, sin importar el tipo de cuerpo y las medidas que puedan tener. Le invitamos a ver este otro video con otra modelo mostrando Cómo debe ponerse la faja 👉 ¡Recuerda que lucir bien no se trata solo de apariencias, si no de una buena actitud!",2
"Para que eso no te suceda , usa una faja entériza, es decir , hasta abajo de la rodilla y listo 😉",2
Nesesito una faja de esa,2
La Tania aquí en México ya no la fabrican era buenísima ahora compro de la bombonete exelente faja,2
"Hola, para faja nocturna que recomiendas tener en cuenta? Mil gracias por compartir",2
"Ahorita mismo tengo una que me queda un poco grandecita y no se me ocurrió la idea de usarla para dormir también pensé que era dañino. Voy a probar. Y de diario pues desde que esta me queda grande pues no tengo. Pero pondré manos a la obra con eso de muy joven trabajé en oficina y pasaba muchas horas sentada así que por eso siempre usaba body y la verdad nunca siempre me mantuve en ñ bien peso y aunque el body no moldea tanto si te mete la barriguita un poquito
Ideal para debajo de la ropa.",2
A ti todo te queda hermoso eres tan bella saludos desde Queretaro Mexico hermosa❤,2
"Por favor marca de la última faja negra que mostró, y si estás en Amazón",2
[nombre] si yo tengo las mismas fajas q tu tienes muy buenas tengo q empesar a usarlas por ahora no las estaba usando pero hay q volverlas a usar😊😁,2
Hola cuál es el link para la faja negra que le queda apretada please,2
"[nombre] 😘 tienes mucha razón en que ayuda mucho,yo usé varias de esas fajas y en verdad moldean la cintura y además de corregir  la postura ,a mí me encantaban pero como me embarace y después deje de usarlas por qué sentía que me  había acostumbrado y cuando me la quitaba sentía que ya no tenía fuerza mi columna,pero como ya sabes chicha floja(deje de hacer ejercicio)y comencé a engordar 😅😘😢así que ahora a hacer ejercicio y apoyarme nuevamente en ellas,GRACIAS POR TODOS TUS CONSEJOS 😘😘😘 y wooow,que cuerpazo tienes 😁😁😁",2
"hola , donde puedo encontrar y como se llama la faja de segundo 0:55 ? :D",2
Gracias!! Podrías decirme de la faja colombiana para comprar x Amazon?,2
La faja para duerme no a link????,2
Paola tengo dos bebés y me quedó mi abdomen flácido y el abdomen bajo,2
Finally she back with the spicy streams 🔥,2
Thk you become a member on my YouTube channel,2
"Post more spicy workout lives, yoga & claps for members only mami 😘",2
SavvySandy Gracias por este vídeo.  Use por mucho tiempo fajas y las dejé. Estas marcas que tu usas no te parten la pierna?  No se marca en el jean el borde de la faja en la media pierna? O cuál ea el tip para que no suceda eso?,2
Mi amor depende del estilo o del el lugar que las compré pero Médium o Large,2
"Hola hermosa muy buen video y gracias por compartir tus secretos,la verdad que si ayudan mucho y nos hacen lucir mucho mejor",2
"Yess !!! Gracias 😊 yo estaba esperando este video 
Bendiciones y gracias 😊",2
"[nombre],graciasssss por el video y los link de las fajas ,me facinan pq nos hacen ver nuestro cuerpo mas bonito,me gusto ..me gusto ...me gusto el video...chao!!😘",2
"Me gusto mucho el vídeo, no las uso porque padezco de fibromialgia y todo lo que me aprieta tiende a inflamarme, pero para una ocasión especial, es muy buen truco 😉
Amiga te ves muy bonita, después que pasaste la operación y habías engordado unas libritas... pues te felicito porque ya estás otra vez en tu punto... te ves muy bonita, Dios te bendice!!! 🙏🏼💞😘🙋🏻‍♀️🇵🇷",2
"siii que molesta son! Yo como dije quizás para alguna actividad con algún traje elegante o algo así usaría una, pero para el diario ni loca son un fastidio🙈 no me gustan para nada.",2
"Guauuuu !!! Cuantas fajas!!! Realmente sos una mujer que se muestra tal cual sos,que bueno ver mujeres así !!!
Nos mostras tu intimidad sin problemas,siempre pensando si a alguien le puede servir lo que a vos te hace bien 👏👏👏👏",2
Ya quería esta explicación 🥰,2
Hola mi Amor. Esa la compré en Fájate. Saludos,2
"Hola, saludos chica Bella, tengo una amiga k le encantan las fajas, ( a mi no ), no m gusta andar apretada, pero se t ven muy bien, y tal vez algun dia las empiece a usar, gracias. 😄",2
Me encanta tu video como todos sienpre los miro .Graciaspor conpartir.Bendiciones🌹,2
"Mi Sandy me encantó este video 😉. Gracias por compartir tu experiencia con las fajas la verdad siempre te ves  muy esbelta pero de por sí ya tienes muy bonito cuerpo así q esos truquitos te suman aún más. Yo uso la marca Salomé son excelentes y muy cómodas te las recomiendo
Saludos a la Gigi q es una berraquita en su recuperación y al fercho q es tan excelente esposo, y por supuesto a ti mi bella Sandy un abrazo... los quiero!",2
"Señora [nombre] , me encanto este video 😍😍😍",2
"Yo no soporto el brazier, imagínense una faja jijiji... pero voy a tratar la de Walmart a ver si me voy acostumbrando 😉... Gracias por compartir 🥰... Bendiciones 🙏",2
Yo utilizó la body flex..super cómoda.moldea genial..la utilizó todos los días .super cómoda.,2
Las mejores para mí son las de fajitex y myd son excelentes.,2
"HOLA AMIGA NO ANDUBE POR AQUI ESTUBE OCUPADA ACA EB BUENOS AIRES ESTA NEVANDO EMPEZO EL INVIERNO A FULL ,,, ME ENCANTO EL VIDEO DE LAS FAJAS YO QUIERO EMPEZAR A USAR UNA PARA MOLDEAR EL CUERPO SIGO TUS CONSEJOS 👍👍 ARRIBA BESOTe AMIGA",2
"Amiga yo estoy empezando a usar fajas, cual de estas me recomiendas para la panza 😁",2
[nombre] yo me he comprado y a ninguna soporto. Siento que me asfixia.  A ver si aguanto una de las que aconsejas. Gracias mil y Bendiciones.,2
Iré a Walmart a ver si me encuentro una Gracias Sandy!!! Saludos desde GUADALAJARA!!!,2
¿Quieres vender Fajas Colombianas en USA ¡Genera tus propios ingresos hoy mismo! 💰,2
Muy buenas pero si pudieran diseñar alguna sin levanta colas 😊,2
La faja ayuda muchísimo. Las personas no saben lo importante que sin,2
Siempre ocurrente y encantadora Danny !! 🙏❣️🌼👌👏👏,2
"Me encanto este video estoy buscando fajas y por favor muestra de otras páginas y marcas,creo que  si ayudan a sentirnos más seguras con algunas prendas y personalmente con mi cuerpo",2
Preciosa mi reina Dany te amo bebé tu introducción super 😍😍 ame tu vestido 🍊🧡,2
"X2 a veces me gusta usar corset y cuando lo usaba era horrible, padezco colitis y me lastima. Afortunadamente tengo años que no uso uno xD",2
14:01 yo tambien pensé lo mismo Dani daños tu opinión sobre los body skims de Kim,2
Wera dime cuales son tus modelos favoritos en la marca Diane. Yo uso faja para levantar pompis y el animo también 😂😂,2
"[nombre]  , deberías hacer un post  a las fajas de kim Kardashian “Skims” , me encantaría saber tu opinión , gracias !!! ❤️",2
"Yo tengo una marca q es muy buena, funciona muy bien!! Muchos modelos y precios accesibles! Te interesa contactame
.",2
Peor video del munfo y tiempo malgastado,2
"Trato de ser graciosa, pero no me parecio que lo logro...",2
"Wow! Soy colombiana y no tenía ni idea que las fajas colombianas son las mejores del mercado! Aquí es muy común encontrar prendas de compresión y reducción. Personalmente las mejores que he probado son de marca Fajate y son post quirúrgicas y traen doble tela, por dentro de material suave y por fuera el material bien fuerte que es el que comprime, no me parece que sean taaaan difíciles de poner ni nunca me ampolle ni me partí las uñas a pesar que las he usado luego de los embarazos. Ninguna de las que he usado se ven tan transparentes ni en ese material tan brillante y he usado caras y muy baratas. Yoshi me encanta tu acento y tu forma de hablar!",2
Mis colombianas hermosas!!!!!,2
"[nombre] como bajaste de peso, soy [nombre] nueva y me gustaria saber como bajaste de peso, Dios te bendiga por compartir.",2
"Me encantan tus vídeos  y cómo  nos informas🤗, gracias. Te felicito por tú maquillaje, está bello💟",2
hola soy mexicana y me gustaría que me dijeras donde comprar las fajas que tu mencionas porque yo ando en busca de una que no se transparente ayudame plis,2
Que nos aga un tutorial please🙏🙏,2
Yo quiero una página en española por favor,2
FAmiliA HeRNanDEZ  creo que es la primera vez que la vez . Ella bajo mucho  de peso por eso le quedó así,2
"Yo estoy por comprarla pero la pienso estoy en denver colorado y aqui en cualquier tienda la venden en 100 y mas caras segun las tallas 
La quiero comprar xq en estos momentos estoy embarazada y la quiero para despues del parto.
Es recomendable comprarla ya que quiero 2 ?",2
"Que bueno que te gusto a ti, pero por eso costó barata porque se ve de muy mala calidad, muy transparente. Las fajas Prada no se notan como esa 🤷🏻‍♀️",2
Yoshi prueba la que tiene abierto para las pompis omg te va a encantar también. Te quiero agradecer por la motivación qué trasmites,2
"Desde muy jovencita siempre he usado fajas, y no sufro, las compro un size más grande y listo. 💃Me veo elegante todo el tiempo. Solo visto ropas femeninas, vestidos, blusas y faldas y me encanta❤❤ mi figura.",2
Lo malo k note la probaste para enseñar  en este video nada mas nos ablaste de la experiencia de la conpra pero yo en lo personal esperaba que no la mostraras para distinguír 🙋‍♀️bye,2
Bueno pero quien empeso con lo de la faja creo ke fue Carolina y ahora todas con lo mismo. yo miro a Caro siempre me encanta caro,2
Como se hace para hacer pipí 🤔🤔,2
"Hola querida.  Yo soy dominicana y vendía fajas colombianas Salomé y te puedo decir que esa faja no es buena calidad o juraría que no es colombiana, creo te están engañando.  Y para lo de la molestia del abdomen te recomiendo comprar algo que le dicen la tabla. Yo estoy actualmente con faja porque me realice un tú y tuck y es un éxito.",2
Hablas muchísimo 😴😴😴😴,2
"Buenas yo tengo el abdomen con flacidez por el parto y quisiera saber cuál será mejor la cinturilla o la semi completa ya que he comprado jafas y me vendieron de muy mala calidad y no me hacen presion el abdomen que es lo que más quiero , gracias por su ayuda saludos",2
Soy talla M en ropa q talla pedir en en fajas peso 135. Por favor contestame,2
Me gusta tu videos que cariñosa  eres tu eres bella como quieras,2
"Excelente video! Precisamente estaba buscando recomendaciones para para comprar una faja y llegó Aurora al rescate! Un abrazo hermosa princesa de Dios! Tengan fe, verán que todo saldrá bien! Bendiciones a todos desde mi Puerto Rico bello! 💃",2
Ya esperaba desde hace mucho un vídeo de este tema 😍💚 saludos y bendiciones para el mochi 😇😊,2
Todas las fajas se te ven muy bien y definitivamente luces muy bien los vestido 👗 con mucha elegancia saludos y bendiciones 😀 😀,2
"Las fajas colombianas son lo mejor, tengo la que mostraste en el video y es espectacular.",2
"[nombre] 👋 desde Atlanta GA, Bendiciones 🙏",2
[nombre] Aurora  me encantaría comprar me una pero no me animó Saludos Bendiciones 🙏😘🤗💕💕💕💕,2
Muchas gracias es lo que andaba buscando para usar un pantalón de tela ala cintura con moño enfrente para que no se note nada y amarre todo 😅,2
Hola hola soy nueva es tu canal me encantaron tus vlogs. Saludos desde Miami FL,2
"[nombre]... Yo como toda una COLOMBIANA Berraca...   mis fajas son de mi pais... uuuufff👍🤗
Saludos Linda🌹",2
"Gracias por el Consejo y por todos tus tíos, yo encargué la faja que tiene varillas a los lados bueno la número [dato quitado] así como la presentaste. Todas me gustaron",2
Hola yo soy colombiana y tengo taller donde hacemos las fajas y también las uso..me encantó tu vídeo gracias aurora,2
Siii comenzamos 🙋‍♀️😃,2
"Yo tengo la faja colombiana de Ann Chery y me encanta! No la cambiaría por ninguna! Es la mejor, si hace una microcintura",2
"recorde decomo llegue atu canal... fue por videos de fajas,,,jejej saludos desde sinaloa",2
Iike si amas a aurora ❤,2
"Gracias, yo no he usado ni una, las voy a buscar ahora que abran las departamentales, ja ja ja yo no sabía que tú usarás ni se te ven, gracias hermosa por compartir y dar buenos tips. Mañana voy a Walmart por mi vspur ya que me encanta asear mi hogar y aromatizar , escuchó música y bailó ja ja ja, linda noche, bendiciones Guadalajara México",2
Agenda tu consulta ginecológica online aquí:,2
Gracias por todo❤ y por darse el tiempo de hacer estos vídeos ❤❤❤🥰,2
en el video dice que en los primeros tres meses de tener a tu bb es necesaria la faja.,2
Dios la bendiga dra x la paciencia y dedicación en esplicarnos todas nuestras dudas nos aclara todas siga adelante y muchas bendiciones 😘,2
Es una gran doctora muy acertada y súper buena para dar sus apreciaciones realmente da mucha tranquilidad,2
❤ muchas gracias por todos sus consejos doctora    a estado presente en cada etapa desde los primeros meses de embarazo. Muchas bendiciones,2
Justo está asesoría necesito para prepararme después de mi parto gracias por sus consejos.,2
"[nombre] te agradezco la forma en la que trasmites la información, la claridad y sobre todo el abordar muchos puntos de vista y contra posición. Hace 9 días tuve a mi primera bebé y todo lo que aprendí en sus videos me sirvió para cada etapa. Heme aquí en mi post parto aún ayudándome de sus videos.",2
Se bañan con la faja?,2
"Muchas gracias por los consejos, hace 13 días que tuve a mi beba, y estoy usando la faja de banda y me ha ayudado mucho, pero con sus consejos he aprendido más.",2
"una pregunta, el cupón tan rápido que nació? Yo de mi nena jamás utilize chupón, pero cada quien es diferente, y tienes razón yo me alivie en el IMSS, y siempre te piden lo necesario, ya si quieres y tienes para un particular ya sería otra cosa",2
mmm a mis dos hijos se los di el mayor tiene 8 años y lo dejo hasta las 3 años y el mediano tiene 2 años y lo dejo el solo como alos 7 meses me ayudo mucho porque luego estaba ocupada y ya le decía a quien fuera saca el chupon y dacelo o cuando brincan que quieren despertar se los daba y yo me eh aliviado en un hospital de sector salud osea gratuito y luego en el issste ahora de mi niña me alivio en el mismo gratuitamente,2
Dra. Y podría hacer un vídeo sobre el prolapso y como se ve,2
Muchas gracias Doc! Tuve a mi bebe hace 1 semana por cesárea y tus videos son lo máximo! Me ayudaron un montón a la hora de mi trabajo de parto,2
Buenos consejos 😍 soy primeriza y estaba acostumbrada hacer ejercicios no sabía muchas cosas sobre el post parto,2
"[nombre] por todos sus consejos!
Justo tengo una semana desde mi cesárea en el hospital 🇺🇸 me pusieron la Faja 😆 quede sorprendida pero muy bueno ahora me siento mejor, y definitivamente la faja ayuda.",2
[nombre]! ¿Podría recomendar alguna faja ó varias q podamos comprar online?,2
❤❤ Muchas gracias dra.,2
"Yo estoy a un mes de tener una cesárea, y estoy investigando que fajas son las mejores. Ni lo hago por estética, si no por tener maa seguridad al moverme",2
"Si se puede. Yo tengo 45 días de mi hta total abdominal y los primeros 9 días solo me fajaba mi esposo con la venda de 30 cm como cundo sales del hospital. Y cuando fui al retiro de puntos, el dr me dijo que sí podía seguir usandola, solo no muy apretada. La verdad si te da mucha seguridad. Y por favor ¡CAMINA! No estés solo sentada o acostada porque eso te puede traer consecuencias graves al punto de volver a operar.",2
"excelente , muy buena explicación  , se espera mas  ejercicios de bicicleta estática , saludos.....!!!!",2
"Hola , consulta si la uso y realizó  ejercicio tendrá algún efecto en qué me pida apretar ?  Saludos gracias",2
Haciendo un déficit calorcito aunq  si no entrenas músculo pierdes este mismo.,2
Seria muy interesante que subieran un vídeo mostrando la correcta forma de instalar unOrtesis Brace Corto De Rodilla - Post Operatorio Referencia 858181.,2
Las fajas no  me funcionan para nada en mi Gym nadie usa y se adelgaza con ejercicio y dieta la cintura,2
"detesto estas fajas que solo te cubren un pedazo de abdomen, debería ser desde abajo del busto hasta abajo del ombligo.",2
"🤑CONÓCELAS en AMAZON🤑

4.- 00:04 Faja Reductora Cindylover:


3.- 00:34 Faja Reductora Innovagoods:


2.- 01:04 Faja Reductora Veofit:


1.- 01:34 Faja Reductora Win.Max:


EXTRAS
00:00 Otras Fajas Reductoras de Amazon:


---------------------------------------------------------------------------------------------------------------------------
Aviso legal: En calidad de Afiliado de Amazon, obtengo ingresos por las compras adscritas que cumplen los requisitos aplicables. © Todos los derechos reservados por los respectivos propietarios.",2
Increíble la manera en que vistes.... maje que cuerpazoooo ni faja te hace falta😅 bendiciones 😊,2
"[nombre] 👋🏻👋🏻 cómo  comentába en el video: la cintura de mi hija mide 63 cm. Podríamos haber encargado la talla M    pero decidimos encargar  una talla S (qué  es  de 55 cm.)  aunque al principio batalló un poco para abrochar ; ahora le queda muy bien,  de hecho ahora la abrocha en la segunda línea. 
Creo yo que si conviene encargar una talla más chica ... En referencia a la tabla que viene en la página.",2
Tienen el 1540 por favor es para el gym,2
Cuanto vale el calzón 316 ?,2
"💖GRATIS Descuento de 15% en 
🇺🇸 Y 🇨🇦: 
UE🇪🇺-UK🇬🇧: 
MÉXICO🇲🇽:  
OTROS PAÍSES🌎:",2
Que tiempo se usa una faja en posparto,2
"No  la podemos usar más de 4 horas,  lo que si es un poco incómodo, esque siente un poco adormecimiento en las caderas",2
Quiero una faja pero que sea cinturilla alguien me puedo dar un marca para utilizarla debajo la ropa,2
Tengo una pero me saca los gorditos de la espalda,2
"quiero comprar una, pero me da miedo que me produsca dermatitis por la humedad... esta previene la humedad?",2
"Oyeee por favor un consejo, me las he probado todas y toda dme sacan gordo en las axilas y espalda super horrible, me las estoy poniendo mal? Soy delgada talla 6...",2
"Alguien me ayude porfa, peso 55 y la talla S siento que me queda aprieto..pero no tanto como en el vídeo...que talla me recomiendan😊",2
yo peso 65 y me meti la xL jajajajajajja  y siento q no respiro,2
Para usar fajas tenés que hacer algún tipo de tratamiento o visitar al nutricionista?..perdón mi ignorancia nunca use por eso..pero después de mi embarazo quedé con panza 😔,2
hola. Disculpa que no era conmigo pero como es la hieloterapia,2
Es mejor una cinturilla o la faja con espalda ?,2
No te asfixias? Quiero comprar una pero me da miedo no poder respirar bien,2
Cuantas horas la usas,2
Siiii la faja es una sufridera. Es verdad… de alguna manera uno termina acostumbrado pero la verdad es que cuesta mucho… debemos en recordar siempre la meta final y ver a la faja como una aliada en el camino 😊,2
"Yo me hice lipo abdominoplastia hace dos meses y empece con la faja talla XL y ahora ya estoy en talla M mi cirugano no me mando tabla ni espuma menos mal porque de por si es molesta la faja no me imagino con todo eso  . Masajes tampco me envío y estoy super bien uso la faja dia y noche solo la quito oara bañarme  y el recomienda la faja por 6 meses para q la piel pegue bien , ahora me quito oa faja y me sienti rara 😅",2
"Como dijiste en otro  video hiciste el curso de las fajas, así estoy yo, niñas la de fajitex super buenísima hace una cinturita va con mas horma.",2
"Hola!!! Muchas gracias! Me alegra mucho que te sirva… yo se que aunque uno investigue y averigüe mucho, siempre es chevere escuchar sobre la experiencia de alguien más, es como una forma de sentirse acompañada en el proceso!!! Muchas gracias por ver el vídeo y me alegra mucho que algo te pueda servir",2
Siii total la picazón también complica las cosas!!! Es que no hay final feliz con la faja 😂,2
Yo llevo 3 dias operada y la faja y la tabla ha sido el mayor de los problemas. Básicamente porque no he podido dormir sinceramente llevo 48 horas sin dormir si pongo boca arriba siento q el relieve me corta los puntos de arriba y siento como un peso en la boca del estomago no se q hacer.,2
Hola. Cuantos día te tomó para que cediera la faja? La mía es muy tallada y vuelvo al trabajo en 15 días,2
"[nombre] pues según entiendo la faja tiene que hacerte compresión todo el tiempo y cuando ya la sientas floja o cómoda es por que no te está sirviendo 😣 así que la compresión es ideal. Y para regresar al trabajo yo me sentía más cómodo parada y evitaba sentarme, menos mal en mi oficina los escritorios se pueden elevar para las personas que prefieren trabajar así",2
"[nombre]! En tres días tengo mi lipoabdominoplastia y tus videos son los mejores que he podido encontrar 🙌  ya que todo este tema de las cirugías siempre conllevan un sin fin de dudas 😅 Quisiera que nos cuentes cómo fue el proceso de tu cicatrización, que usaste para mejorarla y bueno todos los tips que puedas darnos sería de gran ayuda.  Un saludo desde Colombia 😊",2
"[nombre] que emoción tú cirugía! Mira yo soy talla s en todo y mi primera faja fue talla L, desde allí empecé a disminuir de talla y la última que tuve fue talla xs. Ahora bien la xs me apreta mucho las nalgas, al punto que me siento como espichada. Así que si vas a tener un BBL pienso que deberías depronto considerar quedarte con la faja talla M y empezar a mandarle a que le recojan (alterarla) para que la presión del abdomen continúe mientras tu inflamación baja, pero que te deje la nalga con espacio. Pero igual habla siempre con tu cirujano y sigue las direcciones de el",2
"Me encanto tu video deberías subir tu progreso con la faja y subir más videos 
Dios te bendiga",2
"Pasaron 2 semanas y pasé a otra linea de broches, y si intento haría la tercera línea, realmente funcian",2
[nombre] si funciona tengo un mes usándola y ya se me marca cinturita,2
Así se busca? Faja de neopreno?,2
"no consumir azúcares, ni harinas refinadas. Incluir proteína del huevo, pollo, pescado carne, mucha verdura, fruta dos porciones al día, avena, lentejas, quinoa las incluía, grasas de buena calidad como aguacate, almendras, nueces y tomar mucha agua.",2
"Tomo colágeno hidroluzado, vitamina E, vitamina C  y uso un gel de algas y en la noche uso una crema reafirmante",2
Claro no son para reducir son para que la piel colgada se vaya acomodando y con ejercicio y alimentación baja uno,2
"Saludos, Hermosa gracias por tus consejos, eres inspiración",2
Muy linda anita . Hermosa como siempre.   Gracias por tus consejos..,2
Excelentes tips gracias Anita,2
Ella usa faja para dormir 😲 y yo duermo completamente desnuda 🙄.,2
[nombre] puedo utilizar faja de látex para sudar?,2
gracias por los tips 💪 estoy mejorando y cargando más peso ya usaré la última para día de piernas justo hoy será mi día 1 jiji pero que diferencia 1 y 2? Por favor!!!!! 😂,2
Algún ejercicio para post cesarea x fa,2
Xd yo tengo 70 de cintura. Pero nunca he usado faja 😂,2
Puedes poner donde comprsas Las fajas el link,2
Holaaaa soy nueva en el canal,2
Yo tengo un problema con las fajas y es que me cae una picazón cuando me la quito. ¿ que puedo hacer?,2
"Guapa, pero tu cuerpo es por ejercitarte. La. Verdad!",2
"Ana yo creo deberias de estudiar ! antes de decir que usas faja dormida !! Ocea que onda esta comprobado el daño que hace no dejas que gus organos tengan descanso y llamarle ""area"" al cuadrado lumbar... me deja mucho que decear.",2
que mamada se puso yalitza aparicio!!!,2
te veo mucho mejor esa cintura esta mas fina me gusta mucho ♥,2
"HAY QUE SABERLA USAR,PERO MOLDEA..",2
"Es obvio el tiempo lo determinará.... por algo Dios en su infinita sabiduría nos creó una caja toraxica  echa de hueso y cartílago , la parte del cartílago está en el abdomen para que los órganos se distiendan libremente y relajen.... por que será no??? Que sabio es el creador!!!!",2
"algunas son imitadas, tengo una original y es 100% buenas",2
"acá,en México cuesta 700 pesos",2
la puedo usar duran mi entrenamiento en el gym,2
Mujer tu no la nesesitas estas planita de tu estomago. Pero como bien dices nos puede ayudar aun mas a moldear yo tengo una color piel y es d latex y por dentro algo don pero ni la uso no se si sea Igual a esas q dicen q si don muy buenas. Saludos 💜,2
"a mi me encantan las fajas, yo antes las usaba mucho, me dijeron q lo maximo las usara 8 hrs x dia y que hiciera abdominales sin ella, para mantener el tono muscular, xq los musculos pierden firmeza, al acostumbrarse a q la faja es la q sostiene, a ver si regreso a usarlas jijiji",2
"Hola, oye bueno te tengo una pregunta voy al gimnasio y estoy en aumento de mi masa muscular pero quiero hacer mi cintura mas chiquita no te afecta querer aumentar y usar
porque mire otros videos con otras fajas diferentes y como que afectaban a los gluteos,",2
"buuuu mucho bla bla bla bla aparte ni sabes nada de las  fajas
son para quien haga o no hagan ejercicio 
si si puedes dormir con ellas
y aparte esa que tienes te saca el vientre",2
"Los secretismo más útiles que se puedan necesitar. 
Gracias por los datos Desiree. Bendiciones para ti y tu familia.🥰🤗💗⚘",2
Gracias hermosa.super util,2
Las medias también ayudan bastante a ese efecto,2
muy buenos productos pero tu Desiree no los necesitas. haubiera estafo bien que se lo hubiera puesto una chica mas curve.igual buen video.,2
Me la acabo de comprar y a sido el mejor video explicativo muchas gracias ❤ me ayudó mucho,2
"Gracias, gracias, gracias hasta que encuentro a alguien que me enseñe a ponermela, tiene días que la compré y no la usaba jajaja.",2
Cómo se hace para que no se enrolle o se arrugue y se suba cuando uno se sienta es Algo incómodo cuando para eso más que todo en la parte de abdomen bajo,2
😂😂😂 es toda una estafa xk yo acabo de recibir la de curves y me costó 30€ y es una mierda 💩💩💩💩💩💩💩,2
Es cómoda esa Bamda?,2
Aaaaamo tua música Habla me por favor ❤❤❤❤,2
Hola hermosa wendolee ❤,2
Gracias bella por el tip 😘,2
"Um beijo querida tiamu muito ,muito vc tem me ajudado muito ❤com seus videos❤❤",2
Muy buena idea😅,2
siii verdad y funciona muy bien !,2
"Hola, tendrás una idea o consejo para las calzas que cuando te sientas se enrollan en la panza?",2
😂😂😂😂😂😂... Aaaay amiga tu eres caso!!,2
Muchas gracias por tan buena idea!!!!❤,2
Eso mismo iba a decir yo. En los últimos meses Wendo no le estuvo poniendo mucho tiempo y creatividad a sus videos. Porq sera? Sus vistas han bajado mucho tambien.,2
Pero por q siempre muestra con una q no tiene gordos,2
"Saludos, muchas gracias por tu comentario. Te invitamos a mirar nuestro canal y contenido. Que tengas un feliz día 🌹",2
Que talla está usando en la primera faja?,2
Hola si me pongo una faja con un vestido como puedo hacer para q no se note las pequeñas costuras ya q es un vestido pegadito,2
Woowww bravo maestro que sabio gracias por compartir su sabiduría ❤,2
MUCHAS GRACIAS POR LOS VIDEOS TAN BIEN EXPLICADOS MILTON👌👌MUCHAS BENDICIONES DESDE🇦🇷😘😘😘,2
muchas gracias por compartir tus conocimientos son de gran ayuda Dios te continúe bendiciendo grandemente 🙏🙏,2
Linda tarde....un buen tip gracias saludos 💐,2
Para que sirve? Me explicas y donde compro? Gracias,2
Gracias por el tip,2
Se Bastilla a máquina para que no se suba,2
Eres un genio 😍😍,2
Muy buena idea gracias,2
El problema es que se en rollan en la pierna,2
"Chicas amen su cuerpo, no necesitan usar faja para verse bonitas. Nuestro abdomen se expande y se incha y es normal, los rollitos son normales así que quieren se como son",2
​  cierto chica,1
Hola como puedo agrandar la faja no hay devoluciones y me quedo chica,1
Si la faja se me enrolla que debo hacer?,1
Hl esta bonita la faja   a como son esas fajas .,1
"Saludos, gracias por escribirnos. Puedes comprar esta Faja en nuestro sitio web haciendo clic aquí 👉 En la descripción del video hemos dejado varios enlaces dependiendo del país desde donde desees comprar. Si tienes alguna otra pregunta estaremos atentos a tus comentarios. Feliz día.",1
Yo voy a usar caja por primera vez y mi duda es  ¿puedo dormir con ella?,1
"En realidad  TODAS necesitamos una faja, no solo para moldear, también para la postura y mantener todo en su lugar. 
Ojo: no quiere decir que tengamos que usar faja todo el tiempo, pero para cierto tipo de ropa como vestidos entallados y no se diga los palatzos en serio, TODAS necesitamos llevar una faja sin importar qué tan “buen” cuerpo tengas.",1
Se me marca mucho atras en la pierna .. se puede hacer algo para evitarlo,1
Que humilde poniendose la faja solo para dar un ejrmplo,1
Y cuando vas al baño?,1
"Saludos, gracias por escribirnos. Estas costuras no se notan normalmente, pero puede depender del tipo de tela que utilices. Lo que recomendamos para que la Faja te quede perfecta es conocer tu talla ideal y cómo ponerte la faja correctamente. Cualquier pregunta que tengas estaremos atentos a tus comentarios, podemos ayudarte a conocer tu talla ideal. Feliz día🌹",1
Como sabes la talla q usas,1
"Saludos, gracias por escribirnos. Puedes comprar esta Faja en nuestro sitio web haciendo clic aquí 👉 En la descripción del video hemos dejado varios enlaces dependiendo del país desde donde desees comprar. Si tienes alguna otra pregunta estaremos atentos a tus comentarios. Feliz día.",1
Te queda genial.  A mi ninguna se me ve bien.  Se me ve horrible el trasero.,1
Yo lo probe y me sale la pansa para riva,1
Operadas quien no. 😂😂😂,1
La cola operadisima. Parece una almohada 😅,1
Y como hacen para orinar?,1
Soy nueva siguiendote y me encanta tus vídeos.,1
Muy buena información gracias,1
Te quedan geniales todas!! Yo uso fajas desde niño.. Mi madre era modelo y me las ponía y realmente me ayudo mucho en mi postura. Gracias por compartir. Eres bella y encantadora. Un gusto!!!,1
Sin duda sos única paola me encantan tus videos like 😘,1
[nombre] al fin algo temprano saludos 😊😊😊,1
Mira compré una faja pero no puedo cerrarla .la anterior me queda Gram de e km hago,1
"[nombre],  linda y elegante como siempre, yo comparto también el usar las fajas, tengo dos de las que mostraste, y la verdad se ayuda uno mucho. Saludos 😘",1
"Te dejo los links!
Entrenador para la cintura  
Negra:  - 
Cafe:   -
Cinturón Deportivo:  - 
Chaleco Neopreno para perder peso:  - 
Látex para el deporte:  -",1
"Me encanto el video ya que no sabia que las fajas se podian colocar para dormir, aca en Estado Unidos el medico me dijo que no las podia utilizar de noche eso me impacto mucho, voy a tratar de usarla una noche haber si la resisto.  gracias por toda tu informacion.",1
"Yo digo que las fajas reducen mucho, con masajes y aceites que te apliques es muy bueno, hasta duermo con ella, saludos desde Colombia 👋",1
"Esta muy padre la faja negra que nos muestras en el video , yo también uso pero no para dormir, no pensé que se podía 😬, saludos 😘😘🥰🥰",1
Gaby TN se duerme con ellas quiero probar,1
"[nombre] que tipo de faja recomiendas para dormir, ayuda plissss.",1
Olaa paola..me gusta tus videos  soy colombiana  . Donde puedo comprar la faja  body en Colombia,1
Pao..! Un vídeo de la recuperación después del embarazo...!!,1
"hola desde España, la primera que has puesto , me puedes decir el modelo exacto ?, en Amazon España los modelos cambian y hay muchos , muchísimas gracias , me encantan sus vídeos !!!!😍😍🇪🇸🇪🇸",1
👍buen video informativo👍,1
Adonde la consigo y cuanto bale,1
"[nombre] 😀 me encanta tu canal 😄 me podrias decir donde compraste la faja para dormir de esa no pusistes el link 😂😂
 gracias por compartir con nosatras eres una persona maravillosa, llena de talentos y cualidades Dios te siga llenando de muchas bendiciones 💖💖",1
Faja para dormir,1
"Hola! He visto los links de la colombiana pero no sé exactamente cuál es la que mostraste, me podrías decir? Gracias!",1
"Hola, en donde puedo conseguir la última que mostraste",1
"Hola, una amiga compró una y le pasó lo mismo que a mi, le sale un gordo increíble en las axilas y la parte de arriba de la espalda(todo lo que queda arriba de la cinturilla) y las dos somos delgadas... Hay alguna manera de que ese gordo no salga? Gracias!",1
Como busco la faja negra la.primera que enseñaste en amazon,1
Esta es una similar a la que mencionas,1
Donde puedo comprar la primera faja que mostraste?,1
Las mejores fajas colombianas son las de la marca ardis,1
Hola pao.. la faja q tiene como pańalero de bebé jejeje.. esa q se abrocha de abajo me gusto m puedes decir como se llama xfis esq yo tengo cintura pero tengo vientre xfis,1
Hola no encuentro la tercera faja en la caja de información me podrías dejar el link porfa,1
Por cuánto tiempo usar las fajas para obtener resultado,1
[nombre]! Escríbeme a mi FACEBOOK [dato quitado] Correo [dato quitado],1
"[nombre]! Me encanto tu video, las fajas de amazon si las envían a Mexico?",1
"Y que me cuentas de las fajas de Frederick, que tal salen",1
No encuentro la negra que se abrocha como pañalero por fas alguien me ayuda 😭😭🙏🏻🙏🏻,1
"Me encantó tu vídeo como siempre😌, me gustaría que hicieras uno pero de fajas post parto, cuales serían tus recomendaciones
Saludos",1
"No debes usarla todo el día y no muy apretadas, yo use sólo por un año después de tener a mi bebe y me quedo el vientre como si no hubiera tenido bebe, aparte debes ponerte cremas y aceites y mantenerte hidratada tomando agua natural",1
Solo busca en YouTube Paola Herrera galvanica corporal,1
[nombre] me puedes pasar el link de la faja colombiana 😘😍,1
"Y si me sirve muchísimo, peso 80 kgs.  y mido 1.47 mts",1
"Hola que buena informacion te felicito, queria me ayudes con 2 cosas, yo tambien soy [nombre] de las fajas pero se me ha manchado la piel por el rose o por que se doblan pese que me pongo con blusa de algodon, y por otro lado  tengo ahora una como la negra de latex pero se me da la vueta o se parte a la mitad mientras la uso, como solucionar eso y seguir usando sin que se lastime y manche la piel. Gracias",1
Muy cierto eso que las fajas solo moldean. Saludos guapa. Aquí una nueva suscriptora.,1
Quisiera saber la marca exacta de la colombiana que mostraste pero que en el link es diferente por favor?,1
Yo ant quiero pero n se q talla la mia,1
Hola! Como se llama la faja del minuto 5:00,1
estas muy delagada y opino yo que te vez muy bien para usar faja. saludos y gracias por los tips,1
Luego no dicen que daña los órganos más que todo la cintura de avispa? No se qué hacer estoy confundida 😭,1
[nombre] disculpa me podrías decir como puedo obtener la primera porfis  porfis esq la q tu muestras no se si está el Link xk aparece una negra con tirantes y tu muestras si trae tirantes Por favor  gracias,1
Yo si me pongo Faja me saltan los gorditos debajo de los brazos 😟,1
Los mejor es hacer ejercicio y dietas,1
"Hola! Paola hermosa, no uso faja debido a mis dos cesáreas, me coloco cualquier faja y siento abrirse los puntos y la última fue hace más de catorce años, por ello tampoco pude volver al GYM y eso me ha afectado muchitooooooooo mi autoestima, me gustaría saber en ese caso sí hay algún modo de utilizar alguna faja. Saludos de Luna Narváez desde Bogotá Colombia 😉😘",1
pao cual es la negra que es colombiana? no tienes el link?,1
Ojo. Fajas para dormir.  Xfv Jamás !!,1
Muchas muchas gracias el video que tanto estaba esperando.. gracias Sandy por tomarte el tiempo.. muy agradecida.. bendiciones siempre 💕💕,1
Que bueno me sirve tu opción estoy por compar una de las que traen el bra,1
"Yeey! Yo esperando este videíto y si me encantan las fajas! Ayudan muchísimo en recoger todo a su lugar y en la postura! Gracias por profundizar en este tema, you are the best!!!☺",1
"[nombre], soy su admiradora desde hace un par de meses que la encontré no me pierdo cada uno de sus videos, siento que estoy platicando con una amiga que me da tips y consejos. La felicito por su hermosa familia y le agradezco lo sencilla y honesta que es. Un saludo afectuoso desde la 
Ciudad de México.",1
gracias x compartir!!! yo nunca he usado faja ni cuando tuve a mis hijos!!!! pero creo que lo voy a intentar!!!!! saludos 😘💞💕,1
Besos preciosa tarde pero segura,1
"ME ENCANTÓ la del minuto 7 en adelante,  la que tiene el huequito abajo 😁",1
Hola hermosa soy nueva viendo tus vídeos y me encantan y este me ayudó mucho por que tengo fajas colombianas pero no las uso por que me siento super incómoda pero viendo tu vídeo me animaste mucho y las usaré muchas gracias,1
Prueba las que son suaves primero en Target y Walmart hasta que te acostumbres,1
Ve a tiendas departamentales y mídetelas. Tengo una que es mi súper favorita y es muy barata. Y la que es colombiana la odio es súper molesta.,1
"Wuju a expresarse! 🤣🙈 
Quizás para alguna ocasión la usaría, porque tampoco puedo decir que de esa agua no beberé.",1
[nombre]  yo también soy gordita  odio las fajas peor si tien barrías,1
"Tienes toooda la razón!!! A mi me deja fabulosa,me compuso la postura,y me dejó de molestar el.colon",1
Gracias mi amor si me gusta compartir todo lo que se y si les puede servir mejor,1
"Gracias por estos consejos, soy una persona gordita y no estoy acostumbrada a usar fajas pero lo voy a intentar , muchas gracias y saludos",1
Si tienes razón nosotros queremos que la faja aga todo yo si uso faja pero tan bien ago ejercicio y dieta 🤗,1
[nombre] super el video tan esperado a mi también me gustan las fajas hay vamos saludos 😘 😘,1
[nombre] Gracias por compartir 👍🏻💕😘Bendiciones,1
[nombre] normalmente cuando compras fajas en línea ellos te ponen un cuadro de tallas y medidas para tu guiarte con esa tabla.,1
"Esa faja es MC Fajas a tu  medida, antes María Castellanos... y es la Ref. FL52  Visita su fan page:  puedes preguntar...",1
Muy buen y esperado vídeo muchas gracias Sandy a mi me encanta como moldean las fajas yo no aguantó mucho traerlas puestas tengo dos costillas lastimadas y no aguantó mucho.,1
Me suscribo me encanto como explicas tu video de faja soy Hondureña y reconozco que las fajas colombianas son las mejores 👏🏻👏🏻👏🏻👏🏻👏🏻👏🏻👏🏻👏🏻,1
Muchas gracias por los tips😁😳😊😃😄😅 disculpa ya meavia dado cuenta desde cuando pero teves muy bien❤💞😊,1
Hola sandy muchas gracias es lo q andaba buscando,1
Me interesa este tema y mucho!!! Gracias!!! Abrazo dsd Argentina!!!😘♥️,1
"Ay! Yo no puedo andar con fajas , sufro mucho 😂😂, pero bien por las que las usan, besis querida Sandy 😘😘",1
"[nombre] me encantó, quisiera esa última que dijiste,dejamos saber cuando la consigas,la de Armenia también me gustó mucho.
Yo siempre he usado y ya estoy acostumbrada.
Te cuento que es primera vez que te escribo pero siempre te veo un abrazo 🤗❤️",1
Yo soy de Armenia y tengo una de Maria castellano son buenísimas voy a buscar la ante penúltima me gusto gracias me animaste a usar mi faja de nuevo,1
Siempre las uso hasta para dormir 👏👏👏👏👏,1
Gracias por compartir su experiencia sobre las fajas saludos y gracias,1
Muy buen video 👏👏bendiciones Sandy,1
"[nombre], yo amo las fajas 
La verdad cómo tú dices van moldeando tu cuerpo 
Yo tengo: cinturilla 
Tengo una enteriza
Short para aumentar la cola todas de Fájate 
Gracias por compartir 🤗",1
"Hola, Savyy  excelente ya sabemos tu secreto por eso te ves espectacular todo su lugar,gracias por compartir tu secreto😜,saludos y un fuerte abrazo desde Panama🇵🇦🙅🏼😘",1
Yo si uso faja todos los días y todo el día y pienso que asiendo ejercicio y una dieta si te alluda demaciado 🤗,1
Quiero  la última  para ponerla con vestido la quiero  👍👍👌❤❤,1
"Hola preciosa , me encanto tu video muy buenos consejos voy a tratar de usarlas , pregunta donde puedo conseguir las fajas colombianas",1
POBRECITA yo sentía que le daba un desmayo de tanto aguantar la respiración cuando se mide las fajas😅🥴 pero muy útil su video👍🏻,1
"Sandy a mí me gustan, pero si me la piel reacciona y me salen erupciones 😭😭😭😭",1
Hola como la consigo la quiero,1
"[nombre] muy buen vídeo,yo sólo uso fajas para cuando voy al ejercicio,las fajas de acá no se ven tan buenas como las q mostraste,habra q hacer ahorró para comprar una como las tuyas.
Recomiendas las q son completas? Me refiero a las q suben hasta la espalda,
Yo quiero una de esas por los gorditos de abajo de los hombros.",1
"Que buen tutorial de Fajas, muy interesante!!! cuanto cuestan una y otras???",1
"Yo uso las fajas fajate, fajitex, y maría salomé.",1
Savy muy buen video muchas gracias.  Aunque yo uso las camisetas fajas de Colombia. Y por supuesto soy tu compatriota. Muchas bendiciones.,1
Hola te recomiendo las fajas de sol beauty and cae tengo videos hablando de esa marca te recomiendo esas fajas,1
"Excelente informacion, yo tengo varias fajas pero siento que me asfixio y claudico..pero viendo lo bien que le han ayudado, creo me dare otra oportunidad...Sandy pero usted que talla es? Se ve delgada...quiza por eso le delinea bien..",1
so beautiful !!!!,1
Buenas noches SavvySandy. Me podrías decir sobre la faja que mostraste para hombre es también colombiana?  donde la puedo conseguir. O donde me puedo informar sobre ella. Te agradecería mucho que me contestaras corazón ❣ 😁,1
Gracias por la información Sandy que cuerpatzo que tienes con faja y sin faja saludos 😘 😘 😘 😘,1
Savvy yo no uso pero quiero comenzar  pero no se por qué tú no me Hase el favor de ayudarme soy primeriza  estoy en Magangue Bolívar Colombia gracias,1
"Saludos
¿Las fajas son caras?",1
"Bendiciones para ti Sandy, gracias mil por compartir ese video, interesantísimos, necesito por favor el link de donde puedo conseguirlas. Rosa Luna desde New York.",1
Quisiera ir a lo seguro y comprar bien una faja q me ayude e comprado body pero no recoge nada,1
muy buen video pero como se llama la 1era faja que dijo que la venden en walmart de la marca maidenform hay de muchas aveces no estan en la tienda y hay que comprarla en línea.. nombre porfavor..😊,1
La admiro yo me la pongo 20minutos estoy desesperada por quitarme la la faja,1
muchas gracias muy buena información,1
Me interesa una faja como puedo conseguirla,1
"Excelente video! Tienes razón, las fajas sin tremenda ayuda a la hora de vernos más pulidas 🤩 las de hilo me parece te quedan muy bien 👍🏼",1
"Excelente trabajo el que haces Dany, te felicito, porque quitar faja y poner otra de verdad que no es una tarea fácil, pero me gustó el video.",1
La faja es un complemento magnífico y por eso me encantó este video tan completo chama!!!!,1
Dani divina. Gracias por este video yo tengo una sola faja que es como la que tu dices que llega debajo de los senos y me hace una figura fantastica sobretodo con vestidos.,1
Danyyy mi dany dany me encantan muchos tus videos 🥰🥰🥰 tu contenido esta mejorando muchooo eres lo maximooo sigue asiii. Que chevere que pusieron el patreon voy a ver si me suscribo,1
hola daniela bella hermosa te felicitó por tus vídeos ❤siempre con tu onda 😂😂saludos desde argentina 🇦🇷🇦🇷💙,1
Hola dani  verte hoy me agoto porque yo me pongo una al día y salgo sudando y cansada como sera probar y grabar esa cantidad de fajas jajaja eres lo máximo besos,1
"Mientras enseñabas las que compraste en Amazon, yo pensaba en las que tengo en el cajón, si me funciona, no me funciona, esa también jajajaja las fajas son un mundo. Cariños",1
te recomiendo de la marca FREDERICK prendas remodeladoras q reafirman con el uso diario,1
Prueba las Forestal Womens en Amazon. Las mejores,1
"Has probado las fajas de Curveez? Definitivamente deberían estar en el reviews, mas de 2 millones de clientas en USA ya las han probado y estan felices. Me encantaría ver un review tuyo de ellas.",1
Me gustó mucho el vestido 😍,1
Puedes hacer un review de las de Kim kardashian ? Gracias ☺️,1
"Lo que hace el marketing, y yo pensando que eras las mejores del mundo.",1
"La tengo y no sirve. No vayas a botar tu dinero por favor. No hace compresión alguna, no achica ni en cintura, muslos ni recoge la cadera. Es como si fuera el material de una panty media y solo ayuda a q no se te marque la celulitis pero no achica NADA! Me arrepiento de haber botado $80 dolares",1
Puedes probar con las Skims?,1
Yo compre una en Amazon que llega debajo de los senos y es estilo tanga. Es súper buena no marca nada y deja la cintura súper pequeña.,1
"Paula andrea
Que tipo es?como se llama?
Muchas gracias",1
Usted puede hacer hasta un video explicando matemáticas y yo lo veo jajajaja,1
Siempre asertiva en tus apreciaciones! Me encantó el vídeo. Saludos desde Honduras.,1
Saludos a la dany del espejo 😂😂😂 cariño pa ti mamee,1
Loquita linda!! Describias la vaina como en el programa de presentaciòn!!🤭🤭🤭🥰👍,1
Prueba las Skims,1
Sol beauty and care,1
ahí no dicen que lastiman mucho,1
Para cuando la Skims???,1
"Q no la pruebe y no boté el dinero, la tengo y me arrepiento haberla comprado. No ejerce compresión alguna ni en cintura, ni muslos, ni rollitos debajo de la espalda es de tela muy delgada parecido a una panty media y no achica ni ajusta NADA",1
"El título nada que ver con el video, yo me qude esperando cual era la mejor faja del mundo como decía el título 🤦🏻‍♀️😒",1
Increíble para que lo vi? Dice la mejor faja del mundo en Amazon y ninguna de las que mostró sirve para nada!,1
Cha chá chá chá jajaja,1
Me has echo perder el tiempo el titulo pone las mejores fajas y nunguna me convenció ni ati ni ami deberias de cambiar el titulo,1
El vestido de donde es?,1
Daniela que vergüenza con la argentina 🇦🇷 las invitadas como Marián Habach que fue al podcast a hablar pura mamaguevada 🤦🏻‍♀️,1
En pesos Mexicanos?,1
"Cual es la faja que dices entre al link pero solo hay unas de 90 , 100 y  más",1
Yo solo en ocasiones especiales! Debido a mi colitis no puedo andar tan apretada 🤦🏼‍♀️🤦🏼‍♀️,1
"Si hay una y es la Ann chery , es como oye piel y te hace un cuerpo muy natural",1
"[nombre] las Mejores faja en COLOMBIA se llaman Fájate y su materias y costura es diferente y no te lastiman y si arman  mejor y como tú dices a hora en todos lados  las piratean ,es mejor buscar la página oficial de FÁJATE  . Mire el link que dejas te pero no aparece esa faja .gracias por la reseña .",1
Donde la compro.gracias de antemano.,1
Saluditos y gracias x compartir 😍🤗😚,1
"Buenísimo, gracias por el dato 😘😘",1
"Es q no se pone asi, se voltea toda hacia abajo y te la subes y cuando ya este arriba la volteas.",1
Me gusto el video 👏solo que en la página no aparece que vale 50$ vale 89$ creo ???donde busco que valgan 50$,1
Holaaa... Mi preciosa saludos😘💋💖,1
Saludos chula 💜💜💜,1
"La marca Fajate ,fajitex,Leonisa... también son buenas",1
Como vajastes tanto 50 libras porfavor dsnos tu secreto,1
Bueno esa es mi opinión de las que yo conozco de las que usan mis amigas y de las que yo eh comprado  😊,1
Me encanto la faja adonde  lo consigue  vivo en Oregón,1
Yo me medi y me acaba de llegar mi faja y no me quedó 😭,1
La marca cuál es??,1
Hola cuáles fajas estás usando 2019,1
Se ponen al revés para suban rapido,1
"Yoshi me encantan tus videos, tengo una pregunta?? después de cuanto tiempo de realizarte la cirugía bariatrica puedes usar faja??? Saludos desde Guanajuato México 💗❤️😘😍💋",1
Entonces las fajas ayudan de bajar de peso ?,1
AH !! HA !! NO MI FAJA NO ME LASTIMA Y LA TRAIGO TODO EL DÍA ME LEVANTA TODO,1
Solo de imaginarme todo el esfuerzo ya me canse jajajajaja pero vale la pena para una ocasión especial! Saludos Bella 😘,1
Nena yo si conozco una faja colombiana que es como una segunda piel. No es para nada incomoda la que yo conozco y tengo es súper fácil de poner. Se pone al revés.,1
"No sé porque a ti te ha salido ampollas en los dedos, yo uso fajas colombianas y no me he dañado mis dedos, he visto otros vídeos en youtube de mujeres que usan fajas colombianas también y a ninguna he oído que se han lastimado los dedos, pero bueno, son maravillosas las fajas colombianas 👍",1
"se te ve lindo, pero se nota el cierre, eso es lo que no me gusta de las fajas colombianas la mayoria tienen cierres y se ven fatales. pero te ves regia",1
Y por cuántas horas  puede usarse la faja???,1
"No y no, la verdad para ser una faja Colombiana me parece q hay mejores e igualmente por un precio razonable. Es cierto que la faja viene más pequeña y q al principio se necesite algo de ayuda pero la cuestión de usar faja no tiene q ser terrorífico y por lo q cuentas sufriste mucho.. yo aconsejo que para mujeres que son de pierna ancha usen la faja larga. Ya que como bien saben cuándo tienes las piernas anchas suele partirce y notarse la faja.",1
"Se te van a hacer varices, por lo apretado de la faja",1
Esa faja no es colombiana las faja colombiana cuesta mas yo uso poreso se que esa no es colombiana,1
Esas son imitation no son originales.  Ya esta rota a in lado y Las verdaderas y originales la tela es completamente diferente....esa es gato por liebre.   Carol boutique ahi so estan Las originales. Lo siento  por decirles la verdad,1
por favor me avisa,1
Hablas mucho ufff cansador,1
Excelente 👌  $65 dol en eeuu final sale la compré  en una tienda colombiana son los distribuidores exclusivos me encanto,1
Hola si soy talla L y xl. En cintura uso jeans 14.que talla de fajas me recomiendas gray,1
Hola soy de Hato mayor donde puedo preguntar por las costillas,1
Necesito la 0214 con tirantes color veis y cuanto vale,1
que talla estas usando en la faja cinturilla,1
La faja no se sube ?,1
"[nombre], gracias por escribirnos. Nuestra recomendación para uso post parto es que puedas utilizar la cinturilla, siempre y cuando no estés en los primeros 3 meses después del parto, teniendo en cuenta que la compresión de este material es mucho mas fuerte que el powernet. Sino es mejor una la Faja Salome 0216 que moldee tu cintura y mejore tu postura. Esto ayudará con la flacidez del abdomen. Cualquier otra pregunta puedes escribirnos, feliz día.",1
La faja tiene varillas?,1
"¡Saludos Melva! Muchas gracias por escribirnos. Con mucho gusto le informamos que la referencia Salome 0315 cuenta con varillas flexibles para una mejor postura y moldear la cintura. Si tiene alguna otra pregunta, con gusto le ayudaremos. Feliz día🌹",1
que talla usas en faja,1
Guapisimaaaaa  que te miras gracias por compartir tu  secreto necesito varias de esas jajajajaja  que bellaaaa 😻😻😻😻😻😻😻,1
Deseando todo lo mejor para mochi en su operación  orare por el Dios los bendiga 🙏🌵🙏🤩👏,1
Aurora hermosa Tu Fuiste Mi Inspiracion Para No Sentirme Insegura...😍👌Mi Youtuber Favorita👌👌👌❤😍,1
Hola mi mejor d las mejoreees... me gustaría saber la página donde las compraste la colombiana y la de segunda,1
[nombre] prueba las body Flex  as una reseña porfis de esas fajas🙏🙏,1
Aurora cuál recomiendas para usar con pantalón ? Muchas gracias ☺️,1
Aurora ahora que vengas a monterrey busca al doctor Sergio alvarez Garza esta frente al hospital san jose es un ginecologo super bueno ojala pudieras ver su facebook [dato quitado] Que es un angel ayuda a tanta gente ojala puedas visitarlo es un gran doctor,1
Aurora muchas gracias por tus videos yo tengo poco de verte pero diario veo tus vídeos me encanta tu familia me recuerda a mi familia muchas bendiciones,1
Hola aurora Gracias x compartir con nosotros los tips y muy buen viaje Dios los cuide,1
Me encanto el tema de las fajas muchas gracias 😊,1
Guapa como siempre mi querida aurora y lluvia de bendiciones para el mochi en si operación los tenemos en nuestras horaciones,1
"Con faja o sin faja estas hermosa 👌🏼😍 ya
Yo ya no me atrevo a usar vestidos pero tu me animas 👗💕",1
"Tu tienes mucho ángel no necesitas nada y de tu mochi primero Dios todo va ha salir muy bien, saludos",1
Las fajas son muy buenas las colombianas me en canta 🇨🇴🇨🇴🇨🇴 que bueno que te gusten sirven para moldear el cuerpo son de mi lindo país 🇨🇴♥️ Aurorita Dios los bendiga te mando muchos 😘😘🙏🙏,1
"[nombre]! Me encanta tus videos! Debes intentar las fajas de Curveez! Me encantan, son de alta calidad y de precios muy económicos.",1
"Hola aurora, que padres fajas que bien moldean la figura",1
Gracias por compartir 👍   que tengas una linda noche 🙏,1
Gracias eres muy linda Aurora me encanta tu forma de ser y tu familia bendiciones,1
Hola hermosa me encanta verte un saludo desde Minnesota gracias por compartir la información,1
Que bonito tu maquillaje y tu ropa💖💖💖,1
"Hello, por fin un vídeo de fajas 👏👏👏, hace años no hacías uno, haz uno de brassiere y panties cuál es la mejor calidad, no victoria secret please.",1
[nombre]!!!! Saludos de Uruguay 🇺🇾😍🥰💕!!!!,1
Hola hermosa yo si quería saber gracias saludos 🙋 desde el estado de México 😘,1
Eres una loquita bella me encantan tus videos ......sabes Aurorita yo uso fajas creo que la marca es salome es colombiana y las uso en talla M y son buenísimas ahora me toca comprar talla S porque estoy haciendo dieta tomo productos herbalifes y en 3 meses he bajado 16 kilos y estoy muy feliz voy a pedir algunas por Amazon para mirar gracias por el Haul saludos desde Colombia besos y me alegra saber que tu esposito ya esta mejor 😘😘🥳😍👍🙋‍♀️🙋‍♀️,1
Que buen video. Que linda dios te bendiga saludos desde colombia. 🇨🇴😘,1
Yo amo las fajas a pesar q soy delgada me gusta usarlas por q forman mejor el cuerpo  soy de Colombia Barranquilla y tengo la q tu tienes de acá y me encanta 😉😉😉,1
Hola mi linda Aurora Saludos de Lima Perú. Cuidate,1
Aurora  saludes desde el salvador me encantar ver todos sus vídeos linda,1
Gracias gracias por el taxi yo andaba buscando una ;),1
Saludos hermosa😘😘 desde Houston tx!!,1
Saludos me gustaron mucho las fajas la verdad q no puedo usar vestido x q se me ve barrigona a pesar q hago ejercicio Gracias Aurorita x indicarnos las fajas,1
Hola 👋 mi belleza saludos  y bendiciones 💕🙏🙏desde el campo tx,1
Quiero la primera  como vestidito❤❤👍😘,1
Me encanta aurora elizondo,1
No manches aurora se  te ven super vien gracias x los tip xk la verdad no somos perfectas y me da gusto k tu k te ves super bonita en tus videos nos muestres k eres como cualquiera de nosotros saludos 😁 desde Chihuahua,1
"Eres muy linda, me encanta tus videos",1
Hola mi hermosa Aurora 🤗😘❤️👍,1
[nombre] me encanta la faja de shorts  pero aquí en españa no me aparece en Amazon,1
Saludos desde monterrey 🌟,1
Tu peinado porfis enséñanos 😍,1
"SOS!!!!! Necesito consejo.Nunca he utilizado faja pero ahora quería comprar una para un vestido.Una beige tipo pantalon corto.Mi talla normal es la L ¿Entiendo que para que apriete tengo que comprarme una talla menos, la M no?",1
aurora hice l dieta del huevo y me junciono gracias x l dieta 👄,1
Yeiiiiii creo que tengo que retomarla ahora yo 🙈,1
Yo uso una de Amazon también y hace un cuerpo de quirófano (espectacular) 🤣🤣🤣,1
El vestido verde donde lo compraste ?!,1
"Justo el día de hoy ando con todo esto buscando fajas, vinagre de manzana y todo lo que tenga que ver con peso o bajar de peso después de mi segundo bb se me esta siendo difícil y hoy con esta cuarentena más, gracias por compartir tus consejos 🌺",1
"Sería bueno que te informaras sobre lo que vayas a usar o consumir, dicen que el vinagre de manzana es muy bueno pero también es peligrosa (dependiendo del organismo) pues es muy fuerte, cuidado si estás lactando por qué puede afectar al bebé 🦋",1
Te ves MUI linda guapa. Me gusta tu makillaje    tienes un cuerpo perfecto.   Mui perfecto.     Y te ves bien.  Todavía no veo completo el  video y  ya dándote like. Eres mi. Persona favorita,1
a mi también me pasa eso ☹,1
"Lonjitas libres, eso está bueno 😁😁😁. Yo si tolero las fajas pero es cierto, muchas no☺️",1
Quedaste hermosa,1
"Hola buenos días, estoy interesada en unas fajas como hago?",1
"Hola, escríbenos al [número] y te asesoramos con todo gusto.☺️",1
Si me operaron de un quiste  del ovario  me puede fajar en una semana,1
"Apenas voy a cumplir una semana de post parto y la abuelita de mi pareja también nos dijo que no durmieramos juntos el duerme ahorita aparte y yo duermo con mi bebé y pues si siento feo ya que me acostumbré a tener a mi chico a lado , y el sangrado alguien sabe cuánto dura , y de la faja saben cuánto tiempo se usa , por qué cuando la dejo de usarla siento un vacio .",1
Doctora usted es la MEJOR... Ojalá en ECUADOR haya doctoras como usted 😭😭😭😭😭😭,1
"Amé este video. Es una de las mejores doctoras que existe, nos saca de cualquier duda!",1
"Muchas gracias doctora, usted es una salvación para nuestras dudas e inquietudes ❤",1
"Muchas gracias hermosa, como siempre un alivio contar con su asesoría",1
Amo estos videos. Explica muy bien la doctora. Muchas felicidades y gracias por compartir su experiencia laboral,1
"Muchas gracias Dra , sus videos me han ayudado mucho a lo largo de este proceso.",1
"Doctorcita, mil gracias,era justo la información que tanto buscaba ❤",1
eres la mejor ! eh visto tus videos semana a semana ya eestoy en la 38 semana Gracias 🙏🙏🙏,1
"Muy buen video, a mí me ayudó mucho después de mi cesárea te da soporte y seguridad, gracias por su tiempo doctora.",1
Excelente consejos ... Soy mamá primeriza y tengo miles de dudas .. pero usted aclara cada una de ellas.. saludos desde México..💐,1
"Hace pocos días tube a mi bebe y definitivamente este canal me a ayudado muchísimo, muy buen canal felicitaciones",1
"totalmente de acuerdo, soy nueva  por acá y las fajas son muy importantes. Gracias Doctora.",1
Muchas gracias por la información Dra!!! Voy a seguir sus consejos ahora que nazca mi bebé!! Bendiciones Dra. Siempre usted tan simpática y profesional!!!,1
Por fin una Dra. que conocimiento de causa SI recomienda el uso de la faja. Las que lo rechazan ni siquiera saben lo que es ser madre y se dejan guiar por teoría.,1
2 años desde que subió este y otros vídeos en este año estoy esperando a mi bebita ya 30 semanas y desde mi comienzo e mirado casi todos sus videos y ahora mi bebita 😊 cada q veo un vídeo de usted ella reconoce su voz y empieza a moverse como si fuera música para ella 🥰 muchas gracias por tomarse un tiempo para subir cada vídeo 🌹 para quitarnos esas dudas sobre nuestro embarazo.🤗,1
no y es por eso que es muy necesario que te acompañen si no te sentís lista.Posts yo me salvé por mi pareja que entro a ayudarme a salir rápido y al recortarme ponerme la faja,1
X2 es horrible 😢,1
Usted es una linda... doctora veo sus videos con mis 2 bebes... Y todo lo que usted dice es tan cierto..,1
Te pusiste epidural?,1
Como te fue con la inducción ?? Estoy a muy pocas semanas,1
Muchísimas gracias por sus videos. Son muy útiles.,1
"Lo que necesitaba 😊 gracias Doctorita😘ya han pasado 5 días de mi cesárea, empezaré a usarla.",1
"Lleva pijamas cómodas para tí lleva unos 3 pañales para adultos, crema hidratante recomiendo una neutra sin perfumes, y para el bebé pijamas por lo menos 3 o 4 cambios pañales etapa cero acá te dan en la clínica... Es como lo de rigor",1
Buenas tardes como puedo hacer para conseguir la faja..? 🙏🤷‍♀️,1
"yo ahora estoy en la semana 34 por eso ando por aqui🤭, mi bebe es niña y ya pesa 2,523 gramos",1
"Mi duda quedó aclarada 😁😇, muchas gracias!!!",1
"Dra cada vídeo suyo es un placer de ver, aprendemos mucho con sus explicaciones claras y precisas. Dios la bendiga siempre. Cariños desde Perú",1
"Doctora un abrazo, Dios la bendiga muchas gracias x todos sus consejos, en EPS lo atienden a uno en dos minutos y para afuera la siguiente... poder contar con sus consejos es una bendición.",1
"explica muy bien!! 
para mi experiencia usar faja desde los primeros días es lo mejor! ayuda y te sientes muy segura.",1
Estoy de 32 semanas y es algo que también me he preguntado definitivamente optó por faja ❤,1
muchas gracias doctora me aclaro muchas dudas sobre la faja postpasto. bendiciones,1
Gracias. Excelente,1
"De verdad que cada vez que veo su canal, pareciera que sabe mi dudas y me sale el vídeo indicado para la misma, la amo 😍❤️🙏",1
Gracias me aclaraste muchas dudas mi hijo nació hace 5 días y ahora me compraré la faja para empezar a usarla,1
Tiene toda la razón si ayuda bastante no sientes que se te cae todo o el vacío que ella menciona úsenla de verdad ayuda bastante a la recuperación,1
Yo aquí escuchando el uy  como aguanto😢.. porq ya llevo 2 meses sin faja. Mañana ya me compro una,1
Hace unos días tuve a mi bebé 💜 y justo en la sala de partos puse en práctica los consejos de la Dra ❤,1
"Doctora muchas gracias yo Di parto por cesárea y el video es muy importante, pensé que era la única con este tema ...
Muchas gracias doctora .",1
Gracias doctora,1
aqui en mexico te ponen una venda después de la cesárea que a mi paticularmente me ayudo bastante,1
"Totalmente de acuerdo ☝🏻 con las fajas, en mi caso al nomás me dicen que puedo irme a la casa me pongo mi faja y pues siento que me ayuda hasta para caminar porque en mi caso siento que todo me queda tan flojo que necesito un apoyo en mi cadera que sostenga lo caído .",1
Dr estoy a 13 días post parto y déjeme decirle que en esos momentos solo pensé en sus consejos ... Me sentí un poco más preparada en el momento y me fue muy bien ...muchas gracias por compartir sus conocimientos ❤️🫂,1
Aqui en Estados Unidos El hospital me Dio faja con mis 2 cesarias. La verdad ayuda mucho❣️,1
"Hola! Mi bebe tiene 5 días de nacido, estoy con los dolores de la cesárea y usted siempre respondiendo mis dudas",1
"[nombre] desde México le envío saludos, mi bebé nació martes 11 de Julio año en curso, me sirvieron mucho sus consejos respecto a cómo respirar y en qué momento pujar. Gracias a sus videos entendí todo el proceso.❤",1
"Oohhh mi experiencia con cesaría que fue mi tercera hija, fue lo mejor!  Me daba seguridad para poder empezar a hacer vida normal y es verdad no era para apretarlo mucho era solo para sostener y sobre todo al toser jajaja que miedo me daba! 
Con este embarazada gemelar y la última niña con cesárea pienso que iré nuevamente a cesárea y lo primero que meteré será la faja pues con dos tendré que estar mas dispuesta a hacer todo doble.",1
Yo tuve mi bebe hace 25 días y la verdad la faja fue una ayuda para mi tanto como para bajar la panza como para hacer mis cosas la verdad eso fue mi salvación la bendita faja,1
"Creo que a todas nos pasa lo mismo, compramos cosas que luego no utilizamos 😅 sobre todo las fajas 🫣",1
"Me pasó lo mismo después de mi cesárea no soportaba las fajas, las que compre no las use por la incomodidad de no poder cargar bien a mi bb o darle de comer, me encantó tu vídeo pensé que era la unica",1
"¡Dani, gracias por compartirlo! 💛 Me identifico totalmente contigo… yo también sentía que nadie hablaba de eso, y pensé que era la única que no podía con las fajas. 

Entre la incomodidad, la cesárea y el querer cargar a nuestras bebés… se vuelve muy frustrante.

Qué bonito saber que no estamos solas en esto.🥹

Te mando un abrazo enorme, y gracias por estar aquí 💫",1
[nombre] q mentiras!!!!!!,1
[nombre] ❤,1
Yo use Faja por muchos meses y para salir a la calle la use hasta el año pero a causa de eso me salio quiste de Bartolino doctora puede hablar de ese tema por favor 🙏,1
"Yo nunca me sentí cómoda con la faja porque me causaba dolor el hecho de sentir presión en el estómago, actualmente estoy en mi semana 5 de recuperación pero en una noche mi hijo se estaba ahogando con el reflujo y de mi cama salté prácticamente al lado de él para rescatarlo y fue cuando sentí un tirón, ese tirón me está causando dolor y chuequeo para caminar, mis familiares dicen que ya me causó una hernia, me pregunto si es verdad el dolor es más hacia la ingle",1
"Después de la cesárea, el médico me prohibió usar faja y si me sentía mal.",1
"[nombre] por este video,❤

Podria hablarnos sobre fistula recto-vaginal,


Saludos y bendiciones.",1
En algo tiene que ayudar !,1
"Lo que si hay que tomar como correcto de esas fajas es que elevar la temperatura corporal si ayuda al consumo calórico, por ende si ayudan a bajar de peso pero.. no porque transpires, mas bien porque estás teniendo un extra de consumo de calorías. Es peligroso por el exceso de pérdida de agua y minerales que el agua propia no entrega.. pero si te suplementas y tomas agua con limón y sal.. en vez de agua ""mineral"", no hay ningún riesgo",1
La verdad si sirve yo la acompaño con flexiones y quema grasa,1
Las fajas con bailes reduce la grasa  y teniendo una buena alimentacinon y q deberia d comer q dietas tengo q aser,1
"Compartan , muchas mujeres caen en esto 😞",1
Y como se supone que se pierde grada 😅,1
"Hola,guapa puedes hacer un video de como poner una faja enteriza? ?? Muchas gracias😊!!!😘😘😘🌹",1
Hola les compré una faja chaleco talla s pero en realidad necesito la xs que puedo hacer,1
Como se hace para que no salga los rollitos por encima de la faja,1
amateur Romina si yo también me comprare otra suerte bye*,1
Hola yo la compre hoy a ver como me va.,1
"Hola ❤, soy [nombre] y quisiera saber si no es mucha molestia… Cuando se sienta se dobla?",1
Para ser sincera no lo sé. 😅 Pero creo que de algo a de servir. 😅😅,1
Hermosa visita nuestra web,1
Hola buenas tardes que precio tiene el 1535,1
Hola amiga asen envíos a provincias,1
Adonde las puedo adquirir,1
Cuanto vale y la envían por favor?,1
Cómo conseguirlos en Perú,1
Cómo puedo hacer pedido 😅,1
Cómo la encargo,1
"🍑GRATIS Descuento de 15% en 🇺🇸 Y 🇨🇦: 
UE🇪🇺-UK🇬🇧: 
MÉXICO🇲🇽: 
OTROS PAÍSES🌎:",1
Hola cuánto cuesta y tienen envío para Venezuela,1
Hola mi nombre es [nombre] d la ciudad d Sanfelipe . Tengo una tienda q quiero vender su producto faja,1
"Mi baja es de mi talla y me duele orrible las costillas , me duele como cuando seme estiraba ene embarazo pero ahora me duele por que se estaba errando con la faja",1
Yo también la tengo la colombiana y es muy buena,1
Wow todo entendido . Me aclaraste muchas dudas. Saludos d,1
Hola mira estoy usando la cinturilla después de mi.lipolazer pero hay una varilla en la parte de atrás de la cola q me duele,1
"Hola bonita, yo me compré una y se me ve así como a ti, solo que no conté con que en la espalda se me sale una como llantita de atrás y no me gusta y pues no puedo presumir la cintura por el gordito de la espalda",1
"Hola chicas, disculpe una pregunta alguien que separa de alguna distribuidora que haga envios de esa cinturilla o cinturilla con 4 hileras y que mida 34 cm",1
Are faja's only to be used for after a BBL? or can you wear a faja just to wear one without surgery at all?,1
La faja es piel  original,1
"Porque no es tu talla correcta, ademas de que tiene un uso y lavado adecuado para que los materiales no se dañen, como lavar con jabón suave en la parte interna, no retircer al sacar el agua de la faja, y dejarla secar a la sombra",1
no pasa nada trate de usar la faja sin ningun producto q sea humedo y usela solo 8 horas saludos,1
hola amiga es preferible q tu uses la faja chaleco asi con el paso d los dias se te moldea tu cuerpo,1
dependiendo el pais esas son hechas en colombia pero si se envian de pais a pais,1
Aunque creo que eso no va en el peso si no en lo que mide tu cintura y cadera,1
En España donde se puede comprar esa de látex ???,1
La venden en amazon,1
"fíjate que peso 136 actualmente y no siento que apriete mucho en la taya S en el segundo broche, ya en el 3th broche si duró más de 3 horas con la faja me da dolor de espaldas. Ya que pesas 115 si compras una taya S tendras que usarla en el último broche y si bajas cinturas tendrás que comprar otra faja porque esas fajas no se cosen para ponerlas más pequeñas. Dicho esto saca tus conclusiones espero te haya ayudado en algo.",1
muchas gracias si me ayudaste muchisimo 🤗,1
También puedes practicar la hieloterapia,1
"Como puedo pedir esa faja idéntica, gracias.",1
Hola donde la puedo comprar,1
Faja la cinturilla saca los gorditos de los brazos y parte como las caderas (algo así ),1
Amiga te puedes poner crema hidratante para no crear estrías o usar alguna crema para quemar grasa,1
LA de latex xq presiona ma's y LA re licra rapido she ba estirando,1
Ann chery! Buenísimas,1
"Si eres s de Colombia, hay una página que las vende a 68.000",1
Una pregunta si la usas diario ¿no es malo después de comer?,1
"Una duda, las fajas de varillas suenan al pasar por el detector de metales en el aeropuerto por ejemplo? Imagínate que oso tengo esa duda gracias",1
Mujer del diablo como tu puedes a rsspirar con esa faja n su cintura ay mi madre,1
"Se dice ""me redujo"" 😉",1
"Excelente video, para una descision de usar o no faja, saludos",1
Amiga quiero la mía hay que comprarnos otra,1
Está increíble 😍,1
A ti por ver!! Saludos,1
"Está padrísimo eso de la faja colombiana yo la verdad usó faja sí ya la quería comprar pero pues no he tenido tiempo igual y con este video ya me super ánimo .
Solo que no sabía así como eso de las tallas que comentas",1
Tocaya de por sí tienes un super cuerpazo ya eso es avaricia 😅 pero que bueno que me das este tip la voy a comprar por que después de 3 hijos todo se pierde 😌,1
Bendita faja jaja 😃,1
Gracias bella por la corrección!! Sabes que no me se expresar muy bien jiji gracias,1
Que emoción! Me alegra mucho saber que te sientes bien!!! El post operatorio es duro pero definitivamente vale todo la pena! Muchas gracias por ver el vídeo 😘😘😘,1
Gracias llevo un mes y medio de operada y tu no te imaginas el martirio k es para mí las caderas con esa espuma mil gracias por lo de la toallas voy a ensayar a ver si a mi me sirven lo otro con lo k no he podido es la picazón pero a mi no meda alergia simplemente me pica.pero gracias por tu video,1
Sobre otra persona yo yebo 6 meses semeiflamaba como tu pero 2 masajes la última que menso semestre esta quitando el inchado dure  6 meses y todavía me falta,1
Los masajes son una maravilla,1
[nombre] como estas? Como sigues? Gracias por ver mis vídeos que bueno que te gustan. Según entiendo cada faja viene como con una tabla de tallas. La idea no es que te sientas cómoda sino que sientas la presión… ahora bien no debes sentirte como estrangulada tipo sin respiración…. No se si me hago entender,1
Donde consigo la espuma,1
Claro mira este es el correo [dato quitado] y este es el número [dato quitado] [número] es la señora [nombre],1
Que tiempo te quedaste en el apartamento y cuanti te costo en euros,1
😂nena ya tienes suficientes fajas pa empezar un negocio 😊,1
"[nombre], voy a sacarle tiempo para ese video, he aprendido varias cosas espacialemente con la cicatrizacion del ombligo, asi que en unas semanas voy a aser el video con seguridad. Gracias por ver los videos y que bueno saber que te han servido. Como vas con tu recuperacion?",1
Yo use el epifoam pero me picaba y sudaba horrible,1
"Hola me encanto encontrarte, tengo mi cirugia wn un mes, vivo en NY, pero traje todas mis fajas desde Colombia, de fajate. En mi talla de ropa normal soy M, y traje 2 talla M, 2 tallas S y 2 talla XS. Pero ahora me da miedo que no me quede la M en un primer momento. Como fueron las tallas de tus fajas con relacion a tu ropa cuando saliste de la operación? Yo me voy a hacwr un BBL, las fajas de fajate las veo muy fuertes en la cola, tu crees que estan bien? Me encanta Fajate pero quiero estar segura de tener todo o pedir unas mas para antes de mi cirugía, ayudame porfa 🙏",1
"[nombre], tengo una pregunta. Aun sientes esa sensación de ""quemazón"" en la espalda debido a la lipo? Yo llevo 2.5 meses de operada pero aún siento que me quema. Cuánto más durará esto??? Gracias por tus videos, me ayudaron mucho.",1
"[nombre], yo pienso que la sensacion de quemazon me duro unos tres meses larguitos, lo que cambiaba era la intensidad de la sensacion por ejemplo los primeros dias era doloroso y ya al final del tercer mes se sentia que quemaba un poquito pero no era grave. Por ejemplo cuando dormia y me levantaba como que sentia esa sensacion de quemazon pero era cada vez mas leve hasta que desaparecio! Gracias por ver el video :)",1
"Hola hermosa gracias por compartir tu experiencia, yo tengo con hoy 18 dias de operación y mi dr no me recomienda nada de tabla, ni esponjas, solo la faja,😢",1
"A Dios gracias me a ido super bien tuve 000 dolor desde siempre, creo que mi lumbar al dolor es muy fuerte y hasta hoy dia todo marcha como debe de ser, y claro a hacerle caso al medico él ya me explico porque las dejaron de recomendar!!!",1
"[nombre] muchas gracias hermosa, claro que si ya subiré videos",1
[nombre] si Gracias ya este mes si Dios Quiere voy a comenzar a subir Videos y Muchas gracias por las sugerencias. Las tomare muy en cuenta,1
Alma Je Suis si Hermosa son una chulada,1
"Recuerda que debes comprar tu talla y que tu cuerpo no está acostumbrado, opta por usarla una hora al día y vas aumentando el tiempo de uso, eso te ayudará a que tu cuerpo se vaya acostumbrando y te será mucho más fácil usarla",1
¿Como eliges la talla ?,1
"Lady B lo más ideal es que las compres en persona para que te las puedas medir, por que yo también había comprado en línea y nunca me quedaban",1
cuando subes el video ya lo e esperado :c,1
"ayra LH mil disculpas he tenido un mes un poco complicado, pero prometo que la siguiente semana te tengo el video listo",1
¿En donde la compro?,1
"La que usas es igual una Faja Reductora, a mi me recomiendan la Faja Reductora Efecto Sauna, no se si me sirve también para moldear el cuerpo :(",1
Como se llama tu Faja?,1
que marca utilizastes,1
Hola de donde si eres de colombia  aquí te recomiendo las fajas MYD o FAJATE,1
"Son mis favoritas,  me resultaron las fajas!",1
Si endelgadese la cintura🤔,1
8 horas seguidas?,1
Mi instructora nos pedía faja solamente los días que trabajábamos pierna para prevenir alguna hernia o lesión en las lumbares.,1
Como dice mi mamá nada más efectivo para bajar de peso como dejar de tragar,1
[nombre] que faja utilizas ?,1
"yo mido 73cm de cintura, y 105 de cadera, en realidad me gusta mi cuerpo ahora pero me comprare una solo para amoldar más",1
"Me compré al fiiiiiin una faja, la usaré sabiamente 🥰  💖",1
"Cuando tuve mi primer bebé use faja todo el día hasta para dormir, y la verdad si noté una gran mejora incluso mejor de que como estaba antes de embarazarme, llego el día que ya no la use y me pregunto mi hermana, traes faja por que ya me veía con esa forma. Use ahora si que de la que tenía primero de las que son body todo de licra y despues una cinturilla para dormir",1
Gracias por este video!!!,1
"Hola 🙋 Anita, una pregunta yo trabajo piernas y glúteos 2 beses x semana , pero cuándo trabajo tren superior que son 3 días al terminar   el cardio 45 minutos  ¿ Estoy bien o estoy mal???? García espero tu respuesta mujer bonita 🍎",1
Yo adoro mis fajas claro intente dormir con ellas pero no pude pero la uso todo el día usen fajas es muy buena,1
O sea que en 4 años la reducción de la cintura ha sido 5 cm ... lo que quiere decir 1.33 por año...,1
Yo también en algún momento dormí con faja como la de color negro que es alcaforada y me cree yo misma un hernia hiato mis órganos y más el estómago casi se comprime fue lo que me dijo el gastroenterologo ya no puedo usar ninguna faja.,1
A mi un médico me ha dicho q no la usara porq debilita la musculatura lumbar e q con el tiempo puedes tener problemas de hernias y dolor en espalda...,1
Para poder reducir un poco el peso la faja tiene que ser de látex ?,1
"Yo las usos con papel film y mentol cuando hago ejercicios o abdominales, es efectivo, todo se acomoda y sí reduces con una dieta adecuada.",1
Ola me puedes decir cual es la última faja la de refuerzos. Como se llama y donde la puedo conceguir,1
Para hacer ejercicios para el abdomen se puede usar faja?,1
Ana me gustan esas mallas de donde son?,1
K marca es tu faja Mónica Mojica,1
Acabo de comprar una,1
Podrias decir los nombres de las fajas plis y donde las compraste,1
Wuw tipo  de tela debe  ser para la faja  de noche... me imagino que  no tiene  varillas 🤔🤔,1
En dónde se compran esas fajas? Con qué nombre o material se lo compra?,1
"Para llevar 4 años con faja, no se le ve casi cintura",1
"NUNCA, SI EL EJERCICIO Y LA ALIMENTACIÓN SON BUENAS, CUAL ES EL SENTIDO DE USARLAS, PARA DORMIR, LO MAS CÓMODO POSIBLE, PARA EL TRABAJO PESADO SOLO DURANTE LA REPETICIONES, PARA COMER MENOS , RACIONES PEQUEÑAS...SALUDOS...ERES UNA EXCELENTE DEPORTISTA,  ANA MOJICA TE ADMIRO MUCHO , PERO NO DICIENDO ESTO PORFA...",1
"Hola ana buen dia alguna rutina para bajar él abdomen, talle,? solo hago caminar y correr en la maquina , gracias y dios te siga bendiciendo 😉🙏🏻",1
"Tengo colitis  y no aguanto ni mi ropa y,,😭😭menos una faja k ago😭😭😭😭",1
Cómo hacer una pregunta y quería saber si la paja se puede utilizar durmiendo si te demora el cuerpo,1
grasias por contarnos tu experiencia al igual que tu uso faja colombiana amo el ejersisio no soy tan disciplinada como tu pero le echo ganas.saludos desde california amiga espero mi like😁,1
"La deje de tomar encerio cuando dijo que usaba faja para sudar jajajaja como si ya por sudar fueras a perder mas grasa en esa zona jajaja, se ve que no sabe nada, aveces hay gente muy entrenada y con años de experiencia en el gym pero apenas abren la boca y te das cuenta de lo poco informados que están, tanto que entrenan su cuerpo y no le dedican ni tantito tiempo a entrenar su mente ://",1
"Espera a cumplir 60 años y verás las consecuencias.Te lo digo con respeto; tengo una tía que desde que la recuerdo usa fajas,no se las quita ni para dormir,eso sí siempre muy acinturada y con el busto muy levantado.Ahora tiene poco más de 60 años y es un costal de achaques, el médico le dijo que el uso constante y permanente de fajas afectó la producción de colágeno más de lo normal,por lo tanto no puede caminar por el enorme desgaste de las rodillas, igualmente los huesos de sus manos no le permiten mucha actividad. Su piel se ve muy ajada por la pérdida de colágeno, le han administrado inyecciones de este  para ayudarle a sus rodillas pero a pesar de lo caras que son,no le ayudan mucho. Igualmente tiene varices y la presión muy alta.Mi mamá tiene su misma edad,pero ella núnca ha andado toda fajada y puede hacer mil y una actividades, sin ningún problema ni achaque. Usa tu faja,ahora que eres joven, sin embargo no estaría de más la opinión de un médico. De que hace cintura es innegable, pero yo al ver a mi tía,siento que no ha valido la pena cambiar salud por apariencia.",1
"En la noche yo no la aguanto pero voy a seguir  tratando,gracias",1
"holaaa, de donde son tus tres fajas?",1
"[nombre] Anita Hermosa llo me tengo que comprar otra faja porque me las acavo muy rapido, voy a buscar en Amazon una de doble velcro, gracias por conpartir tu experience. 😘",1
"[nombre] , se pierde grasa a través del sudor o se oxida por la respiración? Ya me confundí , amo tus videos ❤️",1
This there an ingles version? 🙈 I really want to learn,1
fajas jajajjaajajaj fajas jajaajjaja paaaaaaabreeeee,1
Intusiastas* no existe deja ya de decir esa palabra. Repite mucho.,1
"Espero no sea tarde y veas mi comentario :'( resulta que ningúna faja me ayuda, si me las pongo, y me han ayudado, cuando digo que no me ayudan es que tengo mis caderas mucho más grande que mi cintura, y a la hora de ponerme las fajas, cualquier tipo, en la parte  de la cadera se dobla toda la faja y me lastima :'( no puedo como quien dice poner la faja en el estomago bajo (por que esta la cadera) y siento que a largo plazo me va a dejar una panzita xc osea muy chiquita cintura pero con esa panzita de bajo, espero me haya dado a entender",1
"Anita una gran duda, tanto entrenadores como nutriologos deportivos me comentaron por años que las fajas para sudar no tienen sentido pues la grasa no se suda... 🤔🤔🤔🤔",1
tu eres un encanto me fascinas todita  ternura te miro y te miro y como quisiera ser ese hombre q te Amaría asta el final q mis pulmones dejen de respirar felices sueños tesoro,1
no me jooooo... como para dormir podre zona media la edad te va a pasar factura algun dia no te preocupes,1
"Super hermosa AMIGA, me gustó mucho tu opinión tan sincera, que lástima que no haya sido la mejor calidad, pero mirando las fotos que bueno que si te ayudó un poco, te mando un beso enorme.",1
"aww amiga esta faja me abia intrigado desde antes ,ahora solo uso para sudar en el gym😂 xq si esta cara😂😂😂 oyes con que editas nena😍😍😍",1
Tu no necesitas faja de esas ...hay corsé preciosos colores vivos y visten mucho ayudan igual😉,1
Hola amiguita que bueno escuchar tu experiencia yo tengo como cuatro fajas reductoras...bueno ahora ninguna me entra ni por magia estoy muy rellenita pero tengo una que compré en la feria y era con tirantes y esa si es buena yo si vi como baje tallas...eso que cuentas de las varillas es bien común que se salen o quiebren por arte de magia y allí ya perdió toda calidad esta....ojala encuentras otra uno siempre puede pasar por esto y es muy incierto en ocaciones con la calidad y terminación de costuras de este tipo de prendas...Cariños Marcela,1
"si  mi  bella  brenda...pero  tu  estas  muy  delgadita  no  creo  q  lo  nesesites..je,je..saludos  bella.",1
[nombre] oye mujer donde la compraste,1
Hola disculpa la faja por dentro es látex o igual como telita,1
busca el enlace que esta aqui abajo en la descripcion del video  ahi lo compre,1
"hola disculpa las molestias no tengo idea que talla comprar peso 70 kilos y mido 1.60 cm y
 soy talla 8 por que la 9 me queda grande y la 7 me queda ajustada tu bebe un bebe hace 10 meses",1
EntOnces si lo recomiendas ??,1
Para las gordas?,1
OMG . Yo leo los comentarios y no entiendo la gente no sabe escribir. Oly necesitas un poco mas de animo para hablar.,1
tu faja es china,1
La faja se debe poner de abajo hacia arriba,1
No se ve nada con las letras.,1
Ta wenaaa weona! jajaj dediquense a  hacer gym q es lo mejor para el cuerpo 😉,1
se ve que si funcionan las fajas pero a la hora de medir diario le quieren aumentrar se pasan,1
x fa no hablen con tanta emocion y q a la vez pausadamente Parece un gallinero y no agrada ver su prog.,1
Gracias por este vídeo .. agarre una y me en canto llego muy bien,1
"Empezaré a comprar estas fajas para ayudarme a verme bien 😊, gracias y saludos desde Japón 🇯🇵",1
"[nombre], excelente video❤❤",1
"Agradecida con tú video, definitivamente voy a tratar ésta línea de fajas.  Los precios son bastante razonables y si Desirée los recomienda pues es un sí de mi parte 😊",1
hola Desiree soy chilena y siempre te veo tu puedes poner ropa y acesorios para mujeres  mas vajitas y podamos lucirnos tan hermoza como tu yo vivo en Australia gracias,1
"Son un éxito. Tengo 2, un short cintura alta q lo uso hasta con jeans y se nota la diferencia porque mis amigas me dicen q he rebajado! 😂 otra de complexión más fuerte, para ocasiones especiales, y todavía no la he usado.",1
"Así es hermosa, yo uso algunas veces, y son excelentes!!!👍🏻🇲🇽",1
Está debajo del video! 😊,1
Me alegro mucho de poder ayudarte,1
Muchas gracias ❤,1
Muchas gracias no sabía cómo usarla pero me ayudó mucho su vídeo,1
"Muy buen video gracias, justo lo que necesitaba para decidirme. La voy a comprar",1
"La he comprado hoy 6 de dic 2024 y no sabía como ponerla, gracias por enseñar",1
Ésta faja no se dobla si lo sujetas bien,1
"Se puede cortar si queda demasiado larga, ya que yo soy xs",1
"A mí no me gustó por qué se hace churro , se amolda pero se hace churro si te estás doblando o agachando mucho",1
Precio y en dónde la compro,1
Cuantos días te tomo,1
No se les enrolla y mueve??,1
"Porque los fabricantes de fajas o mejor dicho nadie se da cuenta que una faja tipo pretina de manta no tan apretado es mucho más efectivo que esos elásticos que no sirven para nada y más bien arruinan la piel y da para engordar y sacan más rollos, me he dado cuenta que los cuerpos femeninos si no hacemos ejercicio se estira demasiado y la ropa de tela firme de antes impedía que eso sucediera peto ahora ya no fabrican ropa de tela firme solo esa pésima de malísima calidad, estrech aguado así sean de marca tanto de tela como de lona y eso está haciendo averías a nuestro cuerpo, y una por dizque reducir las lonjas compra estas cosas o se las fabrica uno se detalla el cuerpo horrible y se arruina la piel ya que el elástico de cualquier tipo si no es ayudado con ropa de tela firme da de sí y parece uno moña es espantoso es un descubrimiento que acabo de hacer y solamente las buenas telas de antes y de hecho fajas de manta tipo fajuelas , claro sin pitas, sino broches pantalones con preguntas gruesas pero de tela o lona firme pueden moldear el cuerpo y contenerlo😢todo lo hechan a perder😡",1
"Me la compre x allixpres pero no sabia si era efectiva y como se pone ,graciassss",1
No se ponérmela me es estreso pensó que era más fácil siento que la cintura bien pero el vientre bajo no le hace,1
"Maravilloso video, gracias bendiciones",1
"Gracias mil por esta gran idea. Hay fajas que son super apretadas de las piernas y difíciles de   subir hasta el abdómen, aunque sean de la talla que uno precisa. Bendiciones y gracias!",1
La actitud es lo bueno❤,1
"Gracias, por el Consejo, muy práctica",1
"Super trucazo,me ha encantado amiga!!!😊😊😊😊😊👏🏼👏🏼👏🏼👏🏼👏🏼",1
"Gracias!!!!! Que buena idea , besitos!!!!!!!❤",1
[nombre] qué rico justo lo que buscaba,1
"Hola e visto este video dos veces y mi pregunta es puedo hacerla de las licras,poniendo dos licras,cortándola y poniendo doble como un chort,puedes responder, gracias bendiciones",1
"Además una media bien acomodada levanta la pompa. Tu faja, mi Wendo, es perfecta para levantar y moldear la pompa, además de poner las carnes en serio lugar.",1
[nombre] unafaga facil,1
Me da gusto que te haya servido! 🥰,1
Talla de esas medias y Marca recomiendas que si estire,1
👋👋👋❤❤❤❤🇫🇷🗼🗼🗼🗼🗼🗼🗼🗼,1
"Wendo, ya las corté.  Tenía medias guardadas, la panty estaba muy buena, pues lo de las piernas estaban rasgadas.   Yo que las iba a tirar ja,ja. Gracias hermosísima.",1
Me interesa el short faja donde lo puedo conseguir por favor,1
Está hermosa como la consigo,1
Me interesa el short faja donde la puedo conseguir,1
"Hola, disculpa, que talla del short faja tienes?",1
Q tomas para bajar de peso,1
Al fin conseguí una orientación gracias,1
Excelente. Gracias por compartir 😍,1
Gracias por compartir....,1
"Como ponerle la abertura a una faja, por es incomoda para quitarte la ropa cada  ves que vas al baño, ningún tutorial lo tiene, gracias",1
Porque no dicen nada de las broches,1
"Olá, boa tarde! Envia para o Brasil?",1
Conteste porfis meimyerwsan todas,1
Yo tambn quiero saber rl nombre de la primera faja,1
"[nombre], gracias por escribirnos. La Faja con cierre perineal es LT.Rose 21121 y puedes ver más detalles de ella en nuestro sitio web 👉 Si tienes otra pregunta estaremos atentos a tus comentarios. Feliz día.",1
Donde es y cuanto cuestan yodas megisyan,1
La que yo tengo no tienen nada de eso solo tiene una cobertura en el medio,1
Y en qué parte las consigo muchas gracias,1
"Saludos, gracias por escribirnos. Lamentamos el inconveniente. En este caso le recomendamos poner en el zipper un cuadrito de tela tipo panty para que no le moleste o incluso puede coserlo para que no se corra. Si tiene otra pregunta con gusto le responderemos, feliz día.",1
"Yo uso brasilera debajo, y cuando voy al baño abro el cierre y corro la ropa interior a un lado.",1
"Saludos, muchas gracias por tu comentario 😊 Amablemente le informamos que una vez la use, puede notar de manera inmediata como se moldea la figura, las fajas se ajustan a las tallas, de acuerdo a sus medidas de cintura y de cadera y gracias a que nuestras prendas con gancho poseen varios niveles, puede ajustar la compresión como necesite 💖",1
Buenas noches me podrías informar si en  Duitama Boyacá hay de estás fajas por favor gracias,1
Me podrías decir cómo los contacto! ? Para comprar por mayor,1
"Saludos, gracias por escribirnos. Cuando a las Fajas con cremallera perineal se le hala bien el zipper hacia abajo no debiera pellizcar. Sin embargo, recomendamos que en los primeros días de uso puedas ensayar con el panty puesto y la Faja encima, hasta agarrar la práctica o comodidad. Si tienes otra pregunta estaremos atentos a tus comentarios, feliz día🌹",1
NO  pero mi primer dia abri la cremalllera la tuve q dejar abierta porque no pude cerrarla 🤭,1
Las fajas se pueden usar directo con la piel oh con uña blusita abajo ??,1
Hola pueden darme una página de vedette faja,1
Pero no sirve para hacer popó,1
"Saludos, gracias por escribirnos. Realmente las fajas no están diseñadas para ir al baño a hacer popo, el único tipo de crotch que aplicaría para esta necesidad es el de zipper y debe ser largo. Cualquier otra pregunta que tengas estaremos atentos a tus comentarios, feliz día 🌹",1
Ya no como si no puedo aser popo😂😂😂,1
Gracias y yo disque tocara comprar otra. Mil gracias y bendiciones,1
[nombre] te bendiga...,1
[nombre] lo bendiga siempre,1
Gracias por compartir,1
Gracias  por enseñar,1
❤❤❤❤ Muchas gracias 🙌🙏🤗🤗,1
Muy buena explicación muchas gracias.🙏,1
Muy bien explicada,1
Muchas gracias buen día,1
Gracias   x su  ayuda,1
Gracias por tu enseñanza Dios te bendiga,1
Este video está súper  me acaba de ahorrar un dinero ❤,1
Excelente explicación. Se acaba de ganar una seguidora más.😍❤❤❤❤,1
Huy muchas gracias,1
Muchas gracias ❤,1
"Hola, me encantan tus vídeos he aprendido mucho con ellos. Me gustaría saber como puedo ponerle un brasiel/ajustador/ sostén a una faja? 

Intente mandarte un mensaje pero no encuentre por donde y bueno por eso te escribo en este comentario 😊 muchísimas gracias 😊",1
Que máquina de coser recomiendas pará hacer fajas?,1
Gracias suscribete si aun no estas todas las semanas subo vídeos nuevos y tengo casi trescientos que puedes ver,1
Gra ias muy bueno su video y facil de reparar las fajas quisiera sa er que hilo usa si es elastico o hilo normal de algodon o sitetico mercerisado  uenas no hes es ribo desde Mexico,1
Ajustar de los broches arian lo mismo que lo del vídeo pero en los broches,1
Me encanta tu máquina amigo que marca es  por favor gracias,1
Hola milton  muchas gracias muy clara explicacion. Pregunto y como agrandar faja  x fa. Cuidate,1
Hola es puntada recta?,1
Hola feliz noche excelentes videos como arreglar los glúteos de la faja cuando están desgastados,1
gracias Dios lo bendiga siempre por orientarnos,1
Yo tengo una faja que me  queda chiquito no me dentra si hay como arreglar en ese modelo,1
Hola buenas noche que buena  faja acá  en  Argentina Córdoba capital  no e visto  este modelo  otra cosa yo tengo una máquina familiar  común como puedo aser para que la maquina cosa esa tela muchas gracias   por su explicación 👍😊,1
"Gracias, ésa curva que se le da para el corte, hará el efecto de cintura más delgada?",1
"Quisiera saber cómo reducir de talla unos leggins o licras colombianas ? Estaré atenta , gracias",1
Tengo mi faja y me queda apretada soy de mosquera cundinamarca adónde estás ubicado muchas gracias,1
"Como se llama el encaje que viene con antideslizante? 
Y como se compra? 

Gracias",1
Y si la faja tiene barillas en los costados se puede meter así,1
Hola cómo transformó la faja a tipo body,1
Hola quisiera saber sino ay un video donde enseñe agrandar una faja,1
Domde vive usted señor milton ?,1
Buenas tardes quisiera saber como se reduce una faja en la zona de los glúteos. Mencanto tu canal es primera vez que lo veo. me gustó cómo explicas todo muy detallado  muchas gracias,1
Le cojes de.cada lado hasta abajo hay video de como hacerlo hay varios de faja,1
Que tipo de Hilo utiliza ????,1
Hola buen día y si quisiera quitarle los tirantes se podrá ?,1
Hola cómo puedo arreglar una faja que es completa de la espalda pero la quiero costillera ya que las varillas de los lados se me encajan 😢,1
Si la faja tiene el broche al costado como se arregla?,1
Buenos días señor yo le escribo para que me haga el favor y me esplica con se hace la faja con cierre abajo entre piernas por favor de esplicarme gracias,1
"Buenas tardes, que tipo de aguja se puede utilizar para la tela de faja, porque mi maquina es familiar, y se me enreda el hilo. Gracias por tu repuesta.",1
Que tipo de hilo se usa para ésa tela y no se rompa?,1
Con tipo de aguja se cose la faja,1
Yo quiero saber que tipo de telas usan  se ve que tiene 3 capaz Pero cuáles son,1
Hola! Que número [dato quitado] agujas para coser ese tipo de tela,1
"Que tipo de hilo se usa 
Cómo se llama para ese tipo de tela??",1
Como ago si se me despego en dos broches,1
Con q número [dato quitado] aguja lo se hace el arreglo d fajas,1
Hola milton nueva suscritora tus manos son de los DIOSES GRACIAS!. tengo una PREGUNTA TENGO CINTURILLAS DE UN MATERIAL GRUESO NO PUEDO APLICAR TU METODOLOGÍA COMO PUEDO AJUSTAR MUCHAS GRACIAS 🙏,1
Q hacer cuando en la licra me salta la  puntada,1
Quiero que me enseñe como agrandar la faja qué no puedo abrocharla,1
se puede cortar si la faja llega a la rodilla se puede cortar tipp shork,1
Si puedes córtala y ponerle un encaje lo venden en tiendas de telas,1
Y donde es que uste trabaja?,1
Yo estoy en lawrence,1
Tu sabes como quitarle las listas de silicona q tienen las fajas?,1
"Hola😁 tengo una faja completa es decir hasta la parte de los glúteos,puedo hacerla cortar para q solo que sea hasta la cintura??",1
Se puede pero casi siempre enrroyan ya que asi no tendria mucha fuerza asi como esta bien apretada te hace mejor el trabajo y luego te compras una cinturilla ya hecha,1
gracias por responder,1
Hay un hilo especial para arreglar las fajas,1
"[nombre], como puede arreglar una faja que es largo en el torso. Soy [nombre] de altura pero me queda muy largo del torso. Es una faja entera con mangas. Gracias",1
Y si mi faja no tiene costura en el centro?,1
Como cojerle a la parte de alante por debajo del ombligo?,1
A mi me queda más ancha en la parte del abdomen bajo 😢,1
Mi faja es solamente cinturilla y me quedo apretada 🤢 no trae ni cierren y brochecómo la puedo agrandar,1
Hola me encantan tus videos gracias a ellos voy a empezar a arreglar las fajar pero el único problema es la abuja me salta las puntadas que número [dato quitado] abuja necesito usar,1
"A mi li contrario,😮😢como la arreglo??",1
"Hola acabo de comprar una faja me quedo chica una talla más  o menos como la agrandó por
favor ayudame Gracias",1
Dios lo bendiga Milton una pregunta ami se me dobla la faja por atras de la espalda sera que con esta técnica se arregla eso?,1
Muchas gracias ❤,1
Pensé que daría otras opciones.Esas solo las tiene mi abuelita,1
GRASIAS POR EL CONSEJO LO BOY A HACER,1
Dios te bendiga 🙏🤎😁,1
Muchas gracias por sus enseñas  soy [nombre],1
Ohhh nuevo para mí! gracias!!,1
Entonces si funciona? Si tenes bastante panza?,1
Es buena la media entera cuando no te entra un pantalón te pones encima de ella y el pantalón te rueda no más 😂😂😂😂,1
"Como se llama esa panty media, esque yo tenia esa antes pero no la encuentro por internet😢",1
No se marca mucho la cintura?,1
Puedes usar cualquier media ya de por se ajustan bien a la piel!,1
Yo lo invente una vez 😅,1
"Las modelos usan laca del pelo, para que no se suban",1
Si soy talla M Debo comprar una L. O la misma M,0
"​  no a qué cambio te refieres. Sin la faja negra se ve natural, después de ponerse la faja se ve operada y siliconeada por lo Anti natural de la forma",0
​  ellos te dieron el enlace pero tal vez no lo mirastes y solo leeistes...😂,0
​  a mi así se me hacen yo no uso fajas pero antes utilice una o dos y blusas de compresión he igual no moldean bien.  Será por muy chicas o q no aprietan o la marca pero las colombianas se ve y se sabe q son las mejores,0
aveces eso suele pasar por q la faja no es de tu talla,0
Amu me pasa igual,0
Se me marca con los vestidos,0
Muchas gracias. Buenas apreciaciones.,0
[nombre] comprar esa faja me interesa,0
Quiero ver el tipo de faja para dolor de cadera y como lacompro,0
como debo subir la por qué me queda corta de espalda,0
Dónde y cómo consigo las tabla de medidas,0
Disculpe como puedo comprarla algún fono.,0
Holaaaa como se que talla de faja soy?,0
Qué modelo de faja usaba la modelo,0
Hola necesito un calzón faja de textura suaves no q apriete y no poder respirar a levanté glúteos,0
Es bueno cambiar de nivel rápidamente?,0
"La primera vez cuesta ponerla pero rápido se aprende y se acomoda muy bien no es incómodo para nada y para ir al baño trae un súper abajo solo se abre y fácil otras traen abertura en los genitales ella usó algo antes pero porque está haciendo la demostración pero no se debe usar nada debajo de la faja.
Se adapta muy bien y uno se acostumbra a ver el cuerpo moldeado",0
A mi también me molesta demasiado en la parte de las costillas y no sé qué hacer,0
"Saludos, gracias por escribirnos. Puedes comprar esta Faja en nuestro sitio web haciendo clic aquí 👉 En la descripción del video hemos dejado varios enlaces dependiendo del país desde donde desees comprar. Si tienes alguna otra pregunta estaremos atentos a tus comentarios. Feliz día.",0
De cuerpo bien pero me pasa esa en las piernas,0
como hacen para que el cilicon de la faja no irrite las piernas 😢,0
Hola cmo las corregiste tengo el mismo problema 😢,0
"Saludos, gracias por escribirnos. Amablemente le indicamos que la mayoría de nuestras Fajas se adaptan a cualquier persona, sin importar el tipo de cuerpo y las medidas que puedan tener. Le invitamos a ver este otro video con otra modelo mostrando Cómo debe ponerse la faja 👉 ¡Recuerda que lucir bien no se trata solo de apariencias, si no de una buena actitud!",0
A mi me quema mucho la selicon  traen el encaje😢,0
No estoy a gusto con el pedido porq yo pedi la M y me enviaron 2xL quiero devolverla por favor,0
"Si las fajas moldeadoras son para eso para moldear, pero alguien que tenga mucha barriga y lonjas va a necesitar una faja con un tejido más rígido, pero aunque sean de esas incluso las colombianas que traen muchos broches y aparte cierres no se va a ver igual. Y perdón checa los comentarios y verás lo que comentan quienes son muy gorditas no es cosa mía.🍀👍💐​",0
"Esas fajas funcionan súper 
Pero después de las cirugías 😂",0
"Saludos, gracias por contactarnos. Lamentamos saber los inconvenientes en torno a su prenda. Amablemente le invitamos a corroborar su talla, ya que para lograr el resultado ideal es muy importante escoger la talla correcta, si quiere conocer su talla ideal por favor indíquenos sus medidas de cintura y cadera. Para tomar las medidas puede ver este video 👉",0
"Saludos, gracias por escribirnos. Amablemente le indicamos que la mayoría de nuestras Fajas se adaptan a cualquier persona, sin importar el tipo de cuerpo y las medidas que puedan tener. Le invitamos a ver este otro video con otra modelo mostrando Cómo debe ponerse la faja 👉 ¡Recuerda que lucir bien no se trata solo de apariencias, si no de una buena actitud!",0
Donde la compro y no se marca con los bestidos,0
"Que marca es, yo quiero una nunca e usado y no tengo idea de cuál usar?",0
Hola si soy talla L q talla d faja debo usar,0
Me pasa igual 🤦🏻‍♀️,0
Que marca usas y donde la.compras,0
Que marca usas por favor,0
Hola yo tengo una faja s me moldea bien vientre bien piernas Pero me duele mucho la cintura 🥹atrás,0
"Saludos, gracias por contactarnos. Si quiere conocer su talla ideal por favor indíquenos sus medidas de cintura y cadera. Para tomar las medidas puede ver este video 👉",0
"¡Saludos! 🌹 Lamentamos saber el inconveniente que ha surgido en torno a su prenda. Por otra parte, amablemente le invitamos a corroborar que la talla de la faja sea la correcta, ya que cuando no se obtiene el resultado deseado con la misma, se puede deber a que no este usando la tall correcta. Si quiere conocer su talla ideal por favor indíquenos sus medidas de cintura y cadera. Para tomar las medidas puede ver este video",0
"¡Saludos! Gracias por contactarnos. En este caso, puede estar pasando ya que la talla no es la ideal. Si quiere conocer su talla ideal por favor indíquenos sus medidas de cintura y cadera. Para tomar las medidas puede ver este video 👉",0
Esas fajas cortan los murlos,0
Esa faja tiene almohadas en los glúteos?,0
Cuanto cuesta la faja,0
Cuanto cuesta la  faja,0
Yo uso una de tiras senos linres pero ko me histo nada por que me talla mucho en los hombros y se entorchan horrible ko se qie hacer si se pudiera cambiarle las tiras por orras mas anchas me arrepiento se haver comprado esa con tieas jo hay como las senos libres de cargaderas anchas que no on de Retirar persi mi dinero y solo dan doa meses de garantia donde la compre y hay un broche de la parte del addomen que se daño como se Remplaza o cambia ese ganchito alguien que me pueda decir que hacer hracias,0
Una picor brutal que  me da 😮,0
A mi me pasa lo mismo con los tirantes grueso se enrollan y duele en la parte de al lado,0
"Saludos, gracias por escribirnos. Amablemente le indicamos que la mayoría de nuestras Fajas se adaptan a cualquier persona, sin importar el tipo de cuerpo y las medidas que puedan tener. Le invitamos a ver este otro video con otra modelo mostrando Cómo debe ponerse la faja 👉 ¡Recuerda que lucir bien no se trata solo de apariencias, si no de una buena actitud!",0
Yo compre una y todo bien solo un detalle de las piernas me queda grande no me queda pegadira me queda como faldita jiji saludos😅😅,0
"Saludos, gracias por contactarnos. Probablemente esté usando la talla equivocada. Si quiere conocer su talla ideal por favor indíquenos sus medidas de cintura y cadera. Para tomar las medidas puede ver este video 👉",0
mi cintura 86cm y mi cadera 103 esas son mis medidas,0
Yo le metí de ambos lados y quedo perfecta,0
Menos silicón pónganse hacer ejercisio,0
Donde puedo comprar esa faja?,0
Error ustedes mabdab lo que les da la gana y eso no es loa que pedi quiero devolverla porfa,0
Compre una igualita y me aprietan mucho el lado de las piernas será precion de sangre q me recomienda será comprar una mas grande ?,0
Hay yo  una hora y dudo como cerdo😂😂😂😂😂😂,0
El horror principal es comprar la talla incorrecta. Se marca y saca lonjas que no tienes.,0
Las fajas moldean no hacen milagros,0
"Só e ruim pq tem muita gente de barriga grande e bumbum pequeno aí quem tem bum bum grande , fica top mas quem não tem fica muito feio",0
use your money to buy a fucking gym membership,0
Y para ir al baño ? Jajaja,0
Viene con pañal incluido como la modelo? 😂,0
"Soy [nombre], será que también funciona?",0
Gracias mujer bella por compartir tus videos!!!,0
"Muy buena info, gracias!",0
"Me gustó mucho el video, por que muestras bastante y explicas muy bien.",0
Grasias por la información,0
Mil gracias por compartir con nosotros la forma  de colocarla un fuerte abrazo desde Medellín ❤,0
muy bien me encanta como trabajas...animo con todas las cosas y con alegria...,0
Muchas gracias linda por compartir 👍,0
Gracias paola por tan padres consejos yo tengo fajas pero no las uso haorabeo porqe no son las adecuadas para mi a seguir tus consejos gracias saluditos desde Tijuana BC 🤗🤗🤗,0
Amo me encantantan las fajas  gracias comprare la de dormir ❤️,0
Me encantó el video. Saludos dede Bolivia ❤,0
[nombre] ❤ me encantaría que hicieras un nuevo video del uso de las fajas,0
Eres muy bonita y me encanta que siempre compartes Gracias por tus típs y nos ayudas mucho saludos Gracias,0
"Holis,muchas pero muchas gracias por la información y saludos desde mi hermoso México hasta la próxima",0
"[nombre] ! Yo comore una de la marca slender, , me queda en la parte de la cintura, si me queda bien, y me siento bien.",0
Me encanta tu actitud 💖,0
"Arriba las chivas, saludos cordiales desde El Salvador, amiga, Dios te bendiga.",0
Me encanto tu video,0
"Que tal cinturita!!! Asi quiero yooooo,🤭🤭🤭 buenos tips felicidades!! 😘😘😘",0
"Mis respetos para las que usan faja, nunca he soportado ninguna!!!!",0
"Si quieres usar una para la noche se puede, no es problema ni te afecta en lo mas mínimo",0
No dicen que las fajas no reducen entonces de tanto usarla amoldan tú  cintura?,0
"[nombre], amiga linda,💙☺️😄, Dios bendiga a la hermosa ciudad de Querétaro.
Saludos.",0
¡Muy completo! Muchas gracias ♥️,0
Esa cinturilla y el último que mostraste en negro genial yo deseo una donde podría conseguirla,0
Hola pao puedes hacer un video d cómo usar las marcaras en q orden por q no se me estoy poniendo en las noches una máscara y luego el serum Clarins pero no se si estará bien,0
"Aquí estoy sin falta!! Dejando mi huella del amor ya esperaba este video.. Besos y saludos
💖😘😍",0
Les recomiendo una faja colombiana que sale buenísima se llama bombonete cinturilla y hay otra que se llama body látex esa es genial,0
Hola !! Soy de Argentina  tucuman .estoy comenzando a vender lenceria  y me piden fajas.¿como puedo conseguir fajas por mayor  a un buen presio ? Gracias,0
Y qué marca o Modelo las buscamos por Amazon me encanto la de dormir,0
Dónde las conseguis??,0
Dnd las conseguis?,0
Hola donde se consiguen,0
Donde los compras yo vivo en argentina,0
Hola yo también soy fanática de la fajas,0
"Hola buen video.
Podrías hacer uno de fajas posparto. Cual seria la ideal",0
"Te dejo las ligasEntrenador para la cintura  
Negra  
Cafe  

Cinturón Deportivo 


Chaleco Neopreno para perder peso 
 

Látex para el deporte",0
Hola! Se puede usar la primera faja para hacer ejercicio en vez de usar la de neopreno?,0
"[nombre] puedes decir que modelo es tu faja la que puede desmontar los tirantes ya que tengo mucha pancita xfa, gracias.",0
"Paola, acabo de comprar una faja colombiana, me podrías decir cuantas horas hay que usarlas? Gracias!",0
"hola me gustaría usar alguna faja, pero cómo le hacen cuando es temporada de calor? estoy en Monterrey y aquí es muy extremo",0
"Buenas tardes, disculpa la negra que es como tipo body..me podrías pasar el link de dónde la descargaste?🙏🏽🙏🏽🙏🏽",0
"No necesito faja, solo las use cuando me alivie mi panza quedo como si no hubiera tenido bebe, igual también la complete con cremas y aceites, saludos de Morelos México",0
Hola saludos 👋🏻cuál es mejor para reducir faja elástica o de latex,0
Gracias por la informacion... como hay gente irrespetuosa hoy en dia... pero bueno..... hay que busca la q nos acomode... igual q un buen brassiere jeje..,0
"Hola sí me gustaría usar una faja ,pero no sé cuál,sólo para usarla cuando salga a algún lado ya que me gusta vestir bien,mido 5-4 y peso 200 libras tengo 70 años pero me gusta mucho salir bien arreglada siempre con vestidos bonitos.,Gracias Por mastrarnos como se puede bajar la panza a unque sea un poco,tengo 4 hijos ya todos adultos,.Gracias 😊❤",0
"Mil gracias increíble, voy a comprar las que recomiendas. Me encantan tus consejos",0
De que marca usas ? Quiero una yo nunca he usado.,0
Me he descuidado  un poco que faja me recomiendas y la marca por fa,0
"Pao, con qué nombre pido la 4ta faja que mostraste?????",0
Una pregunta es malo usar mucho las fajas o causa alguna reacción para el cuerpo la salud o algo diganme Gracias,0
Para las q somos xl cual nos recomiedas?,0
Yo creo que hasta para manejar son buenas te mantienen la espalda en.su lugar toda la.columna vertebral,0
Gracias dónde las puedo conseguir,0
"Paola, porfa cuál es la de el minuto 2:30? No la veo en la tablita de información y esa es la que me interesa comprar por amazon",0
"Me gustaria empezar a usarle,creo que si tiene beneficio.",0
"Claro! Sirven muchísimo les deje lo links en la descripción del video, saludos!",0
Hola soy nueva en tu canal te encontre de casualidad buscando fajas tengo una duda yo quiero una que me ayude a bajar la barriga estoy haciendo ejercicios y comiendo saludable cual me recomiendas de las tuya? Por favor contestame,0
Cual es la primera que llevas? No la veo igual en amazon de los links que has dado. Me llamo [nombre] porque es larguita y fuerte que trabajo sentada.,0
Si hermosa! En l en en la descripción del video les deje todos los links puedes checarlos y elegir la que vaya contigo. Saludos,0
Y tus links? Me encantan tus vids!,0
"Entrenador para la cintura  
Negra  
Cafe  

Cinturón Deportivo 


Chaleco Neopreno para perder peso 
 

Látex para el deporte",0
[nombre]. Me encantó,0
Me gusta la negra que se quita y se ponen tirantes me puedes mandar el link  de la faja por favor,0
Que talla debo usar en la de chaleco con zíper peso 176 libras y mido 169,0
VIVO EN USA... QUE GEL REDUCTOR PUEDO BUSCAR BUENO!? NO VEO EL QUE ELLA ESTA USANDO AQUI.PERO ME INTERESA,0
Que precio tienen los gel reductores hermosa?,0
"Hola, te cuento que me compre una faja se parece a la ultima que mencionaste pero sin cierre o engache ..y no me entra y eso que vi las medidas adecuadas para cada talla.. Me da pena porque mejor me hubiese comprado otra .. :(",0
"Felicidades 💙 Dios te bendiga grandemente,Paola eres mejor.
Para hombres cuáles son las que me recomendas te lo voy agradecer mucho ☺️😃😄",0
muchas gracias amiga linda💙😃,0
Hola hay me podrá decir cómo comprar la primer faja por favor,0
"Pregunta, si pasas mucho tiempo sentada, ¿seria bueno usar faja?",0
Hola que talla de faja usas tu para dormir .,0
Fajas colombianaa fajate son super comodas,0
Hola mi Niña hermosa Dios me la bendiga ojalá vea mi mensaje por favor cómo pido la faja que ud dice q es como pañal q se abre en la parte de abajo en Amazon dijo también q es colombiana por fa respóndame,0
"No confío en esas cosas, pero como lo dices tú lo voy a hacer ...",0
"Me interesan esa y la de neopreno y nose como puedo comprarla vivo en santo Domingo seme ha hecho imposible en contrarla no tengo idea como hacer para conseguirla, si le es posible orientarse como la compro.",0
"Ando buscando una para ocultar mis horribles rollos... soy de contextura delgada, pero mis rollos ya parecen Michelin :') La que me compre, tipo body, no aprieta... alguna recomendacion? (PD: Estoy haciendo ejercicio, llevo 3 meses y no he adelgazado nada, al contrario subi 7kg,,, creo que es por lo de que el musculo pesa mas que la grasa, pero igual me veo mas gorda)",0
Disculpa cual es la que mencionas después de dormir? La que dices que te aprieta mucho y se te ve una micro cintura que tiene tirantes que se le pueden quitar quisiera saber donde comprar,0
"[nombre]! He visto en algunos programas de tv donde compiten por ser la mejor fashionista, a todas o casi todas una especie de faja o cinturilla que llevan debajo de la ropa ¿Qué cosa es y dónde las consiguen? ¿Será para marcar más la cintura? Cuéntanos por favor.
Me encantó tu vídeo. Muchas gracias.",0
Les deje los links en la DESCRIPCION DEL VIDEO.,0
Pao me encantas pin porfa los Link de las fajas del cierre abajo y la tipo body con broches la negra  y la color carne  que es hasta las piernas porfa te adoro me encantas por todo lo que nos compartes mil gracias,0
Ya están los links en la Descripción,0
Cuál es el link de la faja negra q tiene Velcro en la parte de abajo? Me lo puedes compartir por favor??? Mil gracias!!! Súper buen video !,0
Cual es buena que no se marque la ropa? Yo uso.mucho la pencil skirt,0
Hola buenas noches disculpa la hora me gustaría una prenda éstoy interesada podrías ayudarme con alguna muchas gracias bendiciones,0
Hola a mí me gustaría usar faja pero compre una  que llega debajo del busto y me presionó todos los gorditos del estómago pero me saco los de la espalda justo donde llegaba la faja y también el las piernas 🥺😣😭,0
Una pregunta las fajas de neopreno se utilizan por debajo de la ropa o encima ?,0
Muy buenas cuanto cuestan😀❤💋,0
Hola hermosa  como se llama la  faja colombiana la que  trae tirantes ojala y me puedas contestar,0
Me interesa esa maquinita dame informes xfa,0
Hola! Claro! Por favor mándame un mensaje a mi facebook [dato quitado] un correo [dato quitado],0
"si tengo una esta cara pero es de lo mejir que hay en el mercado la uso para dormir, ir al gym y el día a día. la marca es solbeautyand care es de una éxitosa mexicana que las confecciona en colombia y ella tiene una cintura de infarto! todas amamos sus fajas",0
Y donde puedo comprar esas faja en USA?,0
"Que hermosa eres!!
Nueva por acá, primer vídeo visto el de método con Mari... Que hiciste con la ropa que no quisiste mas?? Que difícil es sacar tanto, pero luego se te olvida y no pasa nada jajaja
A comprar mas!!! Jajaja no es verdad 😁😂😂👏👍❤  saludos!",0
Donde esta la tienda.para comprar x fabor,0
"Pues que pena!! Xq en España funciona Amazon pero determinados productos no llegan a  Canarias . 
Me gusta la colombiana y aquí no la consigo.",0
"Yo solamente e usado fajas después de dejar a luz a mis hijos,  y la verdad se me asen demasiado incómodas. 

Pero ahora e tenido qué estar utilizando una faja para el soporte de la espalda,  es colombiana y  se me sigue siendo muy incómodo tener que utilizarla casi todos los días. 😟😟😟😢",0
Me puede mandar el link del gel reductor,0
Hola una pregunta la segunda  faja  queda abajo del vientre la de neopreno,0
Paola te felicito adelante video pero a mi lo k me pasa con las fajas es k me las pongo y parezco embarazada😅,0
Hermosa! En la descripción del video deje todos los links para que las cheques y elijas la que más vaya a tus necesidades! 😉,0
nos enseñas los ejercicios que haces y donde compras la galvanica,0
Hola! Claro! Por favor mándame un mensaje a mi facebook [dato quitado] a mi Instagram [dato quitado] un correo [dato quitado] 30thenewblack diciéndome de qué país me escribes! Besos!,0
Pues no huso pero me encantaría usar saludos,0
Cómo las puedo adquirir,0
yo no uso faja así tan apretada toy mirando mucho video para usarla gracias por la información cuando empiece a usarla are un video en mi canal mi nombre es [nombre] y te dejo un like y mi  apoyo  mucho éxitos te deseo de corazón,0
Hola! No encontré el link para la faja q usas por 4 horas. La negra de broches abajo y enfrente. Si alguien la encontró se los agradecería,0
Hermosa en donde te as como comprado la faja,0
Cuentanos como se mantienen luego se estiran,0
Quiero la primera faja que mostró pero dice que no se envía en México y yo vivo en Tijuana como le hago,0
Como se mi talla amiga es que confunden xk según mis medidas es M y en otros vídeos dice que es xs 🤷‍♀️🤷‍♀️ ayúdame plus,0
cual es la tabla de tallas de tus fajas,0
Que tipo de fajasocupas mas y que talla ocupas tengo fajas y mis tallas no son exactas la tallas tengo el mismo cuerpo y quiero saber tu talla para comprar la baja y la talla exacta para que noe apriete,0
Paola  a mí siempre me criticaron porque siempre traía  cinturilla . Cuando la deje de usar a los 2años si me desparrame.,0
Me interesó mucho el video. Me gusto mucho la primera faja la negra de colombia pero ninguno de los links es esa. Chequie todos lo comentatios y todos te piden el verdadero link para esa faja pero no los has complacido solo les envias los mismos links. En el video no dice ni el nombre de la faja. Podrias darnos el nombre para buscarla,0
"Tengo la última que mostraste y al principio me gustaba pero en primera lastima muy feo en la parte de la entrepierna es como si te hicieran calzon chino en segunda se marca el calzon en tercera te aplasta las ponpas ,de la cintura todomuy bien te comprime  bastante y hace bonita figura",0
"[nombre]!  Y dónde puedo ver el video de tu mamá, usando la galvanica en sus brazos?..Por favor, y gracias 😊",0
Hola quisiera comprar una faja como ago para poder comprarla,0
Q tallé eres del Laxel faja deporte?,0
Yo uso faja entera por q como no estoy tan delgada siento q las q no son enteras te sacan los girdos de la espalda y se horrible,0
"Entrenador para la cintura  
Negra  
Cafe  

Cinturón Deportivo 


Chaleco Neopreno para perder peso 
 

Látex para el deporte",0
"[nombre], podrías decirme cómo es q se llaman, las fajas porfas yo uso la body y tiene varillas",0
Hola! deje todas los links en la descripción del Video!,0
Incluso lo he pedido para reyes magos,0
Como se llama la crema reductora,0
Dónde es Amazon ??,0
Con esa figura yo ni usara..jaja..pero ya me compré una,0
Siiiii te moldean,0
A mi me provocaba mucho dolor en las piernas cuando usaba fajas... m imagino xq pasaba cn ella las 8 horas y sentada n la ofis. Asi k le puse la X a la faja. Pero si m gustaba usarlaa xq estilizan el cuerpo.,0
"Dela segunda tengo yo,y si se suda mucho",0
Es recomendable dormir con faja?,0
Hahahaha entre mas fajas tengo mas flaca me siento  pero hay ke ponerselas😃🤣😅🤗😆 never heard that before ..,0
Que precio tienen mas o menos por favor,0
Cuál es el link para la primera faja ?,0
A mi me gustaría una faja de esas,0
La información de las fajas en donde la encuentro no se llegar a su caja de información!!!,0
"Hola, yo no soy gordita  pero como dices pancita  si y  cintura  hace falta cual serían mejor para mi y cuantas horas puede uno traerlas puestas?.De antemano muchas gracias.Me encanta tu canal",0
"Los links de las fajas no corresponden al video podrías pasarlos por aqui? 
Los links donde compraste ?",0
Cómo saber qué talla comprar,0
Me puedes conseguir una faja que me encanta por favor,0
Y ala horas de comer como lo hace kiero saber ese detalle porfi,0
Hola donde puedo comprarla la moderadora de ci tura agustable,0
Como obtengo la galvanica?,0
Donde encuwntro  faja micro cintura,0
Paola yo quiero esa galvánica por favor cuánto cuesta como la consigo,0
pero esa faja colombiana que marca es para buscarla por internet y comprarla,0
Hola hermosa yo no uso pero me gustaría tengo bastante pancita y si me gustaría usar alguna,0
Las fajss dejan flacides ?,0
Hola se puede usar con otra crema o gel  la balcánica?,0
Hola que marca es la negra que dices que la venden en Amazon?,0
Y cuanto cuesta una faja de eso.alguien me puede desir porfavor,0
Hola. Conocen la faja curvy premium. Alguien que me pueda decir si es de calidad o no. No encuentro reseñas,0
Me suscribo porque yo también me llamo [nombre] ❤️,0
"Muy buena info, gracias!",0
Hola no encuentro la tercera faja en la caja de información me podrías dejar el link porfa,0
Donde encuentro la cajita,0
Donde la venden,0
En donde las puedo encontrar,0
Tengo una duda como es que vienen los precios en los link que dejaste entre a la página de amazon pero entiendo nada 🤷🙈🙈,0
Que interesante pero soy una persona gruesa y recién ando llendo al gym pero quiero una sola  faja para hacer ejercicios y diriario porque la que tengo no me coje para nada,0
"Hola amiga me gustaría usar una , cual me recomendarías , soy delgada no tengo panza y tengo una hija de 14 años y yo tengo 31 años ...pero si quisiera moldear mi cintura la medi , tengo 65 cm ...podrias orientarme porfavor....🤗🤗🤗🙂🙂☺🙂🙂",0
Yo quiero mordear mi sintura y bajar la barriga que me recomienda,0
Me puedes dar el nombre de la primer faja,0
"Hola, gracias por tu video me encanto!!
Aqui te queria poner este link, para preguntarte si este sera bueno tanbien o sera igual al que tu tienes mencionado aqui? Quise preguntarte antes de ordenar!! Es mi primera ves comprando estas cosas y no quiero gastar el dinero y mi tiempo. Tu eres la mas experta!! Otra cosa crees sera  necesario tenerlas todas para poder obtener los mejores resultados? O cuales son las que mas me recomiendas para  ir debajo de la ropa?
 Espero tu respuesta gracias Y saludos!⚘",0
"¿Cómo se llama la última faja?, la de 3 cinturones 😞",0
No me sale la cajita con la descripción de ellas,0
"A mi lo que me molesta mucho es abajo, como que me hace roce son anchitas para el toto y me acaban siendo incómodas",0
Yo tengo esa faja para sudar si es buena te ase sudar bastante,0
Dónde se consigue,0
Busco una solo para marcas mi cintura,0
Yo tengo el abdomen caído nunca me faje despues del embarazo me servirá una faja para que se deje de caer y vuelva a pegarse la piel ?,0
No encuentro por ningún lado el link de la faja negra con broches y todas lo piden alguien supo cuál es. ????? La kiero ☹️,0
[nombre]  soy nueva en tu canal a mi me gusta las fajas pero cuando me fajo me duele mucho el vientre bajo y lo malo es que tengo mucha pansita me podrías ayudar😞,0
me encantan tus manos delicadas,0
La faja que parece chaleco cuánto vale,0
Cuanto cuesta a faja,0
Yo creo que deben ponerse hacer un poquito de ejercicios porque las fajas no son buenas porque no no te dejan hacer una buena circulación y después con el tiempo te sienta varices,0
Hola linda quiero saber el precio de la galvánica  por favor 🙏🏼,0
"Mmm nunca se me ocurrió usar faja hasta que quedé embarazada y me hicieron cesárea. Perdí cintura y la ropa ya no me calza igual. Lo voy a considerar. 
Me va a ayudar mucho para elegir la que sea para mí.  Gracias por tus consejos.",0
Que gana es la del minuto 5:04?,0
La que sale en el minuto 4:40 como se llama?,0
"Hola , y fajas para espalda y brazos..?",0
4:40 necesito link,0
cual es la del minuto 5:00 ?,0
"Pahola yo te envío mensaje porque estoy interesada en esa maquinita 
Cómo puedo comprarla",0
Alguien encontro la faja colombiana del momento 4:40😫,0
"Ninguna de estas se encuentran en España me compre una en ama,on y se me arrolla toda",0
No importa la edad para usar faja (?),0
"Cuando se ponen fajas, se notan? Las otras personas se da cuenta que andan fajadas?",0
Los médico disen que no se puede dormir con faja,0
Yo necesito  cerrar en 2021 lo que se desparramo en 2020  jajajaj,0
Lo malo que halgunas fajas sacan los rollitos de atras de los hombros y se ve rraro.,0
Que faja es la del minuto 2:58 la quiero para regalo a mi novia,0
Lo que se desparramó en diciembre jajajaja,0
Para dormir . Eres soltera? Yo las uso pero en el día no imagino a mi pobre esposo en la cama conmigo toda fajada 😬,0
Tu eres guapa Amiga saludos 😱,0
Los ganchos se rompen muy fácil,0
🤣😡😢 nunca he encontrado una que me ayude jejeje,0
Cuando usamos fajas no te sueltan más pansa,0
Yo tengo el leggins en neopreno y ya me tocó cojerle de cintura,0
Toda faja debe ser hasta debajo de los brazos para que no se vean esas llantas horribles que nos salen a todas.,0
yo pansita asta mientras,0
No se vieron las tallas 😩,0
Jaaa chikimamis jaaa me.encantas y  eso queria yo .. saber  por que .efectivamente te moldean...y que barbara eres perfectaaaaaa de pies a cabeza.que bella eres por.dentro y por fuera cuerpazo....jaa yo tengo como 100 de cintura jaaa voy a ver encuentro una.faja,0
Las fajas asi le sacan los gordos de arriba.,0
Operense mejor jajajajaja,0
Que hermosa estás chulada de mujer 😍,0
Thk you become a member on my YouTube channel 🥰🙌🏾,0
Good afternoon Thk you,0
When she made the sound😂😂 pssssss,0
wht sound lmao :_TeamPretty:,0
Yass become a member,0
"Nesecito la faja
Cinturilla de avispa
Por favor cuánto
Vale",0
SavvySandy gracias No me llamaban la atención solo en camiseta pero con tu explicación ahora si quiero comprarme una ya tengo casi los50 y la verdad que si ya lo necesito y más que me detengan de comer de más 😊 las que compré en tjmax las agarre en L pero creo que regreso por la mediana,0
[nombre] que talla eres en faja,0
[nombre] buenas tardes que talla eres en faja gracias,0
"[nombre], saludos al Fercho y la Gigi",0
Deme un número [dato quitado] pedir,0
Realista la chica,0
"[nombre], un poquito de ayuda a mi cuerpo no le caeria mal. Tan linda por explicarnos.Tu te ves super con ellas. Besos 💕",0
"Muchas gracias Sandy por este video, me ha resultado muy útil y todo muy bien explicado, besos y bendiciones amiga desde el sur de España 🇪🇸 ❤️",0
Saludos desde EEUU,0
Gracias a ti amiga,0
[nombre] si Uds son mis amigas por eso quiero compartir todo lo que se   con Uds,0
"Gracias por el dato, me pareció muy bueno para aliviar el dolor de espalda y también para las hernias.",0
Gracias. Ayudan bastante las fajas  a mantener la figura. Mis amigas las usan y tienen una linda silueta. 👍,0
"Muy bueno este video Sandy, gracias por los datos q nos das, voy a probar con una sencilla para irme acostumbrando a usarlas",0
"[nombre] oh yo quiero esa , donde la compro ?",0
"Hola buen día 
Gracias x compartir tus buenos consejos .
Saludos desde mi bella Colombia 🇨🇴🇨🇴🇨🇴",0
Tu me imagino que tienes las mejores fajas. mientras nosotras aquí tratando de conseguir al igual que los pantalones,0
Hola sandy que bonitos tus videos hay de todo y  uno no se aburre ...aprendo mucho de vos y ademas explicas todo tan claro que da gusto verte,0
[nombre] me alegra que pueda explicar bien,0
"Excelente video sandy. Siempre lo he dicho que eres una youtuber completa, muchas gracias Sandy. Saludos",0
Saludos mi amor,0
Cuales son esas ?,0
"Si dinos x favor xq me gustaría empezar a usar,",0
Gracias sandy 👋 lo q tanto esperaba uso bajas pero cuamdo te veo y veo tu costura me atrevi a preguntarte eso es muy elegant de una dama gracias x tus sujerencias q ayudan mucho lo primero ura a buscar la faja 1 creo q para mi trabajo perfecta 😘😘😘♥️🙏,0
Por nada amiga con mucho cariño les conozco,0
[nombre] buen video mayormente las usos cuando tengo una act. pero comenzaré a utilizarla diariamente gracias.,0
"..de la que yo hablo no molesta porque no tiene varillas ni nada , es elástica pero con el uso se van haciendo flojas y ya no aprietan 😥",0
como que marca recomiendas?,0
Si esas son buenas creo que cualquier cosa que le molde a uno es buena,0
Buen día 🌹que lindo explicas todo.gracias.,0
"Yo je Colorado muchas fajas I caras I no me han ayudado, me gustaria saber si estas fajas me prodian ayudar",0
Si amiga es verdad,0
Estoy encantada con esta muchacha tan multifacética y muy agradable es un gusto observarla y todas sus creaciones son maravillosas ojalá  siga x mucho tiempo así  va y tengo oportunidad de conocerla . Gracias igual al esposo ..Yo me estoy convirtiendo en una adipta a usted. Saludos cariñosos .Mercy.,0
Cómo me ayudan a conseguir una?,0
"hola linda, primero q nada, de dond eres.?",0
Hola nena no te había visto me encantó este video yo tengo esa faja colombiana y esta divina la amo,0
una pregunta  y es comoda al usarla .yo tengo fajas salome y me sofoca.,0
"exacto creo que no tiene sentido engañarse uno mismo partiendote en dos con la faja si al final del dia lo gordo ay sigue
..me alegro por ti 
Yo también entreno y hago dieta",0
"Yo también baje de peso y entreno constante, compre una moldeadora de cintura. Ya que para mi sentir, siento que desarrollar musculo en el abdomen como que se te va hiendo la curvatura de la cintura,  pero no mas la uso para moldear no para disimular nada",0
Gracias por este tipo de vídeos sandy. Y por los consejos eres muy linda con y sin faja,0
Mi amor cuando ordenes tienes que medirte y guiarte por eso ellos tienen las medidas en cm o puedes mandarles un correo [dato quitado] para que te guíen,0
"Gracias por compartir esta información, me encanto. Tengo faja pero no la correcta. Muchos besos 😘",0
"Muchas gracias Sandy, excelente información 🥰",0
Siempre tienes respuesta a mis necesidades! Gracias. 😘,0
[nombre]. saludos 🤗 muy interesante el vídeo y saber más sobre las fajas nos ayuda a elegir.grscias,0
Hola 👋 Sandy gracias por los típs son de gran ayuda las fajas sobre todo con algún os tipos de 👗 saludos,0
Gracias mi bella sandy videitoo esperadooo 🙈😁,0
"Hola reina. Yo amo las fajas, me han ayudado mucho. Gracias",0
Como siempre muy interesante tu vídeo savy!,0
Que buen video me encanta igual yo uso faja porque me siento sin brazier y también me dan seguridad,0
"[nombre], muchas gracias por el video tiene muy buenas recomendaciones y tu cada día más guapa, FELICITACIONES.
Te saludo desde México 🇲🇽.",0
Corri!! Mi vídeo!!! Más esperado 🤗🤗🤗Gracias,0
Hola sandy me encantó el video  voy empezar a usarla gracias por siempre motivarnos que Dtb grandemente besos,0
Yo tambien AMOOO las fajas y tienes toda la razon en lo que expusistes en tu video,0
"[nombre], yo tengo un problemita en la Columna y el Doc me mandó unas Fajitas y compré una pero me cuesta mucho trabajo ponermela, checaré tus recomendaciones mil Gracias Sandy , que n fuerte abrazo desde Atizapán México 😍",0
Sandy muchisimas gracias por tu informacion sobre las fajas. No me gustan... Pero a llegado el tiempo de usarlas😉. Me voy a comprar la faja colombiana.. Saludos desde New York City🗽😘❤️❤️❤️❤️🌹🌹🌹🌹👍👍👍👍👍👍👍👍👍👍👍👍👍👍👍👍,0
[nombre]  muchas gracias tienes razón nuestras fajas colombianas son las mejores espero que compartas las nuevas a mi me encantan se ve que es muy suave yo la quiero no se como comprarla acá en Chile un abracito mi paisana 😘🇨🇴,0
Que biennn! Me hacen falta mucho las fajas! Gracias,0
"Mi bella genio porq ya nose ni cómo llamarte mujer es que eres genial me encanto tu video me animo a usar las fajas después de este video como vivo en new yourk nose me ara difícil con seguirla, ha otro comentario pensé q eras mexicana felicidades y una ves más gracias mil por compartir tus ideas y este de las faja me gusto mucho besito 😘 👍🏻👍🏻👍🏻♥️",0
Buenas noche hermosa si empezaré  a usarlas pues soy delgada pero ahora tengo mucha pancita y no me gusta como se ven los vestidos gracias por compartir Dios te bendiga hermosa,0
"Hola hermosa...me encantó este vídeo, yo soy fanática de las fajas y todas me gustaron y mas las colomvianas me gustaría poder comprarmelas , las uso desde que me dijo el médico que tengo desviación de columna y mi espalda se está curveando cuando la empeze a usar note que mi postura mejoró y mi cuerpo se a moldeado ya me acostumbré y el día que no la traigo siento que ando desparramada,  hoy no dejo  de usarla tengo ya algunos años y  me encantan saludos",0
"Hola bella que bueno tu video para instruirnos me gustó mucho,es verdad que las colombiana son las mejores,vivo en usa y no se donde la puedo comprar saludos para ti y tu familia 😘😘😘",0
"[nombre] bonito video 
Saludos y bendiciones para ti y familia 😇😇",0
"[nombre], y muy buenos el video de las fajas y sus consejos 👍",0
"Sandy, que buen video dios te bendiga saludos desde mi bella colombia.",0
Sandy una delas mejores fajas colombianas es maria e cuando vengas a colombia las compras moldea maravilloso te va a encantar,0
"Gracias por empatizar con este tema ,😘😘😘😘😘",0
Sandy gracias por el video soy un poco mayorcita pero me gusta verme bien cuando salgo uso una para la espalda tambien pero me interesa esas asi que para Walmart me voy Dios te bendiga luces siempre tan bien💝💝💝💝,0
"[nombre], me encantó tu video..mi mamita usa fajitas y siempre andamos penando tratando de encontrarle una que no le moleste ya que mi mamita es talla 2X y pues tiende mucho su pielcita a irritarse rápido cuando usa material sintético...voy a echarle un ojo a las fajas colombianas y las de walmart. Un beso señora [nombre]!",0
"Entiendo que las uses por tu comodidad, seguridad, etc. Pero no te harían falta porque tienes un cuerpo espectacular. Gracias por compartir con nosotras. Un abrazo muy grande 🤗",0
Me encanta y necesito mucho usar fajas gracias por tu video,0
"HOLA, SANDY GRACIAS POR TÚS VIDEOS NO ME GUSTAN LAS FAJAS PERO LO VOY A TOMAR EN CUENTA.🤣 BENDICIONES.🙏💕🇵🇷",0
"Al fin cumplistes, dios te bendiga.",0
Me encanto tu vídeo ya tengo idea por cuál me decidí,0
[nombre] excelente información gracias  por compartir,0
"Gracias por compartir  es de mucha ayuda  para  mi, te ves muy bien",0
Gracias siempre bendiciones infinitas 🙏🏼,0
"BUENAS NOCHES SANDY GRACIAS  POR EL VIDEO VOY A MIRAR LAS FAJAS COLOMBIANAS  ES POR LA ZONA LUMBAR, MUCHOS BESOS PARA TODA LA FAMILIA CON CARIÑO DESDE MADRID",0
Hola sandy gracias por la motivación yo soy [nombre] de más de50años duré muchos años usando faja y estaba bien yatengo cómo dos años que las deje de usarla y subí mucho de peso y me duele mi espalda horita mirándo el video fui aponerme una de camisa para empezar de nuevo 👍 gracias y que Dios le bendiga,0
Que bien las fajas...ayudan a mantener el estomago bien apretado ...todo su sitio...regio...,0
"Desde hace tiempos he querido acostumbrarme a las fajas pero no he podido.. tengo dos, voy a ver si me acostumbro..Gracias",0
Me encanta tu explicación 😊,0
Excelente  nueva suscriptora  ♥️🥳🥰🥰🥰🥰,0
"Estaría súper bien esa que no se nota, nos la muestras en cuanto la tengas. Yo uso también pero no soy muy constante, las últimas que he comprado son de la marca Shemisset",0
Me encantó el vídeo tengo una y aveces no me la quiero poner pero  kiero moldear mi cuerpo,0
Hola savvy gracias por hacer el video esas fajas aquí no se hallan se ven buena s gracias 🌹🌹😀😀😀,0
Me encantaaaa mañana voy a walmart love you xoxo💓😍,0
"Savvy que buen video, voy a tener un bebe y no se nada de fajas muchas gracias 😘 te quiero hermosa oye las fajas de noche se pueden usar???",0
"[nombre] , yo ya comenze a usar una colombiana de Cinthia y voy poco a poco con ella la había dejado de usar pero  vuelvo pronto a usarlas besitos y hacia adelante 😘",0
Muy buen video gracias te felicito te cuento que yo siempre veo tus video me gustan mucho,0
"Gracias por la dedicación para hacer este video
Realmente nos hacen lucir mucho mejor, el único problema que veo es que tal vez no se notan en el vestido pero si en la forma como se ve el pecho ya que parece que siempre anda uno sin respirar.
Cuestión de apreciaciones...
Gracias",0
Savvy me encanto gracias,0
Para mí son exelentes para la columna me encantan,0
Nunca he usado fajas pero se ven muy lindas,0
"Saludos muchas gracias 😃 me orientas muy bien,no sabía nada de fajas y tuve un bebe y quiero empezar a usar. Estoy en España y no sé cuál ? Peso 100 k quiero recoger mi barriguita 😭",0
Hola sandy gracias x la información..y si nos muestras la otra q dices para los vestidos yo quiero una para un vestido blanco.,0
Yo no las uso pero  viendo tu video  creo que me están guiñando el ojito 😁🤩 Saludos Sandy,0
[nombre] [nombre] noches felicidades por sus  vídeos  son muy buenos todos .quisiera y me pudiera sacar de dudas las fajas que medida se compran mas chicas que la talla que usamos? Gracias de antemano te mando un abrazo lleno de muchas bendiciones ti y a tu mami y a tu hija hermosa y a toda tu familia hermosa,0
Hay a mi me encantan tengo 2 años usando la colombiana la color cafecita colombiana pero a mitad de pierna y e bajado mucho pesaba 300 libras y ahorita estoy en 150 libras gracias x tus consejos e hecho varias de tus manualidades tengo poco tiempo siguiendote y varias personas le a encantado los candelabros del dollar tree k hiciste los hice y a muchas de mis amistades les e recomendado k te sigan y les a encantado tus ideas saludos y bendiciones,0
GRACIAS X EL CONSEJO AMIGA HERMOSA! SALUDOS DESDE EL ESTADO DE MEXICO!,0
Yo la uso muchísimo yo cuando ando sin faja siento que me falta algo y como tú dise uno se siente muy sexy. Y el cuerpo se le amolda muy bien,0
"la body siluet es muy  buena ,la completa queda muy bien y unas del ilucion tambie  quedan  bien",0
Que vídeo de chevere.Sandy uno puede dormir con una faja de fajatex?,0
Amiga me súper encanto este vídeo,0
Holaaaaaaa me encantan tus videos estoy en busca de una faja posparto cual me recomendarías,0
"Hola mi bella soy tu seguidora. He visto este video y me encantó como todos, quería decirte que yo tengo mi negocio de fajas Colombianas aquí en Houston. Me encantaría enviarte una de obsequio para que las pruebes😘",0
"[nombre] Sandy, me gustan las fajas, me gustaría comprar des que se usan con vestidos interesante gracias por compartir",0
Aah yo si las uso y cada día 👌,0
"Me encantan, gracias por compartir",0
"[nombre] ,bellas fajas, aquí en Bolivia las fajas colombianas son carísimas te cuento",0
"Excelente. Muy buena reseña. Tal vez podría probar alguna de Leonisa que también me parecen buenas , para las personas de latinoamérica. Saludos y Gracias. :)",0
Hola sandy muy cierto las fajas colombianas son las mejores,0
Hola muy interesante video para nosotros las mujeres saludos y lindo fin de semana 🙏🙏🙏🥰,0
"[nombre] , me da mucho gusto mirar tus videos, una pregunta usar faja continuamente moldea el cuerpo? Quiero saber porque yo hago caminata y mi vientre alto y bajo no disminuye.
Gracias.
Bendiciones",0
"Savy hermosa, hay una marca que es ""fajas MyD"", me parecen muy buenas!",0
"HOla Sandy, gracias por compartir lo de las fajas, yo batallo mucho con mi cuerpo, porque estoy poco flacida, pero me prometo buscarlas, y me sentire  como otra con esas fajas,me encantaron, porque tienes un cuerpo espectacular, me encanta tu cuerpo, y yo espero verme bien y sentirme mas segura, muchisimas gracias, eres una hermosa, te quiero, saludos desde Tijuana bc, mandame saludos, te lo agradezco,, a mi nombre [nombre], de antemano gracias.",0
[nombre] tu video.un abrazo desde Colombia,0
Sandy aquí en Guadalajara Jalisco tengo una amiga que las vende y si me las han recomendado,0
GRACIAS POR TU INFORMACIÓN .,0
"Sandy yo no soy colombiana pero es muy cierto lo q dices, las fajas colombianas son las mejores yo tengo 3 y no las cambio x nada.",0
"[nombre] me encantó tu video yo también uso faja,pero me gustaría que nos dijeras, donde podemos comprar fajas Colombianas, desde aquí USA espero me puedas contestar, bendiciones",0
Hola buenas por casualidad llegue hasta tu canal .. soy colombiana. Y me gusto tu canal y tu gusto por la fajas... me encantaria que nos dieras tu punto de vista de las fajas de gina caldero n son deportivas y de pueden usar como prenda exterior graciassss 😃😃,0
SavvySandy me encantó tu video yo quería hace tiempo empezar a usar ! Tu lo usas todo el día ?? Osea desde que te levantas hasta que te acuestas ? Soy de España y voy a tratar de conseguir en tienda colombiana un saludo 😘😘😘,0
"Si, yo soy de las que no le gusta usar fajas gruesas o rígidas incómodas ni para cuando me hicieron cesárea soporte usar fajas me for se unos 3 días pero no no pude más. Las que son suaves  y ligeras si pero solo por un par de horas y en ocasiones especiales.",0
Hola bella estoy ineresada por tus fajas donde la podria comprar gracias me encanto tu video gracias,0
"Hola buen video Sandy,en estos días ando viendo si compro una y tú vídeo me ayudó,alguna vez utilice una pero no me gustó con varilla y las tuyas no tienen,que talla me aconsejas yo soy 11 de pantalón y 13 de blusa???",0
"Si que es experta en el tema Sandy, yo solo las llego a usar para postparto, para mi es sacrificio sentirme muy apretada 🙈pero coincido totalmente las fajas colombianas son las mejores se ve interesante la que no tiene costuras quizás sea más cómoda también 👍👌muchas Gracias por compartir sus secretitos de belleza para lucir al 💯 👍🙏",0
Que buena recomendaciones porfis soy colombiana y me gustan las fajas y he usado unas pero  se notan mucho me encanta lo que tu dices sobte esos materiales que son muy suaves en que parte las puedo conseguir,0
"Hola me encantó tu video,tengo una duda,se puede usar faja mientras haces ejercicio? Saludos y besos de argentina",0
Me encanto tu video. Yo tengo una de la moldeate power net. Te la recomiendo yo la ameee la uso todo el tiempo compre dos una me qedo super pequeña. Y solo uso una me encanta. Y valla q eh probado de muchas.gaste mucho dinero en fajas caras y powernet me costo 40 en amazon. Lo mejor. Se parece ala antepenultima q modelaste. Las primeras fajas q modelaste a mi no me gustaron. Las demas son buenisimas,0
Me encanto tu demostración de fajas.Que cuerpo!!!Te modela estupendo tu bello cuerpo.Pense que tenías hecho cirugía de abdomen en los primeros vídeos.Genial tu modelaje.,0
Gracias por la información.,0
"[nombre] soy nueva supcritora me a gustado mucho el vídeo que has hecho d las fajas y te quería preguntar que a qui en España podría comprar las fajas y donde,,muchas gracias y un saludo guapa",0
Buen video gracias por compartir .,0
"Muy buen video me gustaría comprar la de Walmart, cual es el modelo podrías dejar el link",0
Hola sandy yo cómo buena colombiana también uso las fajas son súper buenas cuando voy a Cali siempre me traigo unas cuantas uso mucho la marca Salomé,0
Savvy yo también uso fajas y la verdad si son mejores las deaca de colombia son las mejores gracias savy,0
Hola sandy hermosa Gracias nuevamente x tu video 👍  las camisetas de la Walmart como las encuentro q marca son ??? O como se llaman ??? Gracias,0
"que genial y como peruana me sorprende tanto el uso de fajas, nunca he usado faja y pues no estamos acostumbrados. Por eso siempre mne sorprende cuando conozco a una extranjera, tan hermoso cuerpo y pues resulta que usan fajas. bueno, pues. yo tmb voy por la mía.",0
"muy buenos tips! yo lo complemente con una crema reductora que encontre en facebook [dato quitado] buena , se llama Loveliness compren la original, SOLO LA VENDEN EN MÉXICO POR FACEBOOK [dato quitado] suerte chicas",0
Es cierto las fajas colombiana divinas,0
Me facinan las fajas😍,0
"Hola querida...la verdad las he usado ,  pero no me gustar sentirme  apretada , es por eso que le hago el quite , de que son buenas  son buenas",0
Hola savvy  yo las uso desde q di a luz  a mi primera jija y dese eso las digo usando,0
Me encantaron 🤗,0
"La ultima faja que mostraste me encantó.
Pero mis muslos son muy gordo y la necesito hasta la rodilla",0
Hola saludos desde Holanda me gusto el video muy explicito mándame el link de Internet para ver cómo se podría comprar gracias,0
A mi me fascina las fajas me siento muy bien,0
Linda gracias me gusta muchos tus videos y no  hee podido conseguir un pagamento super u saludito desde Bogota,0
"En las mayorias de las fajas es muy usada un material o tejido expandex o pavernet, yo tengo una (lógico) para caballero pero me comprime mucho , tiene gafetes y zippers jiji tambien soy [nombre]",0
Yo antes las usaba. Y se que dan muy buenos resultados. Me gustaría conseguir esas que enseño. Como las puedo conseguir? Gracias,0
Savy yo uso la primera porque en mi trabajo siempre levantó cosas pesadas pero agarro la grande y lo ago también porque me agacho mucho y no me gusta enseñar mis vergüenzas😃,0
Sandy yyyy tu con faja o sin faja te vez bien guapa Heres una mujer llena de luz todo lo tienes guapa inteligente y hermosa,0
"Hola a mi tambien me encanta las fajas colombiana yo tegon unas y cuando la uso seguido tengo size menos me encantan,,,",0
"Qué buenos tips, yo uso faja desde q tuve a mi bebé, un día decidí no usarla y me dió un esguince en la cintura baja 😂😅",0
"[nombre]! Ya me suscribí a tu canal, están buenísimos tus videos muchas gracias por compartir tantas cosas interesantes.
Una pregunta: tus fajas colombianas las has comprado en línea para que te lleguen a EU?",0
Hola sandy mencanto el vídeo bendiciones,0
Muy interezante el video cuanto tiempo mas  o menos puedo usar las camisillas faja mientras me acostumbro para luego comprar una colombiana???,0
"Hola me gustó mucho tu video y te quería pedir un consejo yo tengo una faja como la primera que mostraste pero no me gusta mucho porque siento que aunque me reduce la cintura, me saca mucho la panza y yo quiero algo que me comprima muy bien la panza porque si tengo mucha longita cuál me recomiendas?",0
"[nombre],me gustan mucho tus videos,especialmente cuando compartes con tu familia.
Por favor podrias informar por 
You Tuve conde compras todas las fajas? 
Te agradezco la informacion.
Bendiciones",0
Hola savvy cuánta variedad de fajas voy a comprar una para empezar a usarla lo que me molesta más es la barriguita o hacer ejercicios y ponerme as dieta y eso yo camino Cadí todo los días pero las probaré María Luisa Márquez juncos puerto rico,0
"Una faja me hace sentir más apretadita,  por lo menos cuando uso vestido me gusta usarla..tengo una que ya tengo años con ella es de varilla y si es muy incómoda pero nomas la uso para ir a bailar",0
Gracias si estiliza el cuerpo sobre todo cuando usas vestido de fiesta eso te ayuda mucho.,0
"Hola chica!!!!
Te hubieras medido todas.....me puedes decir el precio de las fajas colombianas?
Gracias... bendiciones 😇 TQM ❤",0
Yo soy chilena me compre muchas y llegué a la colombiana y si es la mejor,0
Gracias sandi  eres muy linda persona besos,0
Las fajas colombiana son buenisimas. En Panama se usa mucho la marca salome,0
Hola primer vez veo tus vídeos quiero preguntarle q marcas de jeans levanta cola  colombianos horman  bien tu finura gracias Dios te bendiga,0
[nombre] y donde compramos fajas  Colombianas?,0
Muy linda  que bueno que  compartas Saludos hermosa,0
Dios te bendiga que muchas fajas,0
Las voy a tratar,0
Estoy de acuerdo yo uso mucho las colombianas son las mejores tengo más de 10 años usando faja no les digo que estoy Barbie tampoco sino por que ya me acostumbre la uso tos los días menos fin de semana,0
Tan bonita muy sencilla,0
Hola amiga empese a ver tus videos y me encanto principalmente este de las fajas ya que soy delgada pero como he cojido unas libras tengo algo de barriga y eso me enferma que me aconsejas soy cubana pero en estos momentos vivo en alemania bendiciones y saludos espero tu respuesta besos y sigue dandonos buenas cosas,0
"Me encanto tu video 
Una consulta ¿donde puedo encontrar esa faja me encuentro en Perú?",0
Me gusta porque las enseñas,0
HOLA GUAPA BUEN VIDEO ME ENCANTAN LAS FAJAS  GRACIAS POR COMPARTIR BENDCIOENES,0
Gracias me gustan las fajas saludos,0
Me gustan me siento segura,0
Pues si te an ayudado tu cuerpo a agarrado una forma muy bonita...pero para mi las fajas es lo más incómodo... yo no aguanto sentirme apretada y no las puedo usar por mi mala circulación,0
Me gusto yo si he usado fajas y de esas colombianas en verdad son buenas,0
"Holaaa bella Sandy,muy buen video,aunque yo no las use pues soy muy delgada😳 aunque como de todo y si quisiera aumentar un poco de peso pero eso en mi caso es casi imposible,mi médico dice que es mi consistencia física,así que me tocó resignarme.Pero la info está genial para las chicas que la necesitan.Bendiciones amiga,lindo fin de semana😘",0
Yo si uso fajas vodis de toda la vida pero éstos no conocía  me gustan mucho yo soy española nose como conseguir y probarme me encantas que bonita eres  y como explicás,0
"[nombre], aquí en P.Rico  se venden mucho unas fajas Colombianas, yo compré una sin muy buenas se venden muy bien yo compré una en $60.00 Dollares y es un éxito. Llevo un mes usando y veo la diferencia no es como esa, son otras, pero esa se ve buena también",0
"Hola amiguita saludos desde aca en  Pennsylvania en los estados unidos, voy a hordenar la faja de Maria castellanos, sabes si se tardaria mucho en llegarme?  Gracias",0
me gusto el video gracias,0
Excelente information,0
Si si me en cantaria esa fajita tienes el link o todavia no la compras se ve jenial !!,0
Cual recomiendas para cuando uno se alivia para moldear el cuerpo ya que uno tenga el bebé.,0
"Sandy, recomiendas dormir con estas camisillas\fajas?  Gracias!",0
Sandy la pregunta mía es si la pido las fajas por internet qué talle vendría a ser o sea Cómo saber uno la talla de la faja de 1,0
"Que interesante Sandy, yo nunca las he usado, pero a raíz de que tengo muchos dolores de espalda me he comprado una para probar, la cosa es que pienso que en verano me dará mucho calor xD",0
Me encantan tus vídeos yo tengo marca Colombiana Fajatex,0
A mí toda la vida me gusta también usar fajas,0
[nombre] buen video. Gracias Tengo fajas pero no puedo ocultar las costuras delineando el botín debajo de mis jeans o en un vestido. Puedes verlo. ¿Cómo escondes esta vergüenza?,0
Y cuale son para cada prenda. Por ejemplo cual paea faldas cual para vestido entallado y cual par pantalona,0
"Hola,  muy instructivo tu video. Tienes un cuerpo muy lindo! Yo me compre una faja colombiana de esas que aprietan de alta compresion y me siento comoda excepto que a la hora  despues de llevarla puesta me empieza a doler mi cadera  y mis lumbares donde marca la faja entre las pompis y la cadera y cuando como me quita la respiracion es normal? solo he podido usarla por 2 horas al dia. Gracias!",0
Quiero la tercera y cuarta faja que mostrates,0
"Espectcular, si, las ntras son las mejores 🤗👍j",0
"Es como la que mostrastes ,la que moldea  y es apretada",0
Hola señora [nombre] está me gustaría saber ya que llevo una semana tratando de buscar una buena faja colombiana pero no ayo por cual decidirme ya que me dicen que la marca Salomé es la mejor y otras personas me dicen que la marca D’prada y otras que la marca Ann chery me pudiera ayudar por favor usteded que tiene tantas fajas a de saber un poco más y también me gustaría saber si estará mejor una faja con broches abajo y luego el cierre o será mejor una de puros broches si me explico espero su respuesta porfavor muchas gracias saludos,0
Hola hola Sandy ya volví jijiji👍👍👍👍👍👍,0
Sandy 😘 Q tipo de brasiel usas para Las fajas xfabor 😘🤗,0
Hola savvy así es para mi las colombianas y soy Dominicana,0
Saludos! Me encantan tus videos una pregunta Sandy las fajas que usas no se enrollan  en la parte inferior.,0
Hola sanvvy grasias por darnos ideas de las fajas  si tienes rason las mejores son las de fajate  yo uso la k mostrastes primero me gusta mucho no me mantrata 😐,0
Buen video.  Dios te bendiga,0
"[nombre] que buen vídeo pero tengo una pregunta es mejor las fajas enteras en la parte del brazier o como las muestras yo tengo mucho busto.
Gracias un abracito Dios te bendiga",0
Hola amor me encanta no puedo. Vivir sin ellas la amó😍😍👍👍👌👌💃👙,0
Las fajas colombianas son las mejores yo tbn he usado otras pero nada como las Colombianas 💋💕,0
Me gusta porque te las colocas,0
Quiero unaaaa urgente,0
Buena collecion wuao.,0
[nombre] yo ase tiempo compre una faja pero a hora ya no me queda después del tener mi baby  pero cuando me la ponía me molestaba mucho,0
Hay siiii me encantan porque soy muy estomagona,0
Como debo usar la faja de faja tex para bajar de peso en poco tiempo. Te agradezco tu consejo.,0
"Sandy saludos, me encantó este video y quiero usar las fajas, ya que tengo hostioartritis en la espalda baja y vivo con mucho dolor, mi pregunta es y perdona mi ignorancia si con esas fajas se usa panty, te hago la pregunta ya que veo que tienen cierre para cuando uno va al baño, te pregunto por qué nunca he usado faja y mi médico me recomendo usarla por mi condición, besos y abrazos....🤗🤗
.",0
Hola... soy de massachusetts. Me encantan las fajas siempre las uso. Entre a la pagina de fajate y los llame ellos me dijeron que no hacen entrega internacional😩. Como puedo hacer para tenerlas?,0
"+Savvy Sandy
Hola hermosa. Gracias por compartir el vídeo. Tengo una pregunta. Como lavas tus fajas. Las hechas a la lavadora o las lavas a mano?",0
Hola sandy  como estas esta viendo un video q hiciste de tus  fajas  usas me encantaría q nos volvieras hace nuevamente tu video de fajas la mentable mente  tengo q usar fajas por un problema  q tengo y me gustaría q me giarascomo q fajas ahora utilizas me servirias de gran ayuda gracias famila  bella,0
"Hola, de usan con calzón abajo o arriba ?
Gracias",0
"Hola señora [nombre], yo uso como la primera de las que venden en Walmart solo para que me detenga un poco las lonjitas y si se impone una porque cuando no las uso se siente uno toda desparramada😂las que aprietan mucho no las aguanto me pican y no soporto la comezón pero no pierdo la esperanza de comprarme una colombiana que no tenga nada de costuras saludos que estén muy bien 🤗😘",0
Son las mejores fajas de Colombia así es,0
Are faja's only to be used for after a BBL? or can you wear a faja just to wear one without surgery at all?,0
Hola yo quiero comprarme una faja que marca es la mejor para el abdomen flácido?,0
"Hola que tal quisiera saber cual es la faja que se siente mas natural es decir, al tocarla con la ropa no se sienta tan rígida",0
la tabla abdominal ayuda aplanar el abdomen y lo combinas con te jenibre en las noches ves los resultados,0
Que opines de las fajas sol beauty and care .,0
Hola recomienda una faja para vientre bajo por favor,0
Hola sandy de la faja que hablaste para los vestidos que dices que no se le nota la costura donde la puedo conseguir aquí en Medellín,0
Yo si usó están super tengo prótesis en la columna y tengo que usar faja gracias por tu información Sandy una pregunta indiscreta te óperaste las bubis? 🇲🇽💜,0
"Hola sandi, lastimosamente no puedo usar faja por que sufro de mala circulación.",0
Muy interesante,0
"Hola corazon la primera vez que yo use una faja hace como 10 años y era una casi igual Colombiana fajate, y la verdad como me ayudo, la ame tanto pero hoy en dia no la puedo encontrar por nada ya nada es igual, Pura imitacion donde la puedo conseguir porfa porque en Amazon no todas me aprietan de todo y me sacan todo mi abdomen, ayuda porfa!!",0
son muy buenas las utilizan los cirujanos plásticos para pos quirúrgicos,0
Gracias por tus vídeos las fajas de varillas lo incomodan a uno  ni me gustan,0
Hola como se consiguen esas fajas? Me interesa conseguirla. Gracias,0
Hola señora [nombre] ve que estoy adicta a sus vídeos 😂😂😂 le digo que yo desde que nasi soy muy delgada no engordo no con sonda 😂😂😂 peso 57 kilos y no subí de peso no cuando estuve embarazada de mis hijos,0
Hola sandy yo soy de armenia y uso de las mismas fajas la verdad ya hacen parte de mi vida cotidiana me siento rara sin ellas ademas porq me levantan la nalga super,0
Muy lindas pero como obtener una me gustaría saber el precio por fabor,0
"[nombre] me encanta el tema, solo que no entiendo los pesos colombianos, me intereso una dice k cuesta 96, 000 what? Más o menos cuanto es en  usd.",0
"Hola soy [nombre] y me gusta mucho los dos canales. 
Tengo una pregunta sobre las fajas colombianas. Como se pueden encontrar en España y sobre todo la talla. Si no te quedan bien se puede devolver? ???
Besos y abrazos. Y que Dios este siempre al lado de ti y los tuyos
ESPERO QUE ALGÚN DÍA LEAS ALGÚN COMENTARIO. PARECE QUE SOLO LEES LOS LATINOAMERICANOS. ES UNA PENA",0
Saludos desde California,0
Hola sandy quiero una de esa que usa usted de la de adiario pero no la pude encontrar please help😁,0
Que bonita tu casa 🏠,0
[nombre] me encanta como se te miran las fajas y tu como buena colombiana dime tengo 44 años ¿crees que las fajas puedan hacer algo por mi? 🙂 O como decimos aca en México ya quede como tamal mal envuelto 😒 muchas bendiciones para ti y tu familia ¡¡¡,0
Ooooh si.  Eso queria s aber ....si las uso en la noche,0
"Lola yo tengo que tener una faja autopedica y llevó desde 2012 por tres operaciones y son con varillas y tengo que tenerlas por que tengo tornillos en la comuna en la íntima operación y no puedo estas sin ella tengo operada media comuna el primer día de la tercera operación tuve un una de plástico que yo parecía una tortuga 😢  estuve todo el verano y después tengo esta con ballena eso te tu dices con Barillas y peso ya 40 quilos y tengo que llevarla para siempre  y se no puedo pasa sin ella y mas si voy a compra mea lluda a llevar el peso de la compra  ,beso(  posdata  es bueno que llevemos faja ) pero la mía no es de de pantalla  por las tres operaciones y es tubo un cefalorraquídeo me lo rompieron en la primera operación  ....chao estas linda",0
Hola saludos desde Atlanta,0
La verdad las fajas Colobianas son muy buenas gracias Sandy por conpartir pero segun escuche a un Dr que no es recomendable usar toda la noche muy malo para la circulacion sino tan solo unas 3 horas y sobre todo que no es bueno para las personas que tenemos problemas de gastritis no es bueno usar fajas apretadas,0
Yo compre una strapple pero me veo ancha de arriba que me recomiendas?,0
Yo las tengo un par de hrs y ya no las aguanto pero si tengo varias,0
"Soy de colombia podrias informarme la marca de la faja q tu dices q no
 has comprado? ?",0
"Hola , si uso fajas todo el tiempo, me reduce flacidez y moldea con el tiempo",0
Hola sandy  a mi si me gustan  pero te quería preguntar si  no son calurosas porque yo no tolero el calor gracias y te mando bendiciones,0
La otra que es como un short alto cuando te sientas no se te enrolla?? Gracias,0
"Hola,queria saber donde vas a comprar la ultima que mostraste que es sin costura? No la encuentro en ningun lugar quiero de esas(uso de salome)",0
Sandy ya compraste tu faja sin costuras?,0
Se podrán usar este tipo de fajas para después del parto ?,0
Hermosas están esas fajas soy gordita y no e podido bajar de peso Boy a comprarme una a ver como me va me cuesta mucho bajar de paso,0
"😁GRATIS Descuento de 15% en 🇺🇸 Y 🇨🇦: 
UE🇪🇺-UK🇬🇧: 
MÉXICO🇲🇽: 
OTROS PAÍSES🌎:",0
Hola dónde encuentro esf modelo ??,0
¿Qué otros reviews te gustaría ver? Comenta 😉,0
Estupenda 🌸 Una de las preferidas. Subscríbete y  muy pronto estaremos compartiendo nuevos reviews.,0
"Me encanta, como puedo comprar una ,dígame la tienda",0
🤝🏻Conoce toda la información para que puedas ordenar nuestros productos 📲  Regístrate para más info:,0
"Donde se puede
 Comprar y valor talla m",0
Hacemos envíos a todo USA y Puerto Rico 😉 Descarga GRATIS nuestro catálogo aquí ➡,0
Se puede trabajar con esa faja ❓,0
"Claro que sí Lily, desde que utilices una talla adecuado, es una faja para usar todos los días. ¡Te asesoramos GRATIS!  😉 Déjanos un mensaje →",0
Yo tenía una hoy de me rompió me duró 17 años,0
K precio tien la de chaleco la negra,0
Precio de la negra de chaleco,0
Me gusta ria saber cuánto vale  la faja  colombiana y que me dé más información ok,0
"Con gusto te asesoramos! 😉 Déjanos un mensaje 📩 m.me/Tissinimoda
o registra tus datos para contactarte➡",0
Cuanto cuestan las fajas quiero la negra que se puso la chica  talla xl,0
Con gusto te asesoramos 🌸 Descarga Gratis nuestro catálogo completo haciendo clic aquí ➡,0
Megustaria saberr cuanto bale,0
Hola💞 Es un placer brindarte toda la información que necesitas. 💖Te dejamos un mensaje interno para asesorarte.📩 🔴 Descarga GRATIS nuestro catálogo aquí ➡,0
Quiero una 2xL de las que llegan a las caderas,0
"Con gusto te asesoramos! 😉 Déjanos un mensaje m.me/Tissinimoda
 📩 o descarga nuestro catálogo aquí 🔥",0
"Te pregunto: compre una faja colombiana de cierre lateral con cremallera perineal media pierda pero de cola me realza y la sieto bien, lo q pasa es que en el lado de mi cintura derecha en el cierre lateral de la faja que queda una sensación de hormigueo, me la e dejado solo por tres horas o 5 y me la quito, por q se genera el hormigueo? Sin embargo es mi talla S",0
"[nombre], ¿la faja que mencionas es TISSINI?",0
Cuanto cuesta para losgluteos,0
Y SUS CATÁLOGOS NO TIENEN PRECIOS!!!,0
"Clarise, con TISSINI tienes catálogos con precios y sin precios, para que puedas fijar tus propias ganancias ❤ Para conocer los precios de nuestros productos, descarga nuestra Oficina virtual ➡",0
Q precio tiene la faja,0
eso es pura propaganda nada puede hacer adelgazar a nadie al menos que deje de comer comida,0
"Que video tan espectacular!!!!! Gracias por mostrarlo como queda puesto, para poder ver las diferencias entre las distintas fajas. 
El color naranja te queda divinoooo!!!!!!",0
"Ese color de vestido esta hermoso.
Igual me gustan las fajas tipo shor son muy prácticas",0
[nombre] por tanta información ℹ️ eres genial 😃😍💛💋🥰😎👏🏾👏🏾👏🏾👏🏾🙏🏾,0
Gracias por compartir son fajas con acabados perfectos excelentes bendiciones,0
Gracias !  Que bueno poder saber un poco al respecto..,0
Buenísimo el video👏👏👏👏👏 y si hazte el video de las que tu usas que te funcionan porfa. Gracias por todo😘😘😘😘😘😘😘,0
"Me encantó el vídeo muy informativo , e gozado un pullero! Gracias 😊",0
Me encantò cuando dijo... e’jilo. Love you Dany,0
"[nombre] por estos tips son los mejores , pero háblame de las cintillas por fa☺️",0
EPI: Evaluación Presencial Integral. Hermoso tu lindo video ♥️,0
"Hola qué buen  video!👏👏👏
Pero mejor que eso ... tu vestido ❤️ me encantó , es demasiado hermosooooooo.
Saludos.
🇺🇸🇨🇴",0
"Gracias,gracias apretujadas jeje ,mi admiracion para ti por medirte tantas fajas,me encanto el video,gracias otravez 💐💐💐💐💐💐💐💐💐💐💐",0
Y quién más es la loca de las fajas? 🙋‍♀️,0
[nombre] carol y su faja 🤣,0
"Podrías hacer un vídeo de fajas combinadas con el sujetador?, me gustaría.",0
Hola gracias por ayudar con las faja🤗👏👏👏🙏,0
Lo que habrá transpirando Dani probando todas esas fajas 🤣💕🌈🧡 te adoro!,0
Dany me gustaría que probaras las fajas de commando a ver qué tal. Besos y abrazos 🤗,0
"Si porfavor, haz de más tipos",0
Me gustan mucho tus vídeos saludos desde Monterrey  N. L México prueba la marca Chemisette hay muy buenas fajas y demás productos 👍👍,0
Dany que Bueno verte la mejor besos desde cuba,0
Amoooooooooooooo tus vídeos ♥️ un abraso,0
"Dany queremos ver el Review de las SKIMS , Las fajas de Kim Kardashian!",0
"No sirven. Tengo y perdí el dinero. No crea compresión,  no ajusta, no achica NADA. Sólo ayuda a q no se marque la celulitis pero no reduce pulgadas ni en cintura, ni en muslos ni en rollitos de la espalda",0
Necesitaba este video!!,0
Súper tus consejos 👍🏻😊,0
Daniii haz uno con las fulanas Skims de KimK,0
Ame tu vestido ❤️❤️❤️,0
"No me gustan las fajas...pero me encanta como describes las fajas😂
-cuatrinalga
-salchica
JAJAJAJA 😅me encanta lo directo y sincero d tu explicación 😅👍",0
"Q no lo haga y no vayas a botar tu dinero. La tengo y boté el dinero y fueron $80 dólares. No ajusta nada, no achica ni reduce cintura ni muslos ni rollitos de la espalda no ayuda en nada porq la tela es delgada parecida a una panty media y no crea compresión",0
"Has el review de las fajas de kim kardashian por fa, gracias , besos!",0
[nombre] me gustaría ver un vídeo con las fajas y ade kim kasdashian para ver la calidad y saber si vale la pena la inversión.,0
Ya van dos comentarios en los que responde que no sirve esa faja.. Que botó su dinero.. Lean los comentarios para informarse..,0
"La tengo y no sirve para nada. No hace compresión ni achica cintura, muslos ni nada. Boté  el dinero.",0
así mismo. Boté el dinero te lo juro,0
"Dani.!!! gracias, queria demasiado este video... Tienes que probar las de Kim Kardashian..!!! :*",0
Ya dijo aquí en un comentario que no le sirvió para nada.. Que botó su dinero en esa faja..,0
"[nombre] Queeee 🤯🤣🤣🤣🤣... No sabía, ufff y yo haciendo pedidos. Menos mal que están “agotadas” y quedas en espera.",0
Buenísimo el Vídeo Danny Hermosa 🤗🤗🤗,0
[nombre] dices k son las mejores xk tu eres la dueña .,0
Danny están utilizando parte de tu vídeo para vender fajas en Instagram,0
Deseé este video mucho tiempo,0
"Aqui estoy de nuevo, ❤",0
Hola!! La marca se llama Diane? En la faja no tiene la referencia? Pudieras publicar foto por favor,0
DANI bella excelente tema... Quería saber porque dejaste de comer chocolate cuéntanos?? Vi que lo comentaste y leí que la nutella es super dañina😕🤯no lo sabía,0
porfíss si dejo el chocolate  muero 😕🤪y las fajas son de mucha ayuda para las Gorditas 🙋‍♀️a me gustan las cinturillas deberías hacer un video con esas algunas con cierres y otras de broches. DTB Daniela 😘saludos a Mariéla que bella y tierna me encanta su acento hacen muy buena dupla 👏🏻👏🏻👏🏻👏🏻invita a erika de la Vega a Carmen Alicia,0
Muy buen video 😀,0
gracias desde Alemania,0
Te amo daniiiiii,0
Muéstranos la de Diane la de amorcito porfa,0
Entonces cual sería la faja para ese vestido,0
Ya probaste las cajas de Yahaira Shapewear?,0
"Creooo.... Que el problema fue el vestido porque,la tela es muy finita y se nota con todas también. Depende de cada cuerpo las cintullas son muy buenas",0
Me encanto tu vestido de donde es ?? Porfavor,0
Pero hay fajas tipo colombianas en Amazon con tirantes con cierre perineal,0
Dany es recomendable usar faja de embarazo,0
[nombre]! de donde es tu vestido?,0
Las colombianas de mi pais ❤❤❤ son las mejores tienen una comprencion impresionante te las recomiendo ❤❤❤,0
"OK, NO ES ACERCA DE FAJAS, PERO COMO CONSIGO ESE ESPEJO DE LICES QUE TIENES EN UN LADO. PLEASE.",0
"Busca online , eso está en todos lados",0
Me mata las palabras que utilizaste en el video! Estalle de risa!!,0
Y el vestido de dónde es??? 😍,0
Prueba la de Kim Kardashian!!,0
De donde es el vestido 😍,0
Por favor las de Kim Kardashian...,0
No sirven nada. Boté el dinero . La tela es delgada y no crea ajuste ni reduce.,0
[nombre] Danny! Gracias por el video lo estaba esperando!🤗🤗🤗,0
PRECIOSAAAAAAAAAAAAAAAAAAA<3<3<3<3<3<3,0
Yo vendo fajas de Diane para cualquier persona interesada. Solo en USA 🇺🇸,0
Me gusto la segunda 😐,0
Nos quedamos igual?,0
"Gracias por este video, lo necesitaba  en mi vida 🥰 hace tiempito te lo pedí 🤪",0
Ese titulp esta mal por que no vi cuál es la mejor faja del mundo.,0
"12:58 jajajajaja listo, la queme jajajajaja tan tu",0
Y la mejor faja del mundo cual es pues?,0
Las mejores fajas son las colombianas en assoluto,0
Y a que hora respira? 🤔,0
Eres bella bb 🥰,0
De los mejores vídeos 💕,0
Si muéstranos las que has comprado,0
[nombre]! Me encantan tus videos! Debes intentar las fajas Curveez! Me encantan. Son de alta calidad a un precio económico.,0
Y las fajas levanta cola,0
Dany tu usas fajas tooooodos los dias? Qué opinión tienes de las Skims de Kim? Saludos,0
🤦‍♀️🤦‍♀️🤦‍♀️.. Por qué no leen los comentarios?? Ya respondió a otras sobre lo mismo..,0
Esta mujer no necesita usar faja,0
"Mi colazom, besotes para ti!! 😍😘❤️",0
Debiste aproximar la cámara 😨,0
Segundo comentarios y quisiera que hables del miss venezuelaa😭💖✨,0
Pero bueno yo no veo ninguna faja por dios ni te las pruebas ni nada supongo que no cobrarás por esto no porque me he llevado una deceepcion,0
Ese cuerpo ni faja nesecita!!!,0
Que mala onda con el título de tu video nada que ver nada que aprender eso es lo más obvio de una faja mujer pensé que enseñarías una faja de buena calidad y para opción para compara y nada solo pierder el tiempo viéndote,0
"Me gusta tu vídeo, pero hablas mucho",0
La verdad me hartó tanto bla bla bla  sorry,0
Pero no muestras nada hija sólo bla bla bla pero no modelas bien la faja,0
[nombre] Grasias corazón ❣,0
Y como hago para cambiar la traducción a castellano?,0
El lima perú donde la consigo por que hay muchas que no se si son colombianas por acá,0
No hay informacion de talla. Solo dice tallas colombianas,0
"Yoshi holaaa! Me fui muy útil tu vídeo xq estoy x comprarme una, muchas gracias, amiga!!",0
"Hola yoshi muy bonito tu maquillaje ,a mi en lo personal no me gustan las fajas pero por siii pues ya estoy aprendiendo",0
Sii me encanta tus tips todito loq ases nos ayuda mucho 😍,0
[nombre] 😘😘😘😘😘 también muchos besos 💋 💋  para ti mi preciosa,0
Yoshi me encanto el video yo lo estube esperando ase mucho☹️ me compre la mia hase un mes y me encanta y es como dise erika la mia trae doble tela vitamina E y ginko biloba o algo asi gracis por la info besos 😘 ❤️,0
Y donde la compro.gracias de antemano,0
"Hola yo me compre una Ann Chery y donde la compre me dejaron medir no tuve problema me quedo la talla grande, me dieron una nueva y cuando llegue a casa  pensé......porque me la compre difícil de poner, pensé que se habían equivocado de talla, pero viendo tu vídeo ya entendí, compre el modelo 1042 body tipo panty,busto libre sierre frontal  etc..... Gracias por la informacion",0
[nombre] ❣️,0
Me encanta tu maquillaje 🤗🤗🤗,0
[nombre] yo compré una y me encantó tiene sierre desde enfrente asta atrás fácil para ir al baño y arma hermosa y el es estraple y el short es arriba de la rodilla,0
"[nombre] 
Por aquí en Colombia 🇦🇲 se te quiere💚💛💜 YoshiMe🇦🇲🤗🤗🤗",0
y tu para que quites ponpas si dices que las tuyas ya son prominentes.,0
"Mi querida Aida, siempre muy agradecida por tan lindos comentarios hacia mi, recibe un fuerte abrazo",0
Me encantaste❤️hablas con mucha senseridad❤️❤️❤️,0
"Yo uso una q comple en oferta y me salio buena ya se me daño,ya caduco se las recomiendo es de Leonisa la compre pq esta superbarata pero con el uso me resulto muy comoda, las completas son mejor, y cuando dices q difícil seguramente tu faja es muy rígida, las de fajate y leonisa ayudan son mas suaves pero ajustan donde tienen q ajustar. Pero si sirven todo es costumbre.",0
Gracias a ti por estar aqu,0
"Lo q dices de las uñas, es importante pq no es sólo q se te dañen las uñas si no q se puede rasgar la faja.",0
Yoshi trata la faja shapermint por favor 🙏 saluditos,0
Tu colita se ve muy linda  igual tus pestañas eres super 😍👏👏👏👏,0
"[nombre] gracias por darnos más opciones yo uso WaistShaperz en su página se puede comprar y allí se usa el peso que tienes y te da la talla de la faja que debes de comprar, los primeros días son incómodas pero luego uno mismo siente que te hace falta ponértela y la verdad no cuesta ponerse.",0
[nombre] ahora tienen especial compras 1 y te regalan otra hay diferentes precios 👋🏼😀😀😀,0
Yeiiiiiiiiiiiii. Mil grasias...,0
[nombre] ala mejor en ala página de Amazon,0
"[nombre] 
🙌🙌🙌🙌.... 
Saludos mi hermosa tkm😘😘😘😘",0
Creo que una se acostumbra,0
Amiga megustaron tus fajas mas yo vivo en francia como ago para octener esas fajas dime xf yo quiero unas 2,0
Pero yoshi como saber la talla que debemos pedir. Por qué yo tengo una la pedí S y no pude entrar en ella y tengo M y sé me nota atravesé del vestido que traigo faja. Pos estos como? 😥,0
"quiero una faja igual a la tuya, ya entre a la pagina  y solo encuentro una a ese precio e igual a la que muestras pero en plus size",0
"Holi... Soy de Argentina! No se si la página sabe de donde soy [nombre] me aumentó el precio en dólares porque está a 80 y pico 😂 pero en fin, alguna argentina que la haya comprado o probado que me recomiende donde la consigo? 😁",0
Hola soy de Guatemala y  estoy interesada en una pero me da miedo que no sea la original o que no me quede que debo hacer yoshi,0
"Que linda muchísimas gracias por tu comentario, esto va directo ala empresa ☺️🙌🏼",0
"Tengo unas dudas:
1. Esa faja viene con un broche abajito como para ir al baño? O me tengo q quitar todo para ir? :v
2.yo peso 52 pero tengo unos rollitos a los costados q son difíciles de bajar y ps no sé que tipo o modelo de faja usar; esa que te probaste es tipo short, ese modelo es exclusivo para levantar pompas? O la de tipo calzoneta también levantan?
3. En la parte de tus piernas, la faja te ha marcado algún gordito de esta parte? Es que yo uso más pantalones y no me gustaría que se vea un gordito en mi pierna porque sino todos se darían cuenta que tengo una faja.
4. Las fajas q dicen que son reductoras son porque tebreducen la cintura al instante o porque también con el uso constante la cintura se reduce y se ve los cambios uses o no la faja? Nunca he usado una faja =v Por eso mis dudas. Reducirían más si me coloco una crema ""reductora"" es que odio esos rollitos de los costados =(",0
holaa disculpa como está soy nueva en tu canal.una pregunta será q pueden mandar hasta japon,0
Hola muy bonito el vídeo pero me gustaría decirte q soy de Colombia y lo q tú tienes acá se llama body la faja es muy diferente.... Yo tengo de los dos pero prefiero la faja porque no se ven esos gorditos en la espalda se ve todo bien parejo,0
"Recien me regalaron una no usadas porque no le quedó a mi cuñada, a mi si me.quedó y según es colombiana y tiene como unos hoyos para para las pompas  con tela. Y me.las levanta exageradas... Como tengo algo de pompas me da pena ponermela",0
Nos debe un tutorial Rosie Martínez,0
"Muy buena información , muchas gracias hermosa",0
Gracias a ti bella,0
"muchas grcias, me ayudo mucho tu  video, ademas me encanto tu espontaneidad... gracias",0
Y cuando quiera ir al baño como se hace???? 🥺😨😲😨😨,0
Y en la parte de enyrepierna trae sierre y no es difisil de ponerse,0
Jajaja.yo pense que solo me pasava ami .la verdad son muy dificil de poner .,0
Como saber q talla pedir ???,0
Tienes hijos hermosura porque tu pansita esta demasiada muchas estrías pero eres hermosa muñeca dios te bendiga siempre ❤️👸🏻🙏🏻,0
[nombre] awww pero es una mujer hermosa todas tenemos defectos grasias hermosa por responderme pensé era así ella te adoro vendiciones para ti 👸🏻❤️🙏🏻,0
"Como sabes que talla comprar porfa ?
Gracias",0
"Hola  compras una talla menos de tu talla normal
Por ejemplo si eres talla M compras una talla S 
Yo soy M y compro xs ya que ami si me gusta bien apratadita te recomiendo ir a una tienda donde te asesoren bien",0
Pues yo vivo en San diego u kiero saber donde esta la tienda si algo en m podría decir gracias,0
Hola soy de colonbia y si sepude usar despues del embaraso si no es por cesaria,0
Debes esperar quel medico te diga cundo puedes usar faja,0
Vivo en san diego me metí en la pagina para ver precios pero esa faja me sale a 90 dólares no 50 dólares como decías 😔,0
"Es un precio normal, las fajas tiene ese precio,",0
Donde las compro,0
Eres muy cincera me agrada 👍🏻,0
La marca es Aranzashapewear,0
"Hola, cuánto cuesta el envío aprox",0
"Hola. Recientemente compré una faja , me encanta, pero me aprieta tanto que me dá dolor de estómago y abajo de las pompis. 
Es normal eso??",0
Probablemete tomaste una talla muy pequeña o el modelo no era el  adecuado para tu tipo de cuerpo.,0
ESTAS COMPLETAMENTE HERMOSA,0
Hola yoshi meza yo soy de soledad ca como puedo ordenar esta faja,0
Holas amigas como están porque no sacan fajas con mangas porque las que no tienen mangas le ocultan la barriga pero le sale a la espalda y los brazos y se ve muy feo y pienso que si también se esconde los gorditos de la espalda y brazos sería genial gracias,0
Me muero de pa risa con ese Durazno tan grande Yoshi!! 🍑😂,0
"A mi en lo personal me encantaría que mencionaran TODAS las YouTubers que hacen videos de fajas, de qué estan hechas las que mencionan en sus videos, osea la tela porque eh visto que algunas que sin hechas de poliamida(o algo así 😅) y elastano, otras de lycra otra de nylon o algo llamado powernet y yo como primeriza que busca usar fajas no se que tela sirve para qué o cual es la mejor. Estoy regorda😭 y obvio sé ke usar una faja no me va hacer bajar de peso aunke estoy en proceso dé, pero mas ke nada busco no verme tan mal en ropa pegada. Ke las lonjas no me bailen tanto al caminar pues 😂 y pues si puedo reducir una par de centímetros pues ke mejor verdad",0
Jejeje pensé q nomás sentía eso yo,0
Hola me gustaría comprarla como le puedo Aser,0
Acá en Ecuador pasan de 100.$.,0
"Wow buenísimo video me encanto,  Yoshi si puedes decirme por favor el modelo de esta faja? 😍🙏",0
Se ve padre la faja q talla es la se va a probar? la negra,0
Cual es la marca de la faja.,0
Solo viene en inglés la pagina??,0
Me gustan dime cual es la direccion o email como me la pueden evviar....,0
Hola nena como la puedo con segir me puedes alludar x fa,0
Que talla compraste y cuanto pesas en libras,0
Honestamente si quieren una nueva faja que les dure ańo original colombianas como telas colombianas compren una D’prada Delie es calidad las pueden encontrar en eBay o Amazon no se van arrepentir!!,0
Si esta tan apretada como le haces para ir al bano a hacer el numero [dato quitado],0
No encuentro la tabla de tallas,0
Yo me compré una faja colombiana y ay una técnica para ponértela una amiga colombiana me enseño a ponérmela y no batallo nada,0
Do de las vende,0
Todo se escucha bien pero habla de los beneficios los precios no son importante me parece que lo que tu estas haciendo es venta,0
Donde  lo puedo  comprar,0
"Que talla debe comprarse? La misma o una talla más. Recién me compré una, soy talla M y la compre talla S, pero la veo muy chica, aún no la he usado",0
Es cuestión de práctica para ponerla  luego se hace fácil,0
Te ves muy guapa,0
Pero en verano tiene que dar muchísimo calor! Alguien que las usa en verano? Es que no tengo ni idea! Gracias 🙏🏻😘😘😘,0
A mi no me gustó x q se ve el cierre a lo largo del vestido o vio q se darán cuenta q traes faja.,0
Como bajaste los kilos ??,0
Yo compre una nude en 150 y creo k es chafa no creo k es de verdad Columbiana esa seme ase bien barata y buena creo k me comprare una para aora en octubre k tenga a mi bebe,0
"Wow Me Encanto😍🤗 Saludos Bella😘
Ahora ando Por aqui🙋🏻‍♀️",0
q buen video 😍😍👍👌🙋,0
Quiero una como hago? Soi de argentina o donde Hai un negocio en argentina,0
Es bueno para la cesaría Yoshi?,0
"mete la faja hacia abajo, (piernas parqa arriva volteadas, y una vez que llegue hasta arriba ya metes lo de mas del cuerpo, asi no requieres ayuda de nadie. (lo acabo de ver, nunca me he puesto una faja) :S",0
No hay una faja que tenga el Ciper a un lado,0
esas no son fajas colombianas las fajas colombianas no transparenta y son una textura strech sin tanta costura para que no se note tanto en la ropa,0
Hola ... Q hiciste para bajar tantos kilos ...,0
Y PARA SABER SÍ SON ORIGINALES COMO SÉ PUEDE SABER?😭😭😭,0
a los que se atreven los pobres maridos jajajjaj ahi ahy amor,0
Yo no la veo por $50 dólares solo de $100 para arriva,0
"Cuánto tiempo se tiene que usar una faja así para ver resultados? Y cuantas veces  a la semana? Gracias bella, me gustó tu video!!!💕",0
Soy nueva en tu canal y me mato d risa el comentario d tu esposo 😂😂😂😂... La faja esta woow 🙆👍,0
Yoshi me gusto la faja como la puedo conseguir me puedes dar información quisiera comprarla 😃😃😉❤✔,0
Holq soy de colombia y yo las uso pero esa sebe de muy malacalidad no es colombiana,0
❤️❤️😘💖😍💕🌟 a tiempo.!.,0
No entendo tú hablas español y la página de compras está en inglés affffff,0
Ami en lo personal no me gustaron esas fajas más la fama de que son colombianas la verdad  no es más bulto gruesas las de ardis son mejor,0
Si se nota por la espalda,0
Esta bien .pero no ables tanto,0
Yoshi aquí en este video te miras bien delgada de la cara pero bien y los labios se te miran bien pero ahora más buena decisión en los fillers 👍🏻,0
Porque hablan tanto!!!!#,0
No me gustó como se ve con vestido. Se nota las dobleces,0
Yolaquiero pero notengo dinero melaconpras por favor,0
"Me muero si me pongo esa tortura China ufff que horror 
Bueno respeto quien le guste pero antes de esa tortura mejor comer comida sana  irte al gimnasio yo caminar bueno esa es mi opinion",0
Soy colombiana y te puedo decir que esa faja no es colombiana,0
te hace cuerpaso cuando hay con que trabajar pero cuando tienes cuerpo de bob esponja pues de donde😢 ja ja,0
Y qué le dices a tu pretendiente cuando llega el momento de quitarse todo eso y caen las lorzas? No es mejor cuidarse con ejercicio y alimentos sanos  y lucir sin engaños gordos?,0
"Será que una talla más grandesita, que la que te mandaron te quede mejor y te la puedas colocar sin lastimarte.",0
Hablas mucho que orrr,0
que aburrida le mete mucha lata,0
Cómo aburre tanto bla bla,0
"💥GRATIS Descuento de 15% en 🇺🇸 Y 🇨🇦: 
UE🇪🇺-UK🇬🇧: 
MÉXICO🇲🇽: 
OTROS PAÍSES🌎:",0
"[nombre], gracias por escribirnos y por dejarnos tu review. Te invitamos a ver nuestro canal de Youtube y nuestro sitio web donde vendemos las mejores marcas de Fajas Colombianas 👉 Feliz día.",0
"Saludos, gracias por contactarnos. Si quiere conocer su talla ideal por favor indíquenos sus medidas de cintura y cadera. Para tomar las medidas puede ver este video 👉",0
"Saludos, gracias por escribirnos. Nosotros nos encontramos ubicados en Estados Unidos, pero puedes comprar esta Faja a través de Amazon haciendo clic aquí 👉 Cualquier pregunta que tengas estaremos atentos a tus comentarios, feliz día.",0
"Saludos, gracias por comunicarte con nosotros. Podrás conocer todos los detalles de la Faja Salome 0214 haciendo clic aquí  Nosotros nos encontramos en Estados Unidos, pero en la descripción del video hemos dejado varios enlaces para comprar desde varios países. Cualquier pregunta estaremos atentos a tus comentarios. Feliz día.",0
Y deseo saber cuanto Cuesta Como. La. Puedo adquirir y si tienes Barilla,0
"Saludos, gracias por escribirnos. Sí, esta cinturilla cuenta con 9 varillas que permiten mantener tu torso en una posición adecuada. Para comprar puedes ingresar en nuestro sitio web haciendo clic aquí  o visitando los enlaces que hemos dejado en la descripción del video. Feliz día.",0
"Saludos, gracias por escribirnos. Si quieres conocer tu talla ideal puedes enviarnos tus medidas de cintura y cadera y con gusto te podemos decir tu talla o puedes ver este video 👉 Estaremos atentos a tus comentarios, feliz día.",0
"Saludos, gracias por escribir. Amablemente le indicamos que una vez encuentre su talla ideal, no tendrá ningun inconveniente con la prenda. Si quiere conocer su talla ideal por favor indíquenos sus medidas de cintura y cadera. Para tomar las medidas puede ver este video 👉",0
Que costó tiene?,0
"[nombre], gracias por escribirnos. Puedes ver los detalles de esta Cinturilla en nuestro sitio web haciendo clic aquí 👉
En la descripción del video hemos dejado varios enlaces dependiendo del país desde donde desees comprar. Cualquier pregunta estaremos atentos. Feliz día.",0
Gracias para ensenarnos! Eres maravillosa!,0
"Hola mi querida Aurora que belleza de mujer eres , no solamente en lo superficial tu belleza interna irradia y la transmites en cada vídeo eres de admirar por tu fortaleza tu fé y por admitir que te quebrantas pero como toda una mujer valiente y guerrera te levantas Dios te bendiga a ti a tus proyectos y a tu familia y sea Dios quien obre en la operación que necesita tu esposo (Mochi) que les valla muy bien en su viaje❤️🙋🏻‍♀️😘 Saludos",0
A mi me encantan las fajas amiga !! .. y hasta duermo con ellas me encantan gracias por tus tips ; y haz más vídeos con el mochito porfa nos encanta verlos son muy divertidos 💋,0
"[nombre]!!!! Muchísimas gracias por tus consejos, me han sido de gran ayuda, ahora ya entendí cual es el mejor modelo de faja para mi. Besitos",0
Me encantaron las fajas y la explicación que diste de cada una Gracias...,0
"[nombre], que padre que hoy si hay comentarios. Saludos al Mochi Aurorita me encanta esta familia, no 
creí que usaras faja, no se te nota.
Bendiciones y que todo salga bien con el Mochi.",0
[nombre] ❤️💓,0
Gracias por el tip hermosa muchas bendiciones para tu esposo también que todo salga bien 🌟🌟🌟,0
"Gracias ya compré mis fajas 
Sensaciónales.. bendiciones",0
"Hola... Me encantan tus videos eres muy auténtica, gran ser humano
  Saludos desde Veracruz México 💖",0
Me encanta tu entusiasmo para todo hermosa !! Yo tengo una faja cinturilla colombiana también y hace un linda cintura me encanto esa de shorts La pediré gracias por tus consejos siempre tan linda saludos desde oregon,0
[nombre] gracias por compartirnos tus videos y si yo tengo la del short 😊 la compre cuando la mostraste en otro vídeo y esta súper cómoda gracias Dios te bendiga,0
Soy colombiana y la mejor faja que he usado la más cara cuesta 250 mil colombianos y te dura años realza tanto los glúteos que parece que te hiciste aumento de glúteos y la cintura ni se diga super y lo mejor que mientras te recoge todo te ayuda a moldear todo el cuerpo y a reducir medidas,0
Bendiciones que todo les marche bien en su viaje. Gracias por el vídeo y quería un vídeo de ésto.!!!!,0
Gracias por compartir tus secretos!! ya estoy en búsqueda de la faja que mejor se acomoda a mi silueta y necesidades XD,0
Hola aurora viendo este vídeo me recuerda cuando te empese a seguir con tu vídeo de trucos para verte mas delegada.. Ya hace unos añitos . te mando muchos saludos y bendiciones para ti y tú familia desdé hidalgo México..,0
Mil gracias excelente explicación 👍👍👍,0
Eres la mejor gracias por hacer este video me sirvio muchisimo tu información eres muy honesta y linda,0
[nombre] gracias por compartir tus fajas 👍🏻y espero que estén bien si es que ya se fueron a Mexico para lo d la operación d mochi Dios los bendiga y cuide y que todo salga bien con el favor d Dios 🙏🏻😘💖,0
Ayyyyy de verdad tu heres un mujeron con o sin faja wow Dios slte bendice a ti y tu bella familia saludos desde Vegas NV ese Viajecito que tienen pendiente haganlo a Vegas para conocelos por fis,0
Gracias por compartir las fajas que usas creo que me voy a comprar una. Me encantan tus videos,0
[nombre] me encanta tu programa y tus decoraciones las disfruto.  Tu carisma lo transmites y pones alegría x donde vayas.  Te veo desde Cuenca Ecuador.  Abracitos a tu princesa q por cierto es tu copia.  Hermosas Dios las bendiga,0
[nombre].. Estan divinas las fajas y se te ven espectaculares.. Me encanta ver tus videos por que contagias tu alegria..un abrazo y saludos a la niña mas linda Aurorita y señor mochis...,0
[nombre] se ven muy buenas y si te moldean bien sobre todo si.la tela es suave .buen viaje y bendiciones al monchis  en su operación saludos 😙,0
Gracias gracias Gracias que sigas cresiendo con tu canal  hermosa ❤️,0
"Gracias me sirve de mucho tu vídeo , que linda y sencilla eres . 🤲🏼🌷",0
[nombre] me gusto la faja colombiana 👏👏👏,0
Gracias si buscaba una faja saludos.,0
[nombre] bendiciones muy bonito tu consejo  gracias.  Yo apenas estoy haciendo mis ejercicios.,0
Gracias por la info Aurora. Un beso desde España.,0
Que bien me encanta explica muy bien gracias,0
Aurora gracias aquí en Houston hay una señora [nombre] vende pero muy caras gracias.  Tu información hermosa 😘😘😘 bendiciones,0
[nombre] esta en busca de una faja short y ya la ordene  😘😘,0
Hermosa por dentro y por fuera Aurora ✨,0
Gracias por compartir 😁💕,0
Hola...k padres fajas  k buenos consejos  nos das gracias  saludos para Aurorita y al mochi  k salga bien de todo bendiciones ..,0
Bendiciones aurora gracias por tus tips,0
"Me encanto la faja negra,amolda muy bonito el cuerpo,gracias por compartirnos este video,saluditos🤗",0
Aurora yo te conocí con un video de Fajas hace años woooo fue la primera vez que vi tu video y me suscribi,0
Hola hermosa me encanto la información yo tengo una colombiana y me ayudo mucho cuando tube a mi bebé me acomodo el cuerpo 😊,0
gracias por los consejos y los links. saluditos!! desde españa,0
Me encanto Aurora justo lo que necesitaba,0
"Gracias aurora, yo lo necesito",0
"Así es, porque absolutamente todas marcan cintura y no te comprimen mucho la cola y las caderas, IDEAL para nosotras las latinas que luchamos con las nalgotas y las caderotas jajaja es un stress.",0
"[nombre]!! Me encantó mucho el vídeo! Yo uso una faja Colombiana! Me gustó la del short la voy a probar!
Gracias por compartir! Bendiciones!
🤗",0
estoy muy feliz por q me compre la ancherri y espectacular la amo tan bien la recomiendo,0
"[nombre] para toda tu familia😘
Saludos desde Querétaro",0
Hola soy [nombre] de argentina y me encantan tus videos. Me das mucha buena energía  para todo mi dia😄,0
"Aruora,estupendo video,las fajas que aconsejas dan muy buenos resultados.A mi me encanto el cuerpo que te hacia la de color negro.Estoy pensando comprarme esa para ocasiones especiales.Un afectuoso saludo.",0
"[nombre], soy de las que usa faja también y tengo algunas parecidas a las tuya 😃❤️",0
Bendiciones eres una persona muy linda!!🤗🤗,0
Me encantaron tus fajas de hecho m enamore d la d chorsito 😍 espero algún día comprarmela .saludos a tu familia bonita,0
[nombre] Me encantan tus videos...me gusta mucho tu estilo de decoracion un abrazo desde cali Colombia,0
Gracias  GRACIAS GRACIAS GRACIAS AURORA,0
Son muy bonitas y se ven comodas bendiciones,0
Hola aurora me encanta tus vídeos eres muy simpática,0
"HOLA AURORA , AHORA SI,,ESTE VÍDEO ES PARA MI, PRECIOSAS LAS FAJAS  MI NIÑA.  LOS MODELOS SON  LINDOS  ASÍ  ME DARÁ  GUSTO OCULTAR MIS LONJAS,,CUÍDENSE MUCHO..TE ENVIÓ UN ABRAZO DESDE  PERU..",0
"[nombre]!
Soy nueva en tu canal! Vivo en Canada(Montreal) DIVINAS LAS FAJAS Q USAS!!! ME ENCANTARON LAS DE SHORT!!! GRACIAS POR ESTE BELLO VIDEO!
UN 🤗",0
De Navidad pedi el calzón  faja y si aprieta lo que tiene que apretar gracias Aurora por tu vídeo de las fajas,0
Muchas gracias cariño me encantó este video 🥰🥰🥰 Dios te bendiga,0
Si buenas noches me encanta tu programa,0
Tengo la última y es espectacular,0
Gracias amiga me sacaste de aprietos 😊😊,0
Amo tus videos eres súper positiva saludes de California,0
"[nombre] y a toda tu familia, besos",0
[nombre] feliz lunes💕 me interesa mucho la faja de short se ve que queda muy bien..,0
Oh wow me acabo de encontrar con tu canal y me acabo de suscribir me encanto tu carisma y el fondo de tu video muy bien 👏🏼👏🏼👏🏼,0
[nombre] todo muy bien saludos  y vendiciones,0
[nombre] soy [nombre] de chile hoy te empecé a ver me encantan tus vídeos,0
Hola aurora me encanto todas las fajas más me gustó la faja colobiana ...  Tienes e  hermosos vestidos saludos desde Guatemala 😘😘😘 bendiciones a ti y tu familia,0
Bendiciones aurora 🙏🏻🤗,0
Gracias a buena hora la voy a encargar😃,0
Aurora yo tengo la beige y es cierto muy buena esa es la que uso y también tengo la colonbiana,0
[nombre]..!! Super bien asi para pensar que faja comprar... Bonito inicio de semana.. Saludos y bendiciones 🙏🙏🙏🙏🤩🤩😍😍,0
Aurora me encanto el negro y el morado,0
Muy buena ésas fajas Colombias te kedan super  saludos aurora dios te bendiga 🙏 a ti y tu familia,0
[nombre] tú con fajas o sin fajas te ves muy bien y muchas gracias por aser estos videos y todo va asalier muy bien con la operación del mochi y muchas bendiciones para ti y tú familia 🥰😍👍🙏🏻,0
Ahorita compro la faja colombiana ojala y todavia la tengan👍😉,0
Muchas gracias por compartir tu video. Muy Bonitas fajas. Bendiciones abrazó desde Argentina. 🥰🥰🥰❤🌹,0
La verdad joven...que usted es expectacular..😃,0
Hola aurora me encanta tus maquillajes,0
Aurora me gustaron todas la fajas 👍,0
"Hola aurora  te miras hermosa con faja y sin faja eres una gran mujer
Dios quiera que todo salga bien con tu esposo  dios los cuide en su viaje
Todo saldrá muy bien primero dios hermosa",0
Tienes mucho carisma y una voz muy calida,0
"Me encantan todos tus Videos, Eres Bella  y tienes la casa preciosa y una Princesita hermosa y el Mochi no se queda atrás muy guapo",0
"[nombre] me gusto mucho la de short , me encanta tu forma de ser para mi es un placer verte y Aurorita es un angelito cuidate mucho🥰😍😘",0
Hola mi amiga Aurora Saludos que tengan un excelente inicio de semana saludos,0
Ese vestido verde con lentejuelas   aurora te queda muy lindo espectacular me encantan tus vídeos  saludos desde república dominicana,0
Te ves DIVINA!!!💖💖💖,0
[nombre] soy tu nueva suscriptora y la verdad me caes muy bien e visto varios videos tuyos y me encantó tu sencilles y tu buen corazón te felicito tienes muy bonita familia hermosa Aurorita y tu esposo Mochi se ve un buen hombre saludos desde culiacan sinaloa dios los bendiga en la.operacion les deseo buen viaje .,0
"[nombre] desde NJ USA, Bonita ideas de fajas para saber vestir y lo mejor economicas, pero la otra vez te habia preguntado donde compraste esos portaretratos que tienes en Las paredes de tu habitacion,  es lindo tener recuerdos asi de organizados.",0
Saludos  ati y atu familia no me pierdo tus vídeos aurora bendiciones,0
[nombre].. Saludos me encanta verte..!!,0
Ola  muy buenas me encanta que enseñes lo que conpras saludos vendiciones,0
"Veo tus blog junto a mi pequeño de 5 años y esta full encantado con Aurorita, la encuentra muy inteligente y dulce asi que ahora ella es su idola y su ejemplo a seguir.",0
Gracias ami me parese que voy a pedir la de chorsito tambien 🥰,0
[nombre] ...t kedan bien las fajitas...sigu haci siempr sencilla y alegre ☺ bendiciones 👐,0
Hola primera vez que te veo y me encantó tu forma de ser. Saludos 💜,0
Que padre la moradita ! ♡,0
que super bien Aurora igual tu eres bella con o sin faja tu que te fijas 😉😊 feliz  viaje que dios los acompañe en todo momento y que el mochi tenga existo en si cirugía  y pronta recuperación y romeo que no se sienta tan triste por que los extrañe  ✨🌹,0
Yo tengo la colombiana y si es increíble lo que te ayuda,0
te admiro mucho de verdad saludos desde puebla y mucho exito bendiciones,0
Hola mi bella Aurora que bien se te ve ese vestido 👗 que te probaste al inicio bueno es que a ti todo se te ve muy bien wow casi lo olvido bendiciones para el mochi Dios estará con el siempre mi bella,0
Me en caaaaaantoo este vidio.aurora mujer con harta.personalidad.👪👍👍👍👍👍👍👍,0
"Me identifico mucho contigo, mis padres son de Cadereyta Jim",0
Hola!! Saludos desde Matamoros Tamaulipas un gusto ver tus videos,0
[nombre] que todo salga bien en la operacion del Mochi que Dios los cuide y los proteja en su viaje,0
"Aurora cuando cruces a México cómprate el modelo 1200 de body siluette, son muy  baratas y super cómodas para lo mucho q amoldan.  👌  (P.d. hay q checar bien las tallas)",0
d corazon me gusta todo lo k haces x k lo haces con amor y yo soy fanatica d las fajas me gustan🥰🥰🥰🤗🤗🤗,0
Hola! Esa faja como se llama? Yo no la encuentro?,0
"Hola ,excelentes fajas .",0
Me encantó mas  la primera todas están muy bonitos me encanta  tus videos hermosa saluditos 🌹🌹❤,0
"Me encantó la última, me gustaría algo con bastante compresión en el área abdominal....",0
Super recomendable la colombiana 💖😃,0
Wow  me encanta la manera en que  explica las cosas. A serca de las fajas. Justa mente quiero empezar usar fajas pero no se como o que talla seria ya que  peso 150.libras,0
"Hola aurora, yo nomas no le atino con las fajas🙁 intentaré una de las tuyas❤❤❤❤",0
[nombre] te mando muchísimos saludos 🙋‍♀️🌼🌸🌺🌷,0
"[nombre], aùn no terminaba de ver el video y ya estaba ordenando una de tus recomendaciones 😂",0
Las mejores fajas colombianas son de la marca fajate se las super recomiendo son las mejores. Su comodidad es lo mejor y moldeo super...,0
"Me gusto tu video eres un caso Real, digo esto por qi muchas veces hay quienes dan recomendaciones d fajas y son mueres súper flaquitas que obviamente dices que pedo, quiero verla en una persona d complexión  normal para creer que si funciona y zas aquí apareciste tu gracias x compartirnos tu experiencia y tus sugerencias .",0
Hola aurora aquí estamos como siempre apoyando 👏👏👏👏🙌🙌🙌🙌🙋😘😘😘😘😘,0
Que bonito te amoldan las fajas me encanta como te miras 😍😍😍😍😍😍😍,0
Te quedan muy bien tu favorita....y si quieres una superfaja te recomiendo las de la marca LEONISA de Colombia son las mejores en el mundo .....yo tengo de varios modelos  hay hasta unas enteras como legin para usar con pantalón de tela delgada,0
Tengo que tener esa faja colombiana  😃,0
Hola mi bellísima me encantan todos tus vídeos eres la mejor 😘,0
"Hola soy nueva en tu canal me encanta lo sincera que eres me suscribo. Lamentablemente  aquí en mi país Guatemala no se puede comprar desde amason cuesta demaciado, pero si en Ali express, me encantaría si me ayudas a encontrar unas en Ali express.",0
Que hermosa Aurora ❤️ yo pronto bautizaré a mi bebé y necesito un outfit y una buena faja jaja,0
K bonitas fajas no soy fan d las Fajas pero se ven cómodas la d vestidito y la d shorts,0
No lo puedo  crer me dio corazon aurora elizondo te amo mucho,0
Aurora buen tema yo soy talla s pero me gustaría verme más ajustada nunca e usado fajas pero en ocasiones especiales por qué no bendiciones 😘❤❤❤❤❤❤,0
Me encanto tus videos muy interesantes,0
Hola hermosa Aurora nunca había usado una faja hasta hace dos años que uso y que me gusta ya que mi esposo me la compro 🙂 es una faja colombiana parecida a la que tienes cuando me la puse se me vio súper cuerpazo 😁 son muy buenas  tengo otra que no es colombiana la compre en una tienda local también me gustó las uso cuando me pongo vestidos pegados con faja y sin faja tienes un mega  cuerpazo me voy a ordenar una de las que has mostrado bendecido martes,0
Hola aurora me encantan tus vídeos,0
"Esas fajas de verdad que son milagrosas, yo compré una después de mi cesárea, se parece a la última, pero la.mia es especial para cesárea das, porq el broche de abajo esta un poco arriba adelante, para q no duela. Soy de Lima ,Perú y la faja que use es.marca Vaneika. Super buena !!! Hasta ahora lo sigo usando , mi hija ya va a tener 2 años ❤️",0
Hola 👋 muy buenas fajas  te quedan le lujo 😉 yo estoy empezando mi dieta aver si sé me ven como ati saludos,0
Excelente la morada yo la tengo es la que más uso x el hueco abajo la compré en Leonisa y me costó 180.000 pesos pero es super super,0
Súper me encanto 😍😍😍,0
Ya me vi usando una de esas para el postparto,0
"Buenas tardes! Hola sra [nombre] que comparte, yo tengo las que son de short y de calzon pero esas las compré en Walmart y si me han salido buenas me gusta la compresión que hacen, usted sin faja o con faja todo le queda bien , está muy padre su enterizo que trae es de shein???cómo sigue su esposos y como es su princesa, les mando un cordial saludo, gracias  buena tarde!",0
Es verdad tu con faja y sin faja te ves muy bonita 💕🌺,0
[nombre] muchas gracias por compartir tus fajas me encanto la morada me podrías dar el nombre o como la puedo pedir para ordenarla gracias hermosa por tus vídeos saludos y bendiciones para ti y tu hermosa familia saludos desde Nebraska,0
Muy padre  tus fajas,0
"Hola, espero qué se encuentren bien. Qué allan tenido un buen viaje. Y espero en Jehová qué la operación del Mochi salga todo bien. Cuidensen mucho besos, abrazos y bendiciones.💖🙏💝😉💟😘💐💐💐",0
Las fajas colombianas son lo mejor,0
Hola aurora saludos desde Zapopan Jalisco 😊,0
Me gustaron las fajas yo tengo una igual. Ala negra y me encanta mucho moldea el cuerpo ❤,0
Que marca es y dónde la puedo conseguir,0
Hola te recomiendo la marca m&d son fajas colombianas son las mejores súper cómodas no se marcan. Y muy económicas 😘,0
Siempre te miro 🤗🤗🤗pero no sabía cómo comentar🤣🤣 hasta que me dijo mi hermana😊😊😊👍🏻,0
"[nombre] saludos, vas a ver que todo va a salir muy bien con la operacion del Mochi ten fe😘",0
Aurora eres bien chistosa me encantan tus vídeos,0
"Yo no soy de usar faja, me siento muy apretada al usarla y es como si me faltará el aire 🙈. Aunque no te niego que me quedé intrigada pensando ahora en que debería hacerme de una porque no sé cuándo la pueda necesitar. 
Bendiciones hermosa 🙌🏼♥️. 🇵🇷",0
gracias  megustan las fajas,0
Bendiciones aurora,0
"Hola hola, es mi primera ves que miro tu vídeo, me gusto,  asta que encontré alguien con tipo de mi talla y cuerpo, Ami me encantas las fajas tipo blusa short son mis favoritas. Podrías decirme donde compraste lo que traías puesto me encanto, gracias 😊",0
Hola  Aurora  Elizondo gracias por con parti   tus mejores fajas  yo que ria  comprarme una .y no sabia  que faja comprar,0
También tedigo que   tienes un cuerpo muy bonito y tu sinpatia,0
si esa faja son buena en algunas tiendas aquí en new York las vende son buenas gracias por compartir este video  yo también hice un video de faja en mi canal,0
"Yo tenía 1 como la última y si funciona , yo me la ponia despues de tener a mi segundo hijo y me ayudó mucho para amoldar,  me comprare la de short se ve cómoda 😅",0
Suerte en la cirugía del mochi !!! Me gusto este video bendiciones,0
Las fajas colombianas son las mejores súper recomendadas,0
saludoa aurora y bendiciones,0
Usa la cinturilla con un gel reafirmante y si te ayuda a molder y bajar cm. 😊,0
Hola aurora me gusta tu vestido 👗,0
Hola mando un saludito desde Colombia me encantan las fajas que,0
Esa faja me gueto mucho amiga siempre tienes cosas que me un cuerpo lindo,0
"Yo tengo la colombiana, de pierna corta y pierna larga y me encantan!! Las compré después del parto y te hacen un cuerpazo y cinturita. Me encantan aunque casi no las usó jaja",0
"Preciosa 😍 Aurora . Yo tengo la última faja colombiana en talla L o G y está súper espectacular, ya voy a pedir la M porque si me ayudado en la postura y bajar un poquito la grasa abdominal, ya que como menos, con una dieta balanceada y hago ejercicio besos 💋 y abrazos",0
"Mãrtînéž no la compre en Colombia, la adquirí en la Ciudad de México 🇲🇽 en una plaza comercial. La faja es de la línea ann chery y me costo 💲 1,800 pesos estaba de promoción. Pero me ha salido muy buena ya uso la talla S y son d Emily buena calidad, no se deforman. Yo la lavo a mano y la pongo a secar en la sombra en un gancho. Muy  buenas recomendadas .",0
Hola aurora saluditos desde Monterrey!,0
Hola buen dia que hermoso video . Me encantaron todas tus fajas besos . Desde panma,0
Yo también tengo muchas fajas la uso mucho y la faja si le ase el cuerpo bonito a uno y también le amolda el cuerpo a una. Grasias por la del short esa no la tengo pero la colombiana tengo dos pero me an costado a más de $100.,0
Con o sin faja te ves hermosa 😙Aurora,0
Hola. Y como puedo saber mi talla?,0
Yo tambien  subi dr peso y me dijo mi amiga aunque yo engodara mas que tu y  pudiera tener un bebe 😢,0
Linda aurora como siempre,0
Nuestras fajas colombianas son geniales para moldear y sobre todo post cirugía o post baby... Muy recomendadas!.,0
Ja jaja...también fue d los primeros vídeos q vi 😉,0
"muy buenos tips! yo lo complemente con una crema que encontre en facebook [dato quitado] buena , se llama Loveliness compren la original, SOLO LA VENDEN EN MÉXICO POR FACEBOOK [dato quitado] suerte chicas",0
[nombre] desde Tequila Jalisco hermosa tu fam.saludos abrazos para Aurorita está hermosa 🌷🌷🌷🌷🌷🌷🌷🌷🌷🌷🌷🌷🌷🌷🌷🌷🌷🌷🌷🌷🌷🌷,0
Aurora comprá las de fajate que son parecidas a la última que mostrastes bsos,0
HOLA AURORA DIOS TE BENDIGA UFFFFFFFFFFFF YO QUISIERA UNA ASI PERO MI SUELDO NO ME ALCANZA PARA COMPRARLA SALUDOS DESDE VENEZUELA,0
Me la quiero comprar la última faja que mostraste ...,0
"Hola , estoy por primera vez en tu canal muy bueno por cierto, me gustaría saber donde comas tés  esa  blusa rosada Porfavor me encanto.",0
Todo lo que  te pones sete be bien saludos,0
Hola aurora  tú te miras hermosa con o sin faja 😘😘😘😘,0
Si me gustaron pero en mi caso yo tengo mucha abdomen y en la espalda tambien q faja me recomendarias,0
[nombre] paisana Regia  besos desde Castro Valley CA 🤗,0
"Que bueno que tu papi este mejor, yo si te pregunté en facebook [dato quitado] por aquí, que si estaba todo bien, porque si note que te desapareciste así que sabia que algo no andaba bien, pero nunca me contestaste 😭😭😭😭😭😭",0
Bonita me encanto el video 🥰🥰🥰🥰🥰🥰🥰🥰🥰BENDICIONES,0
"Esa faja negra,  la segunda, te calza el cuerpo de manera ESPECTACULAR !!!!",0
[nombre] bi fagas y dige wuuuaoo esto me matá aqui dejo mi lake y .ahorita su a disfrutar del videooo xq estoo me en cantá 💏💑👷❤❤💋💋💋❤👍👍👍👍👍👍👍👍👍.gracias Auroraaa tan bellaaaa.con nosotras.,0
Gracias muy interesante pero hay muchas fajas que vajan y odio eso.gracias por compartir tus fajas.,0
Están chidas las fajas pero la colombiana está con todo yo me probé  una y no te pases me puso cintura donde no hay 😄😅 saludos Aurora,0
"Las fajas son lo mejor no te  hacen bajar de peso para nada, pero moldean tu cuerpo, evitan que el cuerpo se desparrame, yo tengo al menos 5 fajas para asi poder usar una cada dia de la semana y de diferentos modelos las mejores para mi son las rigidas y sin varillas, en mexico he encontrado la body siluet es buena tambien y comoda y amolda super bien el chiste es probar y quiero comprar una colombiana esas que super ajustan y una que son como de plastico no se como se sientan pero la quiero probar",0
"Aurora hola me gustan tus vídeos, que marca es la faja de shortcito ?",0
[nombre] estás hermosa que dios te bendiga y cuide atu Mochis lepedire adiós que todo salga bien me encantó las fajas yo quiero una y ya se que faja,0
[nombre] te quedan super bien las fajas pero yo digo que eso es de valientes porq yo no aguanto me desespero saludos y bendiciones desde 🇪🇨🇪🇨🇪🇨,0
[nombre] 👑😘,0
Las fajas colombianas son las mejores !si las cuidas te duran años,0
"Hola hoy miré tu primer video, me interesan las fajas las de chort y la colombiana me puedes decir cómo las consigo por favor.",0
Hola yo ne compre una de Ninel  conde y no me gusto a prieta mucho y no me deja respirar bien y me da comezón cuídense mucho saludos,0
Hola hermosa nunca he comprado en Amazon pero me encantaron tus fajas vivo en México ...para saber el precio de las fajas aki en México como le puedo hacer para saberlo,0
Bien video gracias,0
Yo quiero usar una para hora k tenga mi bebe pero cual cres o me recomiendas tu?,0
Yo compre una faja colombiana en 100 dollar marca ann cherry muy buena 💯,0
"Hola, buenos dias. Gracias por este vídeo. Estoy aprendiendo modistería de ropa para dama y tengo una pregunta. ¿Estas fajas que son parecidas pero que abajo tienen forma de minifalda ajustada pueden ser usadas debajo de una blusa y una maxifalda amplia por ejemplo? ¿Podrá una mujer caminar bien con esas fajas tipo faldas?",0
Hola oye la ultima faja colombiana tambien me gusto pero mi pregunta es si se nota mucho los broches?,0
Ke bonito yo kiero uno 34b para tratar son bonitos,0
Yo la tengo y la recomiendo,0
Me gustn mucho tus video p sore todo tu forma de ser la humilad q tienes te vi desde el otro  video de las fajas wow y como has ido creciendo en tu canal p eso no acambiado tu forma de ser yo de fjas no se nada p me voy animar a comprar una de estas q recomendaste saludos.,0
Te veo primera vez y me suscribí al tiro 💕,0
Muy buena faja yo la tengo,0
Oye me encanto el vídeo te di like me podrías mandar donde puedo conseguir la faja colombiana please 🥰,0
Puedes probar fajas de shein xfis,0
chida las fajas neta en Chiapas dónde dónde las puedo conseguir ? saludos nena 😍,0
Ola amiga..me gusto la faja moradita q mostrastes..que marca es..y tiene broche abajo o hay q bajarsela para ir baño,0
Aurora compré la faja en Amazon pregunta no tiene silicona en la parte de arriba. Nose Baja o se enrolla cuando uno la usa,0
Super bueno 🤗😍😚,0
La talla L de ann cherry te aprieta mucho o elegirías xl?,0
Hola aura estoy en el proceso de bajar de peso ya que tuve gemelos hace 10 meses son mis primeros hijos antes de qiedar embarazada yo pesaba 130 ahora después del embarazo quede a 156 yo mido 5 pies yo jamas he usado todos CUANDO DIGO TODOS es todos los dias una faja ahora la uso todos los dias pero siento que no veo cambios en mi cuerpo me siento como si aun siguiera embarazada 😔😔. Yo hago keto pero ni aun asi puedo bajar me estanque no se si me leas y me puedas ayudar. Te agradeceria un millón ya que mi desesperación es fatal 😭.,0
Me gusta como cambiaste,0
Me acabo de suscribir me gustaría saver como encontrar las fajas en Amazo ? Grasias,0
muchas gracias y si no es bueno tomar cosas sin saber. Un saludo 👍,0
Q linda  con mostrar las. fajas,0
"Esa faja colombiana es una brujería!!! Yo me compré una y omg, encerio me hace el cuerpo de guitarra soy talla 5 compré talla m y parece que me operé la cintura es una cosa increíble y es súper cómoda no me asfixia ni nada una cosa muy muy chingona",0
Saludos hermosa 🥰🥰saludos a la familia mochichona🤗🥰🥰,0
En donde compraste el vestido rosa. Gracias 🙂,0
Donde compraste las fajas short negra y beige ??,0
Me gusta tu contenido,0
"Hola! Disculpa me podrías decir la marca y el modelo de la faja negra y beige por favor, quiero comprarlas pero no me aparece el link para comprarla. Gracias",0
Aurora hola me podrías pasar el link de la última faja 🙏🏼 por favor,0
"HOLA PRECIOSA, TE QUEREMOS🙋😍",0
[nombre] porque no haces un video usando las fajas de Carolina Sandoval y ya nos cuentas qué tal bendiciones linda😘😘,0
Consíguete la tabla que venden con las fajas para el abdomen y te sorprenderás bendiciones infinitas gracias siempre,0
Baya q luces muy linda con tus fajas dame un consejo el mejor si porfas ya q yo quiero tener tu cuerpo así de admirable,0
Tu eres bella como quiera saludos Ati y atu linda familia ya cinco años contigo linda  y nos vemos faltan primero dios saludos de San fco de el rincon gto talvez ni lo conoscas,0
Como se sabe que talla usar yo por ejemplo tengo de cintura 34 inches y de cadera 40 inches. Gracias este video me cayó al dedo ya que tengo no mucha pero si pancita y quiero utilizar unos vestidos de Stein. Muchas gracias.,0
cuanto mides y cuanto pesas? y que marca es la ultima faja? Esque quiero encargar una iba a encargar una L pero viendote y la L te queda poco apretada dicen entonces sere yo una XL? 😔 esque mido 5'6 y peso 165lbs,0
Yo.  Si.  Uso.  😁👍🏻,0
"Vi tu video y fui a Amazon para ver la faja colombiana , hay diferentes modelos muy parecidos. ¿ Cuál fue el modelo que compraste ya que cada modelo tiene una serie? Gracias, espero tu contestación. Dtb",0
"Soy delgada, si me recomiendan usar, nunca he usado quiero saber si son incomodas",0
niñas hay q mirar la talla yo hace un mes me compre la ancherri para q pero espectacular,0
Entonces para q usar faja si es falso mejor seria aceptarte con tu.cuerpo,0
Te sientes así porque no es de tu talla,0
"Aurora deseo saber donde reclamar un pedido de Shein q nunca llego y segun la estacion de USPS lo dejaron en la puerta pero no lo recibi. Shein no tiene seccion para reportarles q fue robada, porque nunca el cartero toco mi puerta, decidme donde debo reclamar...... Graxs",0
Yo peso 160 lbs que size me recomiendas.?,0
Tengo la 2da faja aurora,0
Hola me en canto tu video me puedes desir como se llaman porfabor.,0
"Hola bella Aurora , te vez divina con o sin las  fajas  ...Eres  una persona hermosa y muy noble ..Bendiciones para tú linda familia 🤗😘",0
Donde compras tus fajas?,0
[nombre] desde Santo Domingo  besos para mochi y Aurorita Me gustó la faja de la faldita la que tiene  broche abajo dame el nombre. Para poder pedirla 😘😘😘😘😘,0
Buenas noches la ultima faja esta hermosa y buena. Como la puedo  mandar aver. Q parte de colombia soy de ecuador gracias,0
Una buena faja es la de marca maria salomé colombiana  son geniales .Eres más guapa de cara que de cuerpo.,0
[nombre] ...hoy vengo apenas a seguirte ...y quería preguntarte porque en los vídeos recientes no aparecen los comentarios activados... porque quería preguntarte si tienes vídeo del Rincón coffee Anyone?,0
Hola.me gustaria saber mas de las fajas?,0
Con la faja de fajate cuales son tus medidas yo encargue la m por que siempre lo eh sido esa misma que tienes y no logré meterme en ella ya que llevo 2 meses de ser mamita pero no quise la l podrías hacer un video de como te la pusiste exactamente,0
"El encaje tiene silicona, que se adiere a la piel y no se  enrolla, y si son muy buenas , horman muy bonitas",0
Llegue tarde pero llegue Saludos aurora,0
"Disculpe q faja debo usar despues de dar a luz es  q mis caderas se an quedado abiertas 
Q faja debo usar para apretar las caderas y q vuelvan a su puesto jiii
Porfa me urge una respuesta",0
Disculpe si se puede encontrar en Coppel la fuerza negra la que tiene varilla,0
Amiga una pregunta la faja debe de apretar te las costillas?,0
Hola aurora de donde es tu romper k traes puesto?,0
Y cuánto llevas usando fajas has tenido cambio en tu cuerpo o solo cuando usas fajas x q yo no te veo moldeada,0
Jajaja me veo reflejada en este visto bolas por todos lados pero ya estoy trabajando en ello para verme bien tengo mucha ropa pero deber cm me queda no me la pongo pero ya estoy trabajando en ello para verme bien,0
"AURORA prueba por favor la happy butt 7 doble capa. Hay opiniones encontradas. Pero la mayoría dice que el la mejor del mercado. Cuesta $89 dólares. 
Y tu faja estrella no se marcan los ganchitos de adelante?? 
Espero que me complazcas con esta demostración. Saludos desde Querétaro",0
Aurora kiero pedirte un fabor muy espesial k si puedes ayudar a estos canales ellos se dedican a yudar a personas muy umildes las canales son ; videos chpin ; alo chapin y por mi gente es todo lo k pido gracias atte sra [nombre] mty mexico,0
Hola si yo también me canta las fajas mas una q tengo también colombia pero hacer ejercicio tiene doble forro estoy haciendo ejercicio un lugar publico no me gusta ropa fuera se me moje esa cumple esa función como sorbe sudor cuando quito estoy suda por dentro fuera seca jjjj,0
El vestido aue usaste con lq segunda faja esta hermoso de donde es,0
Yo Ase algunos Años tube coleccion de Fajas hahaha tenia Mas fajas que zapatos pero poco apoco fui bajando de peso y cada vez las usaba menos Asta que un buen dia llano las ocupaba y Se las Regale todas ami mami para que las vendiera. Ahora solo tengo una que no eh epodido Usar ...😝😜😛🙏❤,0
"Me inflamó con las fajas,pero me puedes recomendar una muy ligera y cómoda??",0
"Prueba las fajas de , checa su página no te vas arrepentir 👌🏻",0
Hola donde puedo conseguir ese vestido  gracias,0
Muchas gracias me encantó la colombiana no se marca si traes una pizza media pegada que se mire mucho la faja que se note,0
Hola te recomiendo las fajas de sol  tengo videos en mi canal hablado de ellas ❤️,0
hola saludos bellesa  eres muy linda y tu niña es un amor,0
A los hombres tambien nos interezan las fajas para rebajar cintura o abdomen,0
Si la verdad que si je comprado bastantes fajas y la verdad que creo que no he tenido la suerte  connlad fajas,0
Los venden en México hola contéstame..por favor.espero tu respuesta amiga,0
Que modelo es la última faja que enseñaste ?,0
Estoy por comprar 1  faja colombiana igualita a la tuya pero no se que talla pedir uso talla 9 pero estoy bajando de peso me ayudas??,0
Donde puedo comprar la colombina está bonita,0
Que marca es la colombiana y tu labial que color es 😘😘😘,0
Yo tengo esa la colombiana y si es cierto te hace una micro cintura,0
"Una duda, las fajas de varillas suenan al pasar por el detector de metales en el aeropuerto por ejemplo? Imagínate que oso tengo esa duda gracias",0
Hola hermosa saludos 😍🌹🙏🏼🙏🏼💖💖🥰🥰👑👑,0
Yo tengo una igual ann cherry.... Y para mi es una tortura china 😭😭😭 se me ve muy bonita pero no la aguanto no se q hacer para aguantar la mas tiempo,0
Aurora las que son enteras son cómodas?? Te pregunto para ir a una fiesta o algo asi,0
Digo lo mismo xq acá en Perú amenos no me sirven ni un doctor pagaría xq ella me Atenderia de verdad.,0
"Por favor,! Y GRACIAS,!!!",0
[nombre] ya tienes tú bebé en tus brazos 😆😆,0
Hola !!! Me podrías decir como consigo el vide de la semana 23 en adelante muchas gracias y disculpa la molestia,0
Me gusta mucho que nos puedas ayudar sobre nuestras dudas! Muchos cariños desde chile !,0
"Gracias por tus consejos, saludos desde México 🇲🇽",0
Me encantan tus vídeos son muy claros ... 🥰 Saludos desde España doctora Diana !!!🤗♥️❤️,0
[nombre] ! Gracias Doctora y Saludos desde Saltillo Coahuila 😊🌻,0
y yo no me quería sentar xq me dolía,0
Que vídeo!!! 👏🏻 Solucionó todas mis duda. Gracias!!! 😊,0
Me encantan tus videos y cómo explicas todo con calma y repitiendo para que no nos perdamos. Saludos cálidos desde Panamá.,0
La epidural es mejor o tenerlo normal 🥹 que me aconsejan,0
Gracias doctora muy buena esplicacion.,0
"[nombre] Por Aclarar Mis Dudas, Dios Te Bendiga 🙏",0
"Yo estoy d 31 semanas
No t da miedo 
El momento del parto?",0
"Me encanta todo su contenido , información muy valiosa para uno que está en embarazo y tiene muchas dudas",0
Sos una capa !!!mujer me. Encantan tus videos muchos exitos desde Argentina :),0
Muchas gracias Dra. ❤️Buenísima información!!,0
Cuanto esta pesando tu bebe?,0
Gracias por todo estaba pensando en eso,0
Wow!  La mejor en lo que hace.👏,0
"si me gustó el video, muchas gracias Doctora😊",0
Me encantó super claro 😚😚,0
Doctora la felicito 🎉 muy clara la información. Tan necesaria para las que no sabemos mucho. Dios la bendiga,0
La más!!! Me encantan todas tus recomendaciones! Gracias!!,0
"Me encantó su video, la explicación perfecta 🙏 Gracias por tanto desde 🇻🇪",0
Es excelente explicando y tu vídeos son d mucha ayuda Dios le bendiga siempre,0
"Es la mejor !!  
Y lo explica tan bien 🥹🤗",0
Que hermosa es usted doctora x dentro y por fuera 💜 se siente uno mejor con una mujer ke te comprende y piensa como mujer en sus pacientes y tambn como doctora es fantástico todo en una misma persona y aparte súper paciente y linda💕 dios la bendiga💞,0
Super todas sus explicaciones se siente uno más seguro con todos estos consejos,0
Gracias por todos sus videos 😊. Me acompaño durante todo mi embarazo,0
"Gracias doctora, magníficos consejos",0
Como anillo al dedo 👍❤️ gracias doctora .,0
La amo doctora! Saludos desde Argentina! 💖❤️,0
"Todos sus videos contienen información muy importante, y eso se agradece no cualquier ginecólog@ comparte información completa.",0
ME ENCANTA  ESTA GINECOLOGA ES MUY BUENA Y SUS VIDEOS ME HAN AYUDADOS MUCHISIMO EN MI EMBARAZÓ!!!,0
Buenísimos videos ya estoy a punto de tener mi bebe. Y siempre la seguí desde mi primer mes. Que Dios la vendiga🥰,0
Feliz de tener esta información 🎉porque me ha ayudado en mi recuperación saludos desde cancún México. Dios la bendiga doctora.,0
Muchas gracias Doc!!,0
Gracias doctora ud me saca siempre de mis dudas me explica mejor ke mis doctores bendiciones,0
Eres la mejor en tu campo 🌹❤gracias,0
Usted es la mejor Ginecóloga!!!,0
Aunque no te conozca personalmente sos mi doctora. Mejor que todos los doc que me trataron personalmente.  Gracias por ser tan amable y enseñarnos tanto. Sos de mucha ayuda y acompañamiento.,0
Muchas gracias doctora es bueno saber el punto de vista desde la salud😄,0
"Muy buenos consejos. Gracias 🙏🏽 
Cristo te ama. 🙌🏾❤",0
Como siempre muy buena información 🤗🤗,0
Doctora la amé súper valiosa su información la veo desde Texas un abrazo Bendiciones ❤🎉,0
"La Amo 
Me explica todo lo que yo me pregunto 
Muchas bendiciones Mi Doc Diana❤",0
Me encanta 😍 esta doctora como me gustaría  contar con una como usted ahora que empiezo mi embarazo 👍👍,0
"Gracias!!
 Como ayudan ver sus videos!",0
Grscias doc ❤️💐,0
"Hola hermosa!!!
Me encantan tus videos y son muy útiles 
Que dios te bendiga 
Muchas gracias!!!!",0
Gracias por su información Bendición!!,0
Bravo .. Dra justo pensando en la faja después del embarazo... mil gracias siga así es muy querida,0
Gracias por sus consejos doctora me estaba martirizado pensando cuando podría ponerme una faja. Saludos desde Ecuador,0
"Muy buena información, en realidad necesitaba saber todo esto ya que di a luz por cesárea, Dios la bendiga doctora.",0
"Fantastica,Favoloso de verdad #1 en professione... Adoro ver tus videos porque cada ved que tengo una duda voy en busca de de respuesta en algunos de tus videos.. ! Grazie Grazie Grazie Doctora🥰",0
[nombre] 😊 ¿podrías hacer un video sobre mitos y realidades sobre antojos en el embarazo?,0
"Muy buena información, resolvió todas mis dudas. Muchas gracias.",0
[nombre]... como siempre usted bien clara y resolviendo mis dudas.. la segui desde el momento antes de concebir... ❤,0
Buscaba muchísimo este tipo de consejo tengo una semanita de cesárea xfin encontré ❤️,0
Muchas gracias Doctora por sus consejos,0
Que tema mararavilloso bien aclarado  por vos doctora muchas gracias.,0
Me encanta sus videos Dr bendiciones desde Bolivia 🇧🇴,0
"Me encanta cada uno de sus vídeos siempre tan espliscita, veo sus videos para cada etapa que estoy pasando, desde el 2018, que tuve a mí bb por parto normal, al igual que a mí nena en el 2020, hoy tengo 15 días de haber tenido a mi bb por cesárea y gracias por todos sus videos me han ayudado muchísimo, bendiciones doctora Diana Michelle Álvarez 🙏💞",0
"Gracias, usted es mujer y nos entiende.",0
"Me encantan sus videos , todo bien explicado",0
Gracias por tan valiosa información 🙏🏻🙏🏻🙏🏻🙏🏻🇲🇽,0
"Dra durante todo mi embarazo vi sus videos y ahora en postparto sigo viéndolos, gracias por tan excelente contenido nos ayuda muchísimo ❤",0
Me encanta tus consejos nos han ayudado muchisimo,0
Excelente información me sirvió muchísimo.. Gracias,0
Muchas gracias Doctora por sus consejos,0
Eres la mejor Diana ♥️♥️♥️,0
Me gusta la prioridad que le das a la salud,0
"Muchas gracias Dra, todo está muy bien explicado. Bendiciones",0
Muchas gracias por sus consejos muy bien explicado,0
Dos embarazos y aquí sigo viendo tus videos ❤,0
Gracias doc me ayudó bastante su vídeo y su recomendación 🙏,0
Gracias por toda su información!!! Dios la bendiga ❤,0
Me encantan sus consejos Doc Dios la bendiga,0
Muchissimas gracias siempre la miro yo estoy en mis 36 semanas y esto como todo sus videos ah sido de muchissimas ayuda bendiciones,0
Mil gracias aclaras siempre mis dudas 😊,0
Grasias por horientarnos ya poco me falta para tener a mi nena y me preguntaba todo lo que la doctora está explicando ❤️e visto varios videos muy buenos bendiciones,0
Gracias dr muy buenos tus videos😊❤,0
Me han ayudado tanto tus videos.... eres mi favorita!,0
"Mil gracias dra, hace 15 días le tube a mi bebe y todo mi embarazo me ayudo mucho con sus videos, cariños desde Paraguay",0
3 meses con faja está  perfecto. Creo que  será  suficiente.  😋😎,0
Si necesitaba este video gracias 👏😊👌,0
Muchas gracias doctora tengo 20 días de mi segunda cesaría y me sirvió mucho.,0
"Que buen video Doctora. Alguien me dijo que no debía usar,pero usted que es profesional me lo recomienda.  Gracias por aclarar dudas",0
Muchas gracias desde argentina un abrazoo,0
Eres mejor gracias🤗,0
Doctora gracias,0
gracias doc de verdad que estaba buscando información acerca de esto ya que no es muy claro la información en todos los lugares unos dicen si otros no me haz ayudado bastante,0
Buenas noches dra. Muchas gracias por la información...,0
Excelente video.,0
"Muchas gracias por hacer sus videos .
Por sacarnos de las dudas.
Esta muy feo que vaya uno al gine pague y no le respondan las dudas .
Me encantaría estuviera en mi país yo estaría ahí.  Me encantan sus videos que explique su sabiduría todo dios me la bendiga y dios quiera monetice el canal ya que no cualquiera se toma su tiempo para nosotras",0
"Cierto,  se siente diferente,  menos molestia.❤❤",0
Muchas gracias doctora excelentes recomendaciones la felicito,0
Súper excelente informacion,0
"La amo, Doc haga uno que llevar a la hora de dar a luz parto normal, por favor 🙏 🤰🏻",0
[nombre] esta información me ha servido de mucho,0
Muchas gracias muy buenos consejos te escribo desde Ecuador,0
Muy buen tema  graciaas por tanta orientación,0
estoy en embarazo me encanta como explica todo,0
"Excelente información ,, gracias doctora",0
Muchas gracias por tu consejo !!!,0
Me valió muchísimo esta información mil gracias,0
Excelente explicación 😊,0
Otros vídeos k vi no lo recomiendan. Pero Ud m da más seguridad,0
Yo pensé que iba hacer ejercicio despues de un año y a mi me gusta hacer ejercicio me alegra escucharlo que se podrá despues de 6 meses,0
Muchas gracias por compartir tu conocimiento 😊,0
Buenísima información Dra. muchas gracias!!!,0
Gracias por el consejo!!,0
La vi en mis últimos días antes de dar a luz a mi bebé y me encantó . Muy buena doc,0
Doctora muchas gracias por sus consejos justo lo que necesito por qué si me toca cesarea y no sabía cómo usar algún tipo de faja  Dios la bendiga por sus videos,0
Graciasssss 😢gracias 😢 estaba en dudas pero ya hoy mismo me pongo la faja ❤,0
Gracias por la explicación 😊me encanto,0
Muchas gracias 😀😀 por todos sus videos bendiciones doctora y feliz Año Nuevo 2022 🎉🎉🎊🎉🎆🎆,0
felicidades sus videos son excelentes,0
MUCHAS GRACIAS ❤,0
"Dra gracias,me saco de dudas,bendiciones",0
Muchas gracias Dra por tan valiosa información bendiciones,0
La mejor doctora😍,0
"Súper bueno este tema Dra me encantó, muchas gracias. En Europa es un tema tabú y la gente está súper en contra pero en Colombia el uso de la faja es tan común, yo la he usado toda mi vida durante 20 minutos cuando hago cardio y siempre tenido cintura hasta cuando me engordo y ahora que tengo a mi bebé con el favor de dios también lo haré",0
"Muchas gracias me encanto su video, yo acabo de dar a luz por cesarea y no sabia en q momento usar la faja y q tipo de faja..!! Me encanto esta informacion.. 🙂",0
muchas gracias  explica todo muy bien  apenas tengo un mes de embarazo y voy a ver tus vídeos,0
[nombre] te bendiga 😘,0
Muy bien explicado.,0
Doctora yo apenas vi sus  vídeos y están muy buenos gracias de libres puebla,0
"Muchas gracias por el video! Me encantan porque siempre son muy detallados! 
Yo no tuve cesárea pero si una mini laparotomia para remover miomas… (incisión de 6 cm) me sirvió mucho lo de los ejercicios y carga para cuando me reintegre a mi trabajo. Gracias Doc!! La veo desde Carolina del Norte, USA",0
Ola me encanta  ver  sus  videos  como  explica  muy  bien  gracias,0
Gracias por tan bonitos consejos,0
Muchas gracias me ayudó mucho,0
Gracias doctora por darnos esta informacion muy util,0
"Yo ya llevo 32 semanas...esta doctora sii ayuda mucho con sus explicaciones, vivo en houston tx y la verdad mi ginecologa es muy simple para explicar como que le cai gordo que yo pregunte jaja 🤦‍♀️",0
[nombre] por su información .,0
"Gracias a tus videos me fue super bien en el parto, practique todo lo que enseñaste y me fue muybbien gracias doctora 😊",0
Que excelente video!,0
La estoy siguiendo desde su video de ovario poliquístico. Me ayudó mucho salí embarazada seguí cada consejo  me costó mucho. Salir pero perseverar y salí embarazada después me embaraze y segui  sus  videos de embarazo luego iba a perder el bb  seguí sus consejos de cuidados de síntomas y seguí todos sus videos de embarazo y aquí sigo  ahora  ya me alivie viendo su video de fajas gracias por todo  ningún doctor que ví en mi embarazo explica cómo usted gracias dios la bendiga en por su profesión que se nota que ama ♥️♥️♥️♥️♥️♥️♥️,0
Super padre video me ha ayudado mucho 👌!,0
Muchas gracias doctora muy buena información,0
Muchas gracias doctora me encantan sus videos ❤😊,0
Me va ayudar mucho estoy recién operada y servir de mucho.,0
Muchísimas obstetra por la información ♥️,0
Me gusta como explica  me a sido de ayuda estoy en posparto,0
Gracias doctora es My primer bebe y sus videos me an ayudado dudas veo uno de sus videos 🌻☘️,0
Wow demasiado informativo wow,0
Gracias por la información,0
Muchas gracias 💜,0
Gracias doctora Dios te bendiga,0
Me gusta cada consejo que nos ha dado gracias,0
me encato y ayudo mucho gracias,0
Que buena explicacion doctora muy linda,0
"Yo tendré a mi bebé en 2 meses... Y creo que sii la necesitaré 😢... Puedes pasarme una por favor?😮...
Mido 1.73....😢ante todo Dios te bendiga ❤",0
"🙌GRATIS Descuento de 15% en 🇺🇸 Y 🇨🇦:  
UE🇪🇺-UK🇬🇧:   
MÉXICO🇲🇽:  
AMAZON: bit.ly/3vgDjMU",0
Zero comentarios 😮,0
Buen dia como la puedo conseguir  gracias espero imformacion,0
Dónde están ubicados? Hacen entregas a mexico,0
Hola donde estan ubicados,0
Donde puedo encontrar,0
Cómo.hago para más información y pedido,0
"Hola! nos encontramos en Ecuador. Contamos con locales a nivel nacional en: Guayaqui, Quito, Cuenca, Loja, Macha y Manta. Para información exacta consultar [enlace] que detallamos cada dirección. Muchas gracias !!",0
"Guayaquil: 
Mall del Sol
Policentro
C.C.Riocentro Ceibos
San Marino Shopping Mall
CC Plaza Triangulo
Mall del Sur Local 234
C.C. Riocentro El Dorado

Quito: 
Av. Eloy Alfaro e Italia
Scala Shopping Mall
Río Centro 6 de Diciembre

Cuenca: Millenium Plaza Local 19


Loja: Mall Don Daniel Local 9


 Machala: C.C. El Paseo Shopping


Manta: Mall del Pacífico",0
Faja de sosten ☆,0
"Yo tuve una histectomía. Las primeras 2 semanas usé vendas. Después del retiro de puntos, use una pantaleta postparto, ayuda mucho, en lo que se adapta tu cuerpo, en lo que desinflama la pancita; no la usaba todo el tiempo: no la usaba en la noches, la usaba cuando hacía trayectos largos en la calle, poco a poquito",0
"Hola doctora muchas gracias doctora yo tengo una pregunta doctora cómo puedo ponerme una faja posparto como ponérmela ? Gracias doctora ,doctora esto es verdad doctora todo esto doctora dímelo de verdad",0
"A mí me el uso de la faja el día uno salvo la vida de mi bebe porque entró en apnea no respiraba gracias a esa faja yo literalmente pude correr para salvar su vida desde ese momento no me la quite en 40 días , día y noche y los beneficios fantásticos es más me dolía más si me la quitaba !! Así que en mi opinión una maravilla porque me evito entrar a quirófano de nuevo en el trance de salvar a mí hijo",0
Te sentías mal por haberla usado o porque te lo prohibió y querías usarla?,0
"Doc, que pena, estoy tratando de buscar información sobre las consecuencias de un aborto seguro inducido, tengo muchísimo miedo. Usted no tiene vídeos hablando sobre eso.",0
Muchas gracias por compartir estos tips tan útiles. Saludos,0
Muy buenos tíos y siempre se usan las fajas,0
Muy buenos típs  y siempre se usan las fajas,0
Cuanto cuestan las fajas post natal,0
"Hola, traspasa el sudor?",0
"Me gusta el video, llevo haciendo ejercicio un tiempo, mi consulta es esta, debido a varios años de falta de acrividad twndo abdomen abultado a los lados y mala postura, si uso esto podria mejorar mi postura y ayudarme a moldear un poco mi cuerpo? ( de por si no tengo espalda ancha como triangulo invertido, mi contextura es rectangular). Osea usando el redushaper junto a la dieta y ejercicio creo qie podria ser una buena opcion no?",0
"Hola si estoy lesionado de los abductores de las piernas y no puedo correr por 2 meses hasta que terminen mis terapias,
con que método podría seguir bajando de peso si ya no cardio puedo gacer?
Gracias",0
Pero los líquidos llevan grasa combinan,0
Ayuda a corregir la postura?,0
"Entonces nos ayudaría a las personas que retenemos liquidos fácilmente? Por decir, a las mujeres que tenemos problemas hormonales",0
Solo usarlo nunca va a funcionar ejercitar y usarlo se vera resultados,0
"Me he cansado de decir que no funciona 😅😂 por más usos que intentes darle, seguirá sin funcionar",0
Yo la ocupo y si funciona acompañada de buen entrenamiento lo que me tardaría un mes con el chaleco lo he logrado en 10 días es mentira lo que dice,0
¿Y se puede lavar esa prenda?,0
"NO PUEDO ENTENDER QUE NO TENGAN IDEA DE LO QUE UNA PERSONA OBESA BUSCA...ESTOY PANZON...QUIERO SABER; PRECIO, TALLAS, DONDE LA COMPRO, ETC. Y NORMALMENTE ESO SE NECESITA SABER AL INICIO",0
Para que necesitarías saber precio y tallas de algo que no sirve? 🤔,0
"No, ya lo ha explicado",0
"dijo que haciendo ejercicio puede favorecer 🤣🤣.
La faja por sí sola no hace nada, pero si ayuda( está comprobado).",0
Comentario infravalorado.,0
Guapa acabo de ver tu comentario ahora no me salió el aviso a tiempo .ya tengo el vídeo que solicitas grabado 😘,0
Guapa acabo de ver tu comentario ahora no me salió el aviso a tiempo .ya tengo el vídeo que solicitas grabado 😘,0
Con l faja que lleva tirantes eso no ocurre 😘,0
Si exactamente 100% látex térmico,0
Hola estoy de valencia quiero faja de pantalón y provecharmi oferta de otra faja de pantalón corto cundo hay talla M contestarmi,0
No yega mi pedido,0
esto que es? ???,0
"Hola, esa faja sirve para montar bicicleta sin dañar la columna, otra cosa la parte negra siempre debe ir hasta la línea de color? Gracias",0
Buenas para realizar cardio la debemos mantener o alli esta la debemos quitar???,0
cuanto cuesta???,0
"agradezco mucho mucho tu pronta respuesta andres, en cuanto haga todo el movimiento te lo hago saber.  es tu twitter??? tampoco pude contactarme por ese medio.",0
precio al mayor y detal inf 25e688d0,0
Precio de la faja,0
"Hola, en CDMd dónde la adquiera",0
"Buenos días quería preguntarle si ya pudo obtener su Cinturón/Faja Fitness Tecnomed con alguno de nuestros distribuidores, en caso contrario hágamelo saber a mi correo [dato quitado] para orientarle sobre cómo hacerlo dependiendo de la ciudad donde esté ubicado.
Atte.  Patricia Henao J  |  Directora de Mercadeo Kromia S.A.  |  phenao",0
Hola me gustaria saber si aún manejan precio a mayoreo,0
hoy me compre esta faja ya les contare k tal me funciono,0
que tal te fue? yo quiero una,0
+amateur Romina pues si son buenas para hacer ejercisio pero prefiero las fajas colombianas k te marcan mas rápido y mejor la cintura,0
Las k cubren toda la parte del estomago son mejor la verdad esta regular,0
"+angelica Alcalá oye gracias, pensaba comprarme una, buscare otras opciones",0
+angelica Alcalá gracias seguro optó por las colombianas. ya me dieron varias malas refencias de estas fajas,0
[nombre] hola si mejor busca otra opción *suerte,0
"deseo adquirir una faja, me puedes dar la mecanica?",0
[nombre]! Esas cinturillas están super!!😉👍,0
"Si, están muy cheveres!😘🥰",0
"Adri hola súper!!! Te cuento que yo hace muchos muchos años me opere el abdomen y después de eso para mí primordial estar fajada, yo si la uso completa y sin ella me siento como si faltara algo... Jajaj un fuerte abrazo 🤗🥰",0
"[nombre]! Ayy si super porque eso te mantiene moldeadita. Me imagino el cuerpazo que tienes, se ve que eres una mujer que se cuida. Vamos a ver cómo me va a mi 🤪😅 un abrazo para ti también, que tengas un excelente fin de semana!!🙏🏻😘",0
Donde las puedo conseguir,0
"No se oye la talla, que talla eres y cual compraste?",0
Sirven para reducir?,0
"esas cinturillas les quedan grandes a las modelos, porque no las muestran con mujeres normales que no sean 90 60 90",0
Compré un body de la marca y viene demasiado pequeño el tallaje y se marca horrible en la cola deberían decir que son ropá para modelos únicamente a cuerpos normales no les queda.,0
Jjjjjj hay mi amiga gracias 😊🥰,0
Hola quiero una vivo en Ambato,0
En Colombia a dónde lo encu,0
Si funciona tienes q aser ejercicios y se suda a full,0
Cuanto sale la faja redutora,0
La faja se lava,0
esq si te hace sudar solo q debes hacer ejercicio y crear un ambiente de calor para q la parte del abdomen sea sofocada pero si tiene la cualidad de q dudas,0
porque no te funcionó?? No bajaste nada??,0
cómo le fue con la faja. Es buena? Estoy buscando una,0
Cuanto te costó?,0
Maribel De Dominguez te funcionó?,0
[nombre] Hola no me funcionó  :(,0
Como se llama solo dicen la faja viral pero cual es?????,0
Búscalo por el código y te mand directamente al producto.,0
"HOLA, 😃👋🏻 está faja  ya la  ha usado  varias veces y  es cómoda ,  me comenta que no se enrosca, lo único que en algunas ocasiones  dice que le lástima la varilla, pero no siempre, ( tal vez sea la posición de la varilla a la hora de poner la faja. ).",0
Una pregunta hermosa esto te hace tener buen cuerpo si haces ejercicio i buena alimentación.,0
"Que talla usas de normal?, Yo soy S y me recomendaron comprar una talla menos. Me compre la Xs a ver que tal",0
Como se llama la faja,0
"🙌GRATIS Descuento de 15% en 🇺🇸 Y 🇨🇦: 
UE🇪🇺-UK🇬🇧: 
MÉXICO🇲🇽: 
OTROS PAÍSES🌎:",0
Aquí es con mes Dios,0
"Yo quiero 2 fajas donde las compro, gracias",0
Forma tu cuerpo online,0
"Hola nuestra tienda està en Guayaquil-Ecuador, hacemos envíos en USA y Mexico si gusta escribanos al [número]",0
Hermosa visita nuestra web,0
Hermosa visita nuestra web,0
"Ola pregunta  el  calzón corto que está atrás et
Ti",0
"Hola nuestra tienda està en Guayaquil-Ecuador, hacemos envíos en USA y Mexico si gusta escribanos al [número]",0
Me gustaría la de abdomen bajo y alto,0
"Hola nuestra tienda està en Guayaquil-Ecuador, hacemos envíos en USA y Mexico si gusta escribanos al [número]",0
"Hola nuestra tienda està en Guayaquil-Ecuador, hacemos envíos en USA y Mexico si gusta escribanos al [número]",0
Esta es la que anuncian en la primera cadena?,0
Que significa que el lacra tiene vitamina?,0
Hola por favor nos puedes escribir al [número],0
Hermosa visita nuestra web,0
Seria muy amable en decirme en cual están fui al del centro y no las encontré,0
Buenos días donde están ubicados en Valencia Venezuela y cuál es el precio 😊,0
Hola por favor nos puedes escribir al [número],0
Quiero el calson faja cuanto gusta? Yo soy de pachuca completo hago para comprar?,0
"Hola nuestra tienda està en Guayaquil-Ecuador, hacemos envíos en USA y Mexico si gusta escribanos al [número]",0
Hermosa visita nuestra web,0
"claro que si amiga, estamos en la ciudad de guayaquil de donde nos saluda ??",0
Hola enke parte  de Nicaragua puedo encontrarlo,0
Como puedo conseguir 1 en República Dominicana?,0
"Hola nuestra tienda està en Guayaquil-Ecuador, hacemos envíos en USA y Mexico si gusta escribanos al [número]",0
❤Benas tarde que presio tiene los cal sones y como,0
Hola por favor nos puedes escribir al [número],0
Si me pueden orientar en la fecha que me llegarán???,0
Hola por favor nos puedes escribir al [número],0
Como hacer para octener una,0
"Hola nuestra tienda està en Guayaquil-Ecuador, hacemos envíos en USA y Mexico si gusta escribanos al [número]",0
Dónde la consigo acá en Medellín,0
escribame por favor [número] estamos en guayaquil Ecuador,0
Hermosa visita nuestra web,0
En donre los puedo conseguir y cual es el costo?,0
"Hola nuestra tienda està en Guayaquil-Ecuador, hacemos envíos en USA y Mexico si gusta escribanos al [número]",0
En Lima Perú donde puedo ubicarlos,0
Hola por favor nos puedes escribir al [número],0
Dónde te encuentras ho dónde puedo conprar k cuesta el chor faja,0
Hola por favor nos puedes escribir al [número],0
Buena tarde donde lo puedo comprar el calzón faja,0
"Hola nuestra tienda està en Guayaquil-Ecuador, hacemos envíos en USA y Mexico si gusta escribanos al [número]",0
Estoy interesada,0
"Hola nuestra tienda està en Guayaquil-Ecuador, hacemos envíos en USA y Mexico si gusta escribanos al [número]",0
Donde están ubicados? M interesa,0
"Hola nuestra tienda està en Guayaquil-Ecuador, hacemos envíos en USA y Mexico si gusta escribanos al [número]",0
Buenas dónde los puedo conseguir x favor,0
"Hola nuestra tienda està en Guayaquil-Ecuador, hacemos envíos en USA y Mexico si gusta escribanos al [número]",0
estamos en la ciudad de Guayaquil si desea puede ayudarnos con su numero [dato quitado] celular [dato quitado] escribirnos al [número],0
Buenas tardes donde se consiguen un tele para llamar y cuanto balen,0
"Hola nuestra tienda està en Guayaquil-Ecuador, hacemos envíos en USA y Mexico si gusta escribanos al [número]",0
Quiero uno como ago para conseguir,0
Buenos días donde están ubicados,0
En donde están ?,0
Hola como puedo con segir una faja,0
Y. En dónde están ubicados,0
Dónde sé consiguen ?,0
"Hola nuestra tienda està en Guayaquil-Ecuador, hacemos envíos en USA y Mexico si gusta escribanos al [número]",0
De dónde son amiga,0
"Hola nuestra tienda està en Guayaquil-Ecuador, hacemos envíos en USA y Mexico si gusta escribanos al [número]",0
hola donde seria esto?,0
Hola por favor nos puedes escribir al [número],0
"Hola nuestra tienda està en Guayaquil-Ecuador, hacemos envíos en USA y Mexico si gusta escribanos al [número]",0
Que marca son xfa,0
"Hola nuestra tienda està en Guayaquil-Ecuador, hacemos envíos en USA y Mexico si gusta escribanos al [número]",0
Buenos días donde los pido,0
Buenas tardes puede escribirnos al [número],0
Donde la podemos  comprar o por mayores y de cuántas  piezas sería y el costo de cada una?,0
Hola por favor nos puedes escribir al [número],0
Hola de que pais sos?,0
Qué cuestan los lúmenes😊,0
"Hola nuestra tienda està en Guayaquil-Ecuador, hacemos envíos en USA y Mexico si gusta escribanos al [número]",0
Cómo ago para una faja,0
"Hola nuestra tienda està en Guayaquil-Ecuador, hacemos envíos en USA y Mexico si gusta escribanos al [número]",0
Yo quiero comprar los calzones como ago para comprarlos,0
"Hola nuestra tienda està en Guayaquil-Ecuador, hacemos envíos en USA y Mexico si gusta escribanos al [número]",0
Donde lo compro,0
estamos en la ciudad de Guayaquil si desea puede ayudarnos con su numero [dato quitado] celular [dato quitado] escribirnos al [número],0
En donde está la tienda en Bogotá,0
Hola por favor nos puedes escribir al [número],0
"Hola nuestra tienda està en Guayaquil-Ecuador, hacemos envíos en USA y Mexico si gusta escribanos al [número]",0
estamos en guayaquil-ecuador [número] por favor comuniquese,0
Y el precio porfavor,0
"Hola nuestra tienda està en Guayaquil-Ecuador, hacemos envíos en USA y Mexico si gusta escribanos al [número]",0
Adónde los compro,0
"Hola nuestra tienda està en Guayaquil-Ecuador, hacemos envíos en USA y Mexico si gusta escribanos al [número]",0
Hola quiero una,0
"Hola nuestra tienda està en Guayaquil-Ecuador, hacemos envíos en USA y Mexico si gusta escribanos al [número]",0
Ola como puedo comprarlas,0
"Hola nuestra tienda està en Guayaquil-Ecuador, hacemos envíos en USA y Mexico si gusta escribanos al [número]",0
Hi como puedo hacer pedido,0
"Hola nuestra tienda està en Guayaquil-Ecuador, hacemos envíos en USA y Mexico si gusta escribanos al [número]",0
Yo quiero  talla m,0
Hola por favor nos puedes escribir al [número],0
Que precio tiene 1535,0
Donde esta  su venta,0
Hola que precio tiene la 316 gracias,0
Buenos días dónde estás ubicada la tienda dé la faja,0
Quiero comprar una deja un número [dato quitado] favor,0
Bueno.noche.donde.puendo.en.cotrla,0
Yo quiero comprar uno soy una persona ya mayor cita no me interesa verme guapa me interesa que la ropa me quede mejor ya he hecho ejercicio y nada y ya me desespere y no se me ve nada bien los pantalones y estoy harta,0
Que. Precio tiene 316,0
Hola cuánto Bale le faja 15_35,0
Como convertir una faja en calzón,0
A q número [dato quitado] marcar,0
Con ponéis no tiene,0
Tienen alambres 😅,0
[nombre] De ARGENTINA 🇦🇷 No PUEDEN Traer en ARGENTINA 🇦🇷  Gracias 🙏🙏🇦🇷,0
Dónde los puedo conseguir y el precio,0
Donde están ubicados,0
Dónde las puedo ennccontrar,0
Yo quiero comprar los calzones como ago para comprarlos,0
Cómo puedo comprar,0
En donde estas ubicado,0
Yo quiero comprar los calzones como ago para comprarlos,0
Yo quiero comprar los calzones como ago para comprarlos,0
Yo quiero comprar los calzones como ago para comprarlos,0
Yo quiero comprar los calzones como ago para comprarlos,0
Yo quiero comprar los calzones como ago para comprarlos,0
Yo quiero comprar los calzones como ago para comprarlos,0
Yo quiero comprar los calzones como ago para comprarlos,0
Donde las puedo encontrar?,0
Nececito un fajas con cola len prvl,0
Faja para la colita suda mucho ❤❤❤❤,0
Como puedo comprar,0
Hola soy de Palmira como hago para una faja hilo 3 xl,0
Necesito una plfv,0
"Saludos, gracias por escribirnos. En este enlace podrás ponerte en contacto con nuestros agentes de ventas al mayor    ¡Feliz día!",0
"😘GRATIS Descuento de 15% en 🇺🇸 Y 🇨🇦: 
UE🇪🇺-UK🇬🇧: 
MÉXICO🇲🇽: 
OTROS PAÍSES🌎:",0
"🙌GRATIS Descuento de 15% en 🇺🇸 Y 🇨🇦: 
UE🇪🇺-UK🇬🇧: 
MÉXICO🇲🇽: 
OTROS PAÍSES🌎:",0
Dónde la puedo encontrar y que precio tiene,0
Nos encanta que te gusten nuestras fajas 😍😍,0
Quisiera saber dónde la puedo comprar,0
"¡Saludos! Se recomienda su uso de la faja durante un período de entre uno y tres meses tras la operación. Sin embargo, le recomendamos verificar la información con su médico.",0
use your money to buy a fucking gym membership,0
Oye y cuanto vale esa faja para mujer,0
Yo la use después de mi lipo todos los días y hasta para hacer ejercicio y estoy bien,0
Me pasa que la varilla se me dobla en la par te dé al delante 😵‍💫 y me molesta puesto que siento la presión de la varilla pero me pasa con todas las fajas no sé si es mi cuerpo 🥹,0
"cómo.puedo
comprarla..la
nesecito
Yo.ya.tengo.una
igual.cinturilla
Pero.qero
otra.de.otro.tono
hoo.si.hay.en.negro
no.inporta.como
la.puedo.obtener
Gracias..",0
pero siempre tienen la misma faja tipo chaleco,0
You can wear it in both situations.,0
Alguien sabe cómo mido mi cintura para saber que talla comprar,0
Si le saco las varillas afecta en algo ? Me hacen doler las puntas,0
La mía se salió una varilla y se rajo la goma como lo soluciono?,0
No pues es más gasto .solo la faja debe de funcionar bien,0
estás mal realmente estás mal eso se quiebra bien fácilmente en una puesta se me rompió uno y otro si me duro algo más,0
"Hola, por favor me puedes decir si tienes fajas, para el abdomen y cintura, con barillas talla 36 cuánto cuesta, por favor espero tu respuesta gracias",0
Tan raro yo peso 67 y estoy usando la xs estoy el segundo broche,0
Es mi segundo dia y salen ampoyas q hago?,0
Alguien me puede decir cómo puedo saber mi talla exactaaaaaa? 👀,0
"No, pero sería bueno acompañar con nutrición. Igual hoy en día no sé porque los obstetras no recomiendan fajarse postparto, a mí siempre me recomienda mi abuela que cuando me embarace después lo use para evitar flacidez, diastasis abdominal, etc. así como fajar al bebé para que no tenga displacia de cadera",0
Cual me recomendarias fijate que me compre la xs para entrenar pero no me cierra no se si elegir s o m peso 115 y tengo miedo que me apriete en exceso 🥺,0
Bellla te adoro,0
"Holaa , cuando se ajusta la faja ?",0
Puedes comprarla a medida,0
"muchas gracias, eso me va a tocar hacer. Chao mami cuídate.",0
Cuantas varillas tiene tu faja ?,0
la bamitol es muy buena ❤️,0
Igual yo que debo hacer,0
Yo crema nivea y la USO en LA muy piel,0
Muchas la utilizan encima de su ropa...,0
Como adquirir??,0
Hola como estas oye después de comer al cuanto tiempo me la puedo colocar,0
hola! Estoy interesada,0
Cuanyo te.costo,0
X2 😂😂 la mia no me quedo,0
"Yo compré L siendo M 😂😂, porque compré de las chinas creo.",0
como se llama la pagina porfis?,0
Dame la dirección porfa y comprarla faja,0
Una pregunta? Te cojiste una taya menos y te apreta muchísimo cuesta ponerla,0
Qué vale esa faja,0
Yo soy xs ya no me apreta la faja ahora usaré xxs. Esa es mi experiencia yo las compro en Amazon.,0
Como le hacen si les quedan los rollitos de la espalda fuera? 🥺,0
"Otra vez, muestra la faja",0
Y de qué va la corbata Colombiana?xd,0
Novte provoca incontinencia urinaria?,0
Mi pregunta se pone encima de la camisa o directo en la piel,0
No veo la faja. No la muestras,0
☆☆☆☆☆ GREAT REVIEW YACY  !,0
Hola amiga bella feliz día de San Valentín,0
Que buen video 👍🏽,0
👏👏👏buena cintura hermosa,0
Al parecer es una muy buena faja amiga👍,0
gracias por tu video me ayudo.bastanta para decidir a hacer mi compra de mi.Faja🥰🖤,0
Si te llego tu faja? A mi me da miedo qur no me llegue,0
Hola!! Sabes cuánto mide la faja de largo?,0
Buenas noches como compro su faja,0
SIII AMIGA HAY QUE COMPRARLA😃,0
Hola que largo de talle me recomiendas largo o corto mido 1. 56 de estatura.,0
Que talle me recomiendas largo o corto  mido 1.47,0
Hola hermosa el corto ya que eres bajita,0
Se puede hacer ejercicio con ella?,0
Siii claro de hecho yo todos los dias la uso para hacer ejercicio,0
Esta faja ayuda con la flacidez ☹️?,0
Yo también quiero saber eso😞 después del parte me quedo así,0
"Wow eres talla grande? No te queda literal grande? Pareciera que eres talla M o S,yo la pedí en talla G y tengo miedo que me quede grande porque no sabia que talla pedir estaba entre la M también 😕",0
Hola antes yo era talla grande ahora que baje de peso ya soy [nombre] pero la faja me sigue apretando muy bn sale muy buena y no me queda grande como te digo aún me aprieta ntp que si te quedara bien ya que tiene 3 niveles de broche 😀,0
Cuanto pesas? 🙊💕,0
si yo tengo 74 igual que tú de cadera y de cadera 100 me conviene comprar una mediana o grande? Por favor respóndeme 🥺🙏,0
"Hola, yo mido 76 cm de cintura y peso 55kg, me compré la faja en talla XS que fue lo que me arrojó la tabla de medidas del empaque. Llevo 3 semanas con ella usándola 2 a 3 horas diarias y sigo en la primer línea de broches pero ya la siento más cómoda que en un inicio. Si te recomiendo medirte y revisar la tabla de tallas de la marca. La mía es de las nuevas con decoración tipo corsé en negro y blanco y si me gustó bastante.",0
que modelo es tu faja y donde la adquiriste?,0
Genial!! No te arrepentirás,0
Oh esa faja se ve muy bien! Gracias por compartir! Saludos,0
"Gracias por compartir tus resultados , se te mirá una figura muy bonita, saludos 👋",0
"He visto mucho esas fajas & hasta ahorita veo una reseña, está muy bien 👏🏻👏🏻",0
Si se te nota un pequeño cambio 👏🏻👏🏻👏🏻 muy Bien 👏🏻👏🏻,0
Gracias por compartir es muy interesante 👍,0
Si amiga es importante saber de tallas para que no sufras y gastes inteligentemente,0
"Justamente estaba pensando en ponerme una faja para marcar mi cintura 😁 pero yo digo que con el tiempo si vas viendo muchos resultados, aunque tú ya tienes un cuerpazo amiga!! saludos!!",0
Mil gracias hermosa 😍 saludos,0
"Wow está increíble esa faja me encantó el modelo , yo también uso faja durante el día en lo que hago mis actividades y ya después me la quito y si te moldea la figura y todo lo que comentas es muy atinado saludos bella exelente información 💕",0
Gracias bella!!,0
"Ohhh, ahi nos vas contando como funciona, saludos!!",0
"Que original la faja, muy bonita",0
"Amiga sabes que el te verde también es buenísimo par bajar de peso, aparte de que es antioxidante y mas ventajas y la verdad hiciste un excelente trabajo porque hiciste el conjunto de ejercí io, buena alimentación, gracias por los consejos 😁",0
Gracias por los s tuyos bella 😍,0
Yo también estaba haciendo  ejercicio pero ya tengo como 2 semanas que no hago nada y también me ponía me faja dura te el día mientras hacía mis queaseres y ya me queda más floja ya la siento cómoda también lo que ayuda mucho es el vinagre con agua por las noches y las mañanas y que padre que si miraste resultados Andrey oye Isi sete mira mucho el cambio te vez increíble,0
No sabía lo del vinagre amiga! Lo haré también!! Muchas gracias ☺️,0
Ya me habían ha lado de las fajas colombianas y me lo confirmas amiga gracias por el video,0
A ti por ver bella,0
Jajaja como así tocaya!! Saludos bella 😍 espero y te animes,0
Yo tengo una faja pero nunca la he usado solo me emociones un rato 😔😔 tienes un cuerpazo de 10 👏👏,0
Pues ya es tiempo de sacarle provecho amiga!! Muchas gracias,0
"Yo tengo esa faja Colombiana, y si funciona solo que debes ser muy puntual en usarla y obviamente comer saludable porque ella moldea, no es que reduce medidas.",0
"👏🏻👏🏻👏🏻👏🏻👏🏻👏🏻
Exactamente!! Saludos bella",0
Lo Colombiano es lo mejor jejej  realmente siii son super buenasss🤩,0
Está increíble 😍,0
Tiene buen cuerpo!!🤗🤗😘❣️😘,0
"Que cool , yo tambien uso y la verdad si son buenas si las usas todos los dias veras el resultado , saludos",0
La uso siempre desde que me levanto hasta que me voy a acostar,0
La necesito en mi vida yo la verdad me eh comprado algunas pero las uso una semana y se me pasa me da hueva después usarla necesito alguien que me motive hacer ejercicio jajaja saludos bella,0
Esta es la ideal!! Espero si te animes,0
Aquí estaré al pendiente para ver qué tal amiga fíjate que yo tengo una pero no l aguanto 🙁 me la pongo solo en ocasiones especiales jiji,0
"Las primeras veces son las más difíciles, pero en 3 días máximo te acostumbras",0
Que buena faja se mira  tengo que comprarme una para bajar mi pansa,0
Adelante!! Es lo máximo,0
Señorita pero que pinshi  cuerpazo!! 💯✨🖤👌🏼,0
La faja hace milagros!!,0
"Hola amiga se te ve un cuerpazo la faja si funciona yo no me coloco faja y me veo gorda 🤭me gustó mucho tu vídeo amiga,saludos y bendiciones ❤️🥰",0
"Muchas gracias linda, todos los cuerpos son bellos !!",0
si tengo 69 de cintura Cual seria mi talla?? por favor,0
siempre recomiendo una talla más chica por ejemplo si soy M mejor pido una S o xs.,0
"Hermosa si como dices te orma mejor la forma de tu cuerpo y que bueno que aclares que la Faja no va a hacer todo el cambio.
Una observación nena, no se dice ""bien mejor"" o ""mejor bien"". Se dice para que vean mucho mejor.

Saludos Hermosa 💖🙋🏻‍♀️",0
Todo sea para mejorar y superarnos 😎,0
"Se te ve un cuerpazo, pero creo qye la faja solo te moldeo, porque  todo gue tu ejercicio y alimentacion",0
"Así es, saludos",0
Amiga tienes un cuerpazo tengo que animar mínimo hacer ejercicio la faja es muy buena haber si un día me animo a comprar,0
"Gracias amiga!! Espero te animes, te ayuda mucho sobretodo cuando haces el aquel hacer no te duele la espalda",0
Holaaa tan linda gracias por ver mis vídeos! Cuéntame como estás? Como te fue en la cirugía?,0
me opero en una semana y usare este video como guia jejeje graciass,0
Por fin alguien lo dice tal cual es,0
"Me encanta tu vídeo! Tengo 12 días de operada y sufriendo con las fajas 🤦🏻‍♀️😭 madre mia desde alergia al foami ese , picazón de todo gracias por todos tus consejos y datos !",0
Gracias por compartir...saludos desde España❤,0
Mil gracias yo me acabo de operar llevo 2 meses y si las faja los amas y las odias pero bueno queremos estar súper bellas mil gracias ❤,0
Yo tengo 10 días de operada gracias por tus videos,0
"Que chevere, gracias por ver mis videos",0
Como boy career que ya tanto tiempo i no puedas sola  😂😂 que barbara,0
"[nombre], mándame un correo [dato quitado] privado y te mando info sobre la galvánica corporal de nuskin. El link de la máquina de radiofrecuencia es de Amazon te lo voy a dejar a abajo",0
"[nombre]! Saludos desde España! Y quiero darte la enhorabuena por hacerte una lipo! He visto tu fabuloso video por casualidad! Hace un año conocí a una mujer colombiana por internet y también hacía pocos meses que se sometió a una lipo, yo le envié un poquito de euros para regalarle una faja.",0
Muchas gracias por ver los vídeos ☺️,0
"Te entiendo es muy incómodo, 😳 ojalá ya te sientas mejor",0
"Holaaa siiii, ya estoy en mi etapa final de la faja, lo que si siento mi piel media flácida y no tan firme eso es normal?",0
"La piel se seinte muy flojita porlo que la despegaron en la cirugia, te recomiendo que tomes algun suplemento de colageno ya que se supone que eso ayuda a la elasticidad de la piel, yo tomo el de sascha fitness y siento que me ayudo a que la apariencia de la piel se fuera recuperando. Tambien utilizo una maquina de nuskin que funciona con microcorriente y ayuda a la firmeza, mejor dicho pienso que hay que ayudarse de varias formas. No tomo nada de refresco o bebidas azucaradas tampoco, solo agua y cafe jajaja",0
"siiii estoy igual que tú, tomando colágeno a diario, y me hago automasajes, también compro cremas y gel reafirmantes, sino tendría la piel peor ,creo que a mí me influyó que después de la cirugía yo bajé muy rápido de peso. Pero muchísimas gracias por los tips.",0
Yo apenas con 25 dias todo lo que me falta con la faja😢,0
Real uno se quita la faja y extraña la faja.... así es,0
Siii es difícil y abrumador pero después aprendes jajaj,0
Como estas? Como sigues? Dormir con todo eso es horrible! Todavía lo recuerdo. Al final te terminas acostumbrando,0
Hola esa espuma me la dieron en el consultorio de la doctora,0
Hola tendras el num de la sra [nombre] las fajas   yo tambien tengo el torso corto.  Gracias,0
Que marca son las fajas?,0
Hola son M&D en la cajita de descripciónn hay un link de Amazon,0
Hola como te trataste la alergia a mi me ha salido una especie de bombas o cortadas,0
Pues imagínate que me toco suspender la faja como por dos dias y solo ponerme las camisillas de algodón,0
Holaaas !!! Vivo en Bogota me puedes dar el dato de la señora [nombre] arregló las fajas ? 😊 gracias,0
"Hola me quede exactamente un mes, en pesos el mes del airbnb fueron como 5 millones de pesos que en Euros a la tasa de hoy son como 1.180 Euros.",0
"jajajjajaj siiii la verdad compre muchas fajas tratando de encontrar comodidad y no, jajaja no es comodo. Pero lo de la compresion es super importante :)",0
Como te fue en tu cirugía,0
Horrible es horrible,0
"Me salvaron, estuve a punto de comprarlo, ahora nos e cual comprar haahha",0
Pregunta las fajas deben de apretarte mucho despues de la cirujia o una compresion normal? Gracias,0
Hola comp estas? Gracias por ver mis vídeos que bueno que te gustan. Según entiendo cada faja viene como con una tabla de tallas. La idea no es que te sientas cómoda sino que sientas la presión… ahora bien no debes sentirte como estrangulada tipo sin respiración…. No se si me hago entender,0
Eso es una tortura😮,0
Totalmente de acuerdo 😂,0
Nena por favor podría darme el número [dato quitado] contacto de la señora [nombre] las fajas ? Gracias linda,0
Hola la información esta en la desaceito ion del vídeo pero acá te dejo el número [dato quitado] de la señora [nombre] al Norte de Bogotá [número],0
gracias preciosa 😘,0
"Amiga, cómo te a estado cicatrizando las heridas? Te a gustado el resultado?",0
"[nombre], pues te cuento que voy a hacer un video de la cicatrizacion, digamos que yo siento que mi cicatriz esta muy oscura, y la doctora me recomendaba hacerle el masajito casi que mil veces al dia. Me recomendo una crema despigmentadora y eso ha ayudado. La cicatriz como tal no me molesta, digamos que yo tenia claro que esta cirugia es como que renuncias a la piel extra pero en cambio te quedas con una cicatriz grande. El ombligo es otro cuento, me encanta como me quedo y pienso que esa parte es la mas importante por que al final es la que mas se nota... llevo casi 7 meses asi que todavia en teoria estoy en procesos de cicatrizacion",0
"Hola nena,por favor podrías decirme cuánto te costo la faja que te hizo la señora [nombre] medida? Y si te hace  compresión como las que compras en fájate y en MyD? Gracias",0
"[nombre], la faja me costo 160 mil, y segun recuerdo es como es mismo precio que la de Fajate y MYD",0
Muchas gracias por tu respuesta. Me diste esperanza de que esto tiene fin pronto. Un abrazo y te agradezco de nuevo.,0
"[nombre], como te sientes? El tiempo se pasa volando pero esos primeros días de recuperación se sienten como en cámara lenta 😅 ahora bien, yo creo firmemente que hay que seguir las instrucciones del doctor y si por alguna razón el no te recomienda algún método de comprensión, pues su motivos tendrá, tal vez su técnica no lo requiere…. No se, pero siempre que te cuestiones algo consúltalo siempre con tu doctor",0
que bueno! A mi si me dolió mucho la lipo… la abdominoplastia también pero siento que la lipo mas…,0
​  cuenta porque  dejaron d recomendar,0
Qué fue lo que te hiciste??,0
Wow me encanto la energía que compartes 👏🏼👏🏼👏🏼,0
"Hola amiga,te ves muy espectacular!!!!!
Dios te Bendiga!!!",0
[nombre] Gracias 😊 Bendiciones,0
"amén!!!
Deberías de subir videos,de elaborar recetas o paseos familares!!!
Es una sugerencia!!!
Debes ser Fuerte y Valiente!!!!",0
"👌
Que El Eterno Dios los Bendiga Abundantemente y les de mucha salud!!!",0
Hola amiga bendiciones 👍🔔🙏,0
Life with Leah and Josiah  hola 😊bendiciones también para ti,0
Recién la compre.. cuénteme como les fue.. aún la usan o sólo es amor temporal??,0
Me la voy a comprar hoy jeje,0
Bella mi Eva💖precio y dond la venden mi amor😍,0
Lo más recomendable es que te la puedas medir por que es como la ropa no siempre vienen iguales,0
Cómo puedo escoger bien mi talla porque compre una y no me quedo 😤,0
muchas gracias. Bendiciones 🙏☺️,0
Dónde la puedo comprar?,0
"Hola hermosa, yo la compré con una señora [nombre] trae directo de colombia pero mi Amiga se las compra en Amazon y le salen muy buenas",0
[nombre] hola 👋🏻 se las encargo a una señora [nombre] las trae a Domicilio,0
donde compro la faja colombiana?,0
"Hola hermosa, sabes yo la conseguí con una señora [nombre] trae de Colombia pero las puedes buscar en Amazon no se si sean iguales, déjame investigar",0
[nombre] vale guapa y me dices,0
Yo tengo una amiga que las vende,0
"Hmmm aquí en colombia las usamos solo en emergencias ,,,Lipo etc..las fajas myd, y fajate son las mejores del mercado hay otras como maria e ....etc pero no son gama alta",0
"J Jhoana sabes Aquí en estados unidos las buscamos Mucho y no solo las fajas sino también los pantalones, para mi gusto son los mejores 😘 Saludos",0
Vero y donde la puedo conseguir?,0
"Hola veronica, yo te queria preguntar las fajas de neopreno que funcionan son las que tienen varillas??",0
De que material recomiendas usarla? Neopreno o latex?,0
Hola no usas nada para proteger de estrías o no salen estrías yo la uso 10 horas todo el día,0
Que material de faja usas???  Neopreno o latex?,0
no fue la faja sino la dieta y ejercicios jaja,0
Como lavas tu faja?,0
Que faja usas yo no se cual comprarme !!! Ayuda,0
"Hola, puedes usar la de Cinturilla de Látex, te puede moldear la Cintura",0
Bella  anita mojica,0
[nombre]...quisiera agradecerte por el video y decirte que estas muy pero muyyyyy bien....,0
Cuantas horas al día la usas,0
A que mes viste resultados?,0
Yo también me veo regia al usarla con jean me levanta el culon bastante,0
Que faja utilizas de tela o de látex??,0
Comparteme tu instagram [dato quitado] verte en fotos?,0
Yop te apoyo Anita Hermosa!!,0
Yo tampoco la aguanto mucho.. Pensé que no iba a tener resultados.. Gracias por la información,0
Cada cuánto cambias al siguiente gancho ?,0
yo hace un mes la uso 24 - 7 8 horas y asta mas y en realidad y no veo cambios,0
"Buenos días y gracias por tu ponencia. Voy a ser mamá y cuando tenga el bebito quiero usar esta faja, porque me he ensanchado mucho.",0
Gracias bella por sacarme las dudas que tenia💪💪💪,0
Pues te queda súper  bien 👍 😘😉,0
"Me interesaba saber ya que yo solo uso faja para cargar peso buena información siempre guapa Ana mi admiración, tengo una duda el sudor es solo agua? Y puedes desidratarte?? Quisiera saber eso o no pasa nada si te pones esas fajas para sudar quiero quitar mi ignorancia sobre las fajas",0
Muchas gracias Anita 😘😘,0
"Anita ayúdame please, voy a empezar a entrenar con un peso considerable ya que he estado viendo varios vídeos donde explican que es la mejor manera de bajar de peso, pero no sé qué tipo de falla usar? Me sirve cualquiera? O tengo que buscar con ciertas características?
Gracias y besos.",0
Gracias por tus consejos.,0
Hola una pregunta faja para hacer abdominales cual podrías recomendar gracias...besos desde Quito Ecuador,0
"nunca pude bajar la panza por años !!!! hacia ejercicios hasta me malogre la espalda ,. Gracias por tus consejos igual",0
Eres muy motivacional,0
"Hola 🙋 Ana soy nueva en tu canal 
Yo quiero la faja q usas para el cardio cuánto cuesta ? gracias espero me contestes 😊",0
"Si es verdad ,,,todo es un proceso ,,,esa es la cirujia mia ,,,,me costo amoldarla para dormir ,,pero ya y al caminar camino mas rapido y mas fina ,,,Dios y las fajas ,,,,eso si hay que estar fisicamente un poco configurada",0
Me recomiendas la faja 70&30 una que pasa en la televisora esta en 800$ en liverpool crees que sea buena inversion necesito ayuda o todas las fajas dan el mismo resultado ???? Help mee,0
"Yo uso faja todo el día y la noche..solo me la quito para ducharme, y la verdad es que entre la faja y los ejercicios me mantienen muy bien la figura  y  ya estoy acostumbrada a usar la faja 👍",0
Yo me operé hace un año me jcie abdominoplastia lipo360 y los pechos  y desde entonces llevo la faja y me va genial  hago dieta y ejercicios...e perdio peso  y Estoy espectacular mi cintura mide 58 cm ...una muñeca de hermosa....,0
La cinturilla q usas para la noche tiene látex ??? Quisiera saber cuál es la mejor faja para el uso diario?,0
"Que linda mujer, la amé",0
Yo solo uso mi faja en el día pero como me hice un piercing en el ombligo se me complica en este momento tal vez me voy a animar a usarla de noche haber como me va. Pero hay veces k me duele la cintura cuando me quito la faja después del día de trabajo normalmente son 7 horas,0
Ola ana bueno dia como esta como sellama la faja i para q sir y q precio tiene muchisima gracia,0
"Voy a usarla 2 meses seguidos, llevando dieta, ejercicio a ver que tal.",0
Yo llevo un año usando una faja nada más me lo quito Para bañarme   no sé si me va hacer daño pero me gusta mucho 😌,0
"Hola ! He estado usando faja , y e notado que me están saliendo varises, será que la estoy usando muy apretada ? Pero no me incomoda .  sólo la aguanto aguanto 3 horas al día,  primero la aguantaba media hora , 1 hora y así 😅",0
"Despues de hacer mi rutina, la faja lo uso dentro o fuera de la camiseta? Para estar todo el día",0
"Anita me puedes orientar como es que debo comprar cada faja, para saber que tipo y como solicitarlas quisiera tener las 3, por favor.",0
Ola que faja me recomiendas ? Para bajar de cintura y que me haga sudar ? Cual debo comprar y donde ? Gracias 😘,0
"el sudor no es grasa muchachas y muchachos, solo son liquidos que libera nuestros poros y que recuperamos a penas tomamos agua.",0
Con la última faja q mostraste la de neopreno tecnomed puedo hacer abdominales y cardio ???,0
Que bonito cabello😍,0
Ana es diferente la faja para dormir de la que usas para hacer cardio o como se llama cada faja,0
"Hola, disculpa que recomiendas faja corset o faja chaleco, quiero bajas la panza y corregir mi postura",0
Ana dime que ejercicios hacer para quemar grasa y tonificar mi cuerpo más mi abdomen,0
[nombre] Mojica Fitness después de el parto no ocupe faja y mi abdomen quedó muy mal flasido pasó el tiempo me sentia mal con mi abdomen así y estaba pensando en comprarme una faja y hacer ejercicio acompañado por dieta por su puesto usted piensa que me ayudara,0
Les cuento un anécdota una vez me invitaron aún restaurante y yo fui regia con mi faja me llene tanto que la comida se me vino para la garganta por la presión en el abdomen y salí corriendo como loca al baño y me la quite en el baño porque no podía con la llenura,0
Yo me compre una faja solo la aguante tres dias los jugos gastricos se me subian sentia que me quemaba el esofago decearia ocuparlas pero mi cuerpo reacciona de diferente manera,0
[nombre] se oueden hacer abdominales con la segunda cinturilla  de tu video?,0
"Hola baje de peso (50kg) y me quedó el abdomen sin forma no tengo forma en mi cuerpo por el exceso de piel
Empezaré a usar faja recomiendas que use la de diario y para domir y para entrenar puedo usar la misma ?",0
Plor favor podrías dar el nombre de la faja que usas para dormir.ya tengo dos con las que hago cardio y la de carga para el gym  .  gracias,0
Hola soy mujer después de el parto no ocupe faja y mi abdomen quedó muy mal flasido pasó el tiempo me sentia mal cpon.mi abdomen así y estaba pensando en comprarme una faja y hacer ejercicio acompañado por dieta por su puesto usted piensas que me ayudara???,0
Hola!! La faja para entrenar es la que dicen fajas colombianas que son muy distintas alas fajas normal!? O es otra!!,0
"La faja que usas para hacer cardio la de latex, también puedo usarla para cargar pesas??",0
"Si vas a usar la faja como un cinturón de levantamiento, pues mejor un cinturón de levantamiento no? Para qué comprometer los discos lumbares?",0
"puedo usar faja a los 14 años?, y cuantas horas la tengo que usar si soy [nombre] 😅",0
Ana tips para la flacidez,0
"Yo uso faja solo cuando cargo los bultos de cemento 
Pero cuando salgo con chicos uso corset",0
Servirá para mejorar la guatita de delantal después de una Cesárea??,0
Una pregunta amiga tú que tienes experencia en ejercicio a mí me duele la cintura cuando hago ejercicio es bueno ponerse una faja,0
Wow you look great👌🏼,0
Puedo usar ...tengo problemas de arañitas en las piernas,0
Es verdad que forma esa faja para usarla,0
la misma que se usa para reducir no se puede hacer usar para para hacer los ejercicios?,0
Alguien sabe porque la faja ya no me queda igual despues de lavarla?,0
Ami meda maldiorin por eso nolas uso. Yo tengo fajas colonvianas son muy buenas i modeladoras pero me enfermo cada que las uso.,0
Alguien que La Haya usado junto con bamitol???,0
Está mejor usar calzones hasta arriba para te comprime un poco la pancita es lo que yo ahí y trato de sumirla un poco,0
"Alguien que me ayude , qué faja es mejor entre la tecnomed y la yees?",0
Creen que de 61 cm pueda llegar hasta 57?,0
que talle me recomiendas usar tengo 103 de panza,0
Hola la cinturilla talex reducen cintura gracias,0
Hola yo utilizo fajas pero mi entrenado dice que no me faje durante la clase de ejercicios pero a mi me gusta y el no me deja,0
Ola como pido o busco una faja para sudar plisss contéstame no ay como una opinión esperta,0
Yo estoy indesisa quiero usar faja y la segunda es la que quisiera usar pero en chaleco pero nosé que talla usar si soy [nombre] en ropa G hellp,0
Donde compraste las fajas,0
Totalmente  de acuerdo ami me paso lo mismo y dure con ella 10años durmiendo  con ella 😅,0
"Las fajas para hacer ejercicios son buenas , de ahí más jamás pero jamás la fajas se usan para dormir , y si las fajas efectivamente si te comprimen el estómago , y tus órganos , no sólo eso te debilitan tus músculos , te estoy hablando de acuerdo a estudios realizados sobre ello .",0
Hola ana cuanto mides de cadera,0
Puedo usarla por la noche?,0
Yo la comense a usar 8 oras al dia,0
que opinas de la faja sweat aweat?,0
"[nombre], eres genial, y muy generosa!! Me gustaría saber cómo hacer para comprar tu fajas. Soy de Argentina.
Le agradeceré si me contesta y me dice como conseguirla.
Gracias.",0
"Ayúdame, mi abdomen tiene marcas negras, cómo me las quito?",0
Yo usaba solo en el ejercicio o 24 horas,0
Tu cuerpo tiene estrías? Cuando se gana masa muscular algunas personas tienen muchas estrías .,0
Por dormir jumm Ami me da un dolor de pelvis horrible,0
"Yo nadamás la e usado para después de tener mis niñas, y si me funcionaron pero hasta ahí, prefiero hacer ejercicio, y mi mamá es acinturada, y gracias por su genética, la heredamos sus hijas....",0
La faja para sudar cual es,0
Siendo hombre me daría mucha pena que una mujer me toque el abdomen y note que tengo una faja masculina. Temo que piensen que tengo una faja femenina y crean cosas raras de mi,0
Yo llevo años viendo tus vídeos y me han hecho mucho daño en la mano derecha,0
Que talla usas?,0
Dime si usas faja,0
Porque todas las que muestran las fajas tienen su cabello suelto recojanselo para que las fajas se vean bien como quedan pero con ese greñero seve que batallan,0
Reducistes cintura?,0
[nombre]! Gracias por compartir tu experiencia. Me podrías recomendar o pasar donde comprad tu esas fajas? Gracias y Buen día!!!!,0
"Holis, yo me pongo una reductora y siento que me ahogo.",0
Hola hermosa Anita estas mas linda cada dia  besos desde Guadalajara,0
tragando pan y azúcar lo dudo pero con buena dieta si la faja es para grasa localizada no más,0
"Una duda, las fajas con varillas suenan al pasar por el aeropuerto en el tetector de metal? Imagínate que oso",0
Yo  vive en mi barrio,0
"[nombre] excelente video, tengo una pregunta que puedo hacer cuando uso mi faja el látex me lastima mucho la piel me irrita horrible que puedo hacer? Gracias",0
"Si haces ejercicios laterales de cintura, no se te va a marcar la cintura ni con la faja! Al contrario! Vas a ponerte cuadrada! Como el abdomen de un hombre",0
Pero la faja causa flaccidez,0
Que es eso de eintusiastas,0
No vi la faja con la qur duermes,0
Hola alguien de Argentina que haya comprado x mercado libre que sea de buena calidad ?,0
Pero la faja causa flaccidez,0
hola nena donde estas tu,0
Ana deje el movimiento de manos aga lo de otra forma  disculpe,0
"Alguien sabe si después del ejercicio puedo usar faja ??
Es bueno o malo??",0
Un exelente video para mujeres yo soy hombre me encanta videos tuyos,0
Porqué dice que cada rato entusiastas ??? Porqué no usa otra palabra para dirigirse a los que vemos el video ?,0
Me gustaria que mostraras la faja para dormir 😊😊😊 gracias,0
Hola W wow wow omg,0
HERMANA NO SON LAS FAJAS EN EL EJERCICIO Y EL CUIDADO EN LA DIETA...!!!!,0
Gracias anita😍😍,0
hola Anita k bonita,0
las fajas no reducen nada no queman grasas si es lo que buscan,0
Hola una duda cuando sabes o como te das cuenta que ya tienes que avanzar un gancho ?,0
"Hola anita , donde consigues esas fajas",0
Cuanto tiempo  tienes yendo al gym,0
Tiene un video tus anuncios ! 😤🙄,0
Porque engañas a la gente diciendo que dañaron tus órganos??? Y en el video dices otras cosas!!,0
Que fastidio que diga intusiastas tanto 🙄,0
Que horrible la gente deshidratandose por gusto,0
"hola 
por ejemplo desde que tuve  mi parto no cerraron por completo mis  musculos del abdomen me recomiendan usar fajas??",0
Muy mal consejo infórmate bien.,0
INTUSIASTAS ???????????????????????,0
Pues ví tus videos y en ningúno veo que uses fajas. Así no te creo,0
Tienes un cuerpazo,0
Yo uso faja para proteger mi espalda  y de paso hice cintura.,0
Que rico se marca el conejo,0
Buen video pesimo titulo con razon tantos dislike,0
Terrible estos consejo 🙄,0
Hermosa mujercita no dejo de verte,0
Rebajastes 4 cm en 4 años jaja eso es muy poco,0
"Eso es mentira la faja no reduce la cintura,es la alimentación. Recuerden que el abdomen se hace en la cocina, técnica en el gym",0
"Estas preciosa Ana, me encantas cuando te pones faldita te ves tan sexi❤❤❤😘😘😘",0
Rica la maestra,0
2do comentario🎉🎉 excelente vídeo y muy útil gracias por todos tus maravillosos vídeos😋😋😘,0
gracias bella saludos y mil besos,0
soy nueva en tu canal y me estoy poniendo al día con los vídeos que me gustan mucho y los intro de verdad están super.saludos,0
mil gracias besos,0
"me encantó hermosa, saludos desde Venezuela te amo♥",0
saludos bella besos,0
"Amiga muchas gracias por el consejo,Me encantas tus videos!!!!💜💜💜💜💜💜💜",0
gracias corazon por verme y comentar saludos,0
Muy buen review!!! y preciosa como siempre!!!,0
gracias amiga besos,0
gracias por ser tan honesta..me encanta tu canal.. besos!,0
mil gracias a ti por verme y dejar tu comentario saludos,0
justo ayer estava pensando en esta faja!! muchas gracias por la reseña guapa!!,0
gracias amiga si la compras trata que sea la de buena calidad la original hay muchas copias amiga para que no botes el dinero como yo besos,0
"Hola ❤
me encanta el color labios del labial 💄, me gusta tu forma de ser tu alegría.
Siempre todas tus suscriptoras estaremos apoyandote 👌 y también yo 😍 
Te quiero mucho!!!!!💞 
saludos 💘💋",0
hola muchas gracias por tan bonito comentario corazon gracias me haces muy feliz besos y cariños linda,0
si mary vi buenos resultados lo malo es que se me rompio justo cuando mas embullada estaba con ella jiji besitos amiga,0
"Gracias por este vídeo, tomaré en cuenta estos puntos. Saludos desde México",0
hola amiga como estas saludos hace roto no te veia por haca gracias por comentar besos,0
hermosura!!! eres bella en todos los sentidos,0
gracias besitos amiga bella,0
"bueno pues... yo tenia mis dudas, muchas gracias por hacer este video!!! un abrazo y super like",0
gracias amiga por verme beso,0
Great video :) I need one of these waist shapers! xx,0
wujuuu Video nuevo 😄😍,0
gracias amiga saludos,0
"Muy buena tu reseña  , gracias por tu sinceridad, un besito enorme muaks🔝❤️👍🏻",0
gracias saludos amiga,0
"a mi tambien me encantan las fajas, buenas vibras",0
Nuestro like aquí que va:),0
gracias amiga  por el consejo 😊👍🏼 muchos saludos besos,0
hola lili gracias corazon por comentar besos,0
Yo tengo una Faja y me encanta 😍 gracias Por Compartir bella💋,0
hola amiga gracias por verme y comentar saludos,0
TE VES HERMOSAAAAAA gracias por el video mencanto 😊😉👍👌,0
hola amiga gracias besitiosssssss,0
Gracias por esta reseña linda tengo una amiga que la quiere le enseñaré tu vídeo 👍🏼,0
gracias a ti por verme besos corazon,0
eres la mejor sube videos mas seguido ; ),0
muchas gracias hermosa trato de subirlo cada tres dias  pero lo tendre en cuanta besos te quiero,0
"muy buen consejo , así uno sabe que comprar o que realmente esta comprando . Like amiga :D",0
Gracias amiga por verme 😘😘😘alli ando buscando una mejor,0
"que bueno que compartas corazon y que mal que no te sirvio, suerte con la busqueda de nueva faja, yo tb quiero encontrar una para luego de tener a mi bebe....un beso preciosa",0
si alli estoy mirando unas que compare y les are otro video si me sale buena besos corazon gracias por comentar,0
Muchas gracias por el consejo amiga y yo q apenas me ordene una 👀espero me salga buena saludos amiga,0
gracias a ti por verme amiga besos,0
alaaaa que mal muy buen video cielo me encantass un besazoo😄😄,0
gracias maria bella un beso enorme,0
Súper tema yo estaba lo o por comprar una pero editaba indecisa gracias me ayudaste a tomar una resolucion😘👍,0
si amiga trata de buscar un sitio donde sean de buena calidad para que no te pase lo mismo que a mi besos,0
Me ha gustado mucho la reseña! Besos y like,0
gracias corazon saludos,0
hola hermosa gracias por contarnos tu experiencia. que bien el gel de cafe. saludos,0
Amo 😍ese gel amiga te lo recomendó gracias por comentar 😘💋💋💋😘,0
"Me encanto mi chula , besos",0
Gracias corazón 😍😘😘,0
omg your channel is litreally goals I can't 😍😍😍😍😍😍😍😍😍😍😍😍😍😍😍😍😍😍😍😍😍😍😍😍😭👍👌👌👌,0
thanks you so much kisssss,0
Linda <3 Adoro seu canal!,0
hola corazon gracias besos,0
nice!!as always great video👍💕,0
muy buena info. pq uno aveces va a esas tiendas de fajas colombianas y como los precios son altísimo se cree uno que son las mejores.,0
asi mismo yo me siento un poco estafada un poco nada mas por que mientras sirvio hizo lo suyo jijiji besos amiga,0
"Hola  !! Buen vídeo :)  , buena reseña :)",0
muy buena reseña de la cajita asi las que la usan tendrán ya las referencias besitos guapa 👏👏👏👏,0
gracias amiga besos,0
las fajas de alla como los mahones son buenísimos!!!!!,0
si tengo que buscar unas de mejor calidad,0
"like 180 hermosa!
yo quiero esa faja pero no la puedo conseguir. 
excelente vídeo hermosa. kisses 😘",0
mil gracias amiga saludos,0
buena informacion que bueno saverlo.,0
gracias amiga saludos,0
mejor el gel amiga no lo puedo creer jejeje!!  un saludote me encantan tus videos!!! saludotes,0
el gel esta super genial me encanto la faja me siento estafada jijiji,0
Estou utilizando a da polishop e estou amando os resultados. Minha querida deixando meu like com muito carinho. Beijos,0
gracias amiga por verme y comentar saludos,0
"Nady tu intro esta genial, tu titulo decia COLOMBIA y de una le di click jajaja, un beso de tus amigas colombianas mua",0
🙈🙈sorry hermosas es que aveces hago esto en las noches y el cansancio me mata besos mis amores las quiero un montón no me avía fijado 😘😘😘😘,0
"Buena reseña, yo creo que soy [nombre] de usar fajas no aguanto la presión!! like!",0
hay amiga gracias saludos,0
que hermoso😍linda soy tu fans numero [dato quitado],0
😍😉👏🏻gracias besos hermosa 😘💋💋💋💋,0
+HealthBeautyStyle Tv 😀😀😀😀😊😊😊,0
Interesante video para ayudarnos a decidir si merece la pena su compra.,0
gracias corazon,0
"yo estoy utilizando también faja y ya empiezo a ver resultados, vi tus fotos y de ve la diferencia  gracias por tu aportación saludos",0
hola  amiga si tenias que contarles ustedes son mis confidentes de la belleza jiji que me estafaron a pesar de aver visto algunos resultados,0
"Muy buena información amiga, ahorita corro a seguirte a instagram",0
hola bonita gracias por verme saluditos,0
Lovely video 👍🏻👍🏻,0
muy bueno este video grasias por aser todo por nosotras,0
gracias corazon saludos,0
que buen vídeo esa faga esta buena para mis tías jajajaja bueno una saludo te quiero mucho ❤❤❤,0
esta faja es super famosa en todas partes hablan de ella y si hay resultados,0
"buen video bella aunque yo las evito mucho, pero en ocasiones  hay que usarlas. un beso y like",0
Gracias siempre por darnos tu opinión sincera amiga pero que bueno que te ayudo un poco al menos pero claro se te daño rapido😐😐,0
#17 de like . Saludos desde Venezuela 💟,0
"muy buena reseña de lo a faja,para las personas q la ysan o piensan comprarse fajas (:",0
"pues la verdad que si antes mirar resultados aunque sea consultar, de todas formas estas hermosa 😍",0
Me encantaria probarlas! Saludos♥,0
"se ve super chevere esa faja, lastimosamente no puedo usar de ningun tipo porque sufro de la circulacion",0
Buena reseña amiga saludos,0
buena reseña saludos linda😘,0
Me encanatan tus videos,0
"Ay que bien que te las podes poner, yo no las aguanto!",0
que bien saludos,0
Woo yo estoy pensando en comprar uno,0
"adorei a resenha, sua sala é linda!",0
hey muy buen vídeo amiga,0
"Muy bueno escuchar tu experiencia yo utilicé una similar en mi segundo embarazo pero me pasó lo de las varillas, por eso para mí tercer embarazo mejor utilice una que no tiene varillas y con tirantes aunque me costó más cara pero en verdad me funciono saludos hermosa",0
buen video gracias por compartir saludos,0
muy buena reseña.. linda.. m encantam esas fajas.. m compre una.. pero ya luego m dio pereza  y no m la puce 😥😥,0
"Hola amiga! Yo no soy de fajas pues siento que me da mucho calor y ahora en verano mucho menos jaja, sin embargo me han dado vayas reviews buenas de esa faja, pero igual les fue muy mal con la calidad del producto y si que les ha salido no tan económica. Muchas gracias por contarnos tu experiencia y mucha suerte la hora de buscar una nueva faja jeje. Saludos desde Venezuela ^^",0
Qué buena esa faja ojalá la encuentre por aquí. Te hace un cuerpin buenísimo. Gracias por tus recomendación besos guapa😘😘,0
Like bellísima buen video,0
"Hay amiguita que Lastima lo que te pasó con la faja, la verdad es que yo tengo dos y me ha ido muy bien con ellas tanto en calidad como en resultados, creo que quizás pudo ser el lugar donde la compraste o no te asesoraron bien ya que eso suele pasar mucho que por vender no te den un buen producto, ojalá y encuentres una que te deje satisfecha, amiguita como siempre te dejo mi like👍y te mando un fuerte abrazo❤❤❤",0
"hola paisanita estas en lo cierto son caras yo tengo una faja y esta perdiendo los enganches bueno bendiciones saludos desde new, jercy",0
mUY PADRE PERO SI PIERDEN CALIDAD CUANDO DAN DE SI =) UN ABRAZO,0
Very nice 💛💖💛💖💛💖💛,0
Ay amiga q mal q no t funciono ami m habian ofrecido una faja pero no quic no le tnia mucha fe byena reseña amiga bella like bsotess,0
"Great review! 👍 video 
Looking good! 👍 
Thanks for sharing greetings Paris yally ☺",0
aun no entiendo como se aguantan esas fajas las chicas jejejeje. buen video! un saludo,0
"excelente video amiga :D. Yo llevo como 2 meses con la mía y hasta ahorita todo bien, ojalá no me empiece a salir mala aunque no es la misma marca. saludos",0
Great video beautiful xx,0
"mmmm no se pero komo k no konfio mucho en las fajas pero me gustaria mucho k nos hicieras un videiti d una faja k si funcione aunk sea un poko jijiji,muchas gracias amiga x el video saluditos y buen día",0
aca en Argentina  hay camisetitas reductoras 😊,0
Muy buena la reseña hermosa! He querido una desde cuando pero no me la compro. Quiero ki cinturota de avispa pero no dejo de comer jajajajajaj... Saludos hermosa,0
hola buen video 👍,0
que mal que salio mal tu faja aun asi quedaste muy bien 😊,0
gracias por decirnos de esa faja yo ya estaba por comprarlo  hau una nueva q han sacado es reduction de Cintura  se llama ahi me averiguo sera buena,0
"a mi me encantaaaaaa esas fajas  yo siento que si funcionan , pero casi todo el mundo me dice que no funcionan",0
Great video dear ❤️❤️,0
Bellissimo video tesoro un bacio grande da Nicol❤️,0
mi tia usa de esas y funcionan,0
"yo tuve una parecida tras tener a mis chicas, like",0
Mi hermana mayor compro la misma pero a ella algo extraño fue que si le dejo cintura pero la panza se la hizo muy Flasida y como escurrida. Aun cuando la uso con una crema que le dieron que para aplicarla en la noche 😅😠. Buen video guapa,0
yo tenia duda acerca de esas fajas pero que mal que no te sirvio buena reseña nena,0
"Pues vaya faena yo no soy de fajas por el calor, pero vamos que si me compro lo que sea y se deteriora así pues es una bajón y un enfado. Buen video  y gracias por tu sinceridad. besotes",0
es buena pero molesta un poco y perdió las varillas... bueno saberlo.  la foto q pusiste de antes y despues se ve el gran cambio.,0
"muy padre , ojala pases por el mio encontraras sobre maquillaje reseñas y mas♡",0
"very great review, liked",0
"lastima reina que se le salio las varillas, ese gel de café parece re bueno besos",0
great video dear..:),0
Yo estoy tratando de buscar una X lo de q sali Del embarazo Pero no se ni cual :/. ... Yo evita unas fajas en el mall que son de todo el cuerpo  Pegadas Pero no se si sirvan :/,0
"a mi me paso lo mismo con una faja lumbar, eso q es todo elástico pero se deterioro mucho besitos",0
cuanto se supone q dure una faja?kiero probar la original.   ... 🤔😆 besote,0
Gostei muito da resenha da cinta like138,0
"Me gusto mucho este vídeo pero yo no aguanto mucho las fajas no, lo que si uso son cremitas con junto a ejercicio si se pierde talla no mucho porque no es magia jaja Si puedes comparte la original<3 saludos",0
nice vidéo big like .,0
amiga lo bueno fue que ayudo a perder tallas besos hermosa,0
amiga pero usted es bellas sin faja o con faja,0
"amei o vídeo
like linda💖💖😘",0
Q pena que no te funcionó aquí aveces pasa mucho eso que tienen productos caros y al final no sirven,0
hermosa yo esa la tenia y acá en estados unidos y me salio igual horrible y esas bariyas horrible pero fuy a colombia y hay sin fin de fajas y la q tengo ahora es muy buena y no trae Barillas besos,0
hola hermosa LIKE 48,0
Hola me parece que deberias hacer el review con el nombre de la faja y no solo diciendo que es colombiana.,0
hijolee  si ke  te salio  mal  todo  pero  ojala encuentres  una crema  reductora  y otra  faja  que si  te ayude  y ahi nos haces resena  amiga   saludosss,0
amiga pero tu eres bella sin  faja o con faja,0
"Pues fíjate que yo tengo una, igual me salió en más de 60 xq es de chaleco y me ha ayudado, no tengo la cintura q digan q bruto como me hizo cintura, no.
Pero sí me ha ayudado.
E incluso el otro día la lave(a mano)
Y hasta se encogió y ahora me aprieta más y eso q baje un par de libras😁
Pero bueno, tal vez es cuestión de suerte😁
Saluditos y espero encuentres una mejor.👍🌸😘",0
Já me escrever no seu canal gostei muito tenho um canal faz uma visita lar fica com Deus sucesso like,0
amiga  que feo. yo pensaba comprar una entoses ya no la compro  gracias x la información   la verdad   buen vídeo saludos,0
"A. Mi paso lo mismo con esas colombianas perdió su calidad del producto eso fue cuando las empezaron a vender en Amazon ,y carísima jejje ,después una más barata en models q era para hacer sudar se daño también esa una semana me duro jejjeje,así q compre otra el año pasada q me encnata pero cada vez q me siento se doblan las varillas y me lastimas jejej a la basura ,ahora no uso nada jejjeje",0
likee 51 princesa,0
que lastima con lo que costo que no es barato y que se te estropeara con tan poquito tiempo besitos,0
"Oii, acabei de conhecer o seu canal e eu adorei seu video, que Deus possa te iluminar sempre, muito sucesso pro seu canal.
Eu sou nova no youtube da uma passada aqui, se gostar se inscreve.
Beijos.",0
Un reseña genial!! :) Tienes un canal muy chulo! Nos suscribimos y te invitamos que te pases por el nuestro :D,0
"Parabéns pelo canal,super escrita e te convido a conhecer meu canal.beijos",0
Me parecio muy interesante tu experiencia espero que pases por mi canal y si te gusta te suscribas,0
"Olá lindona!
Vim conhecer seu canal e adorei!Super inscrita!
Tb tenho um canal e te convido a conhecer, se gostar, se inscreva tb!
Bj",0
"Ei princesa linda chegando agora no seu canal viu ganhou mais uma seguidora super inscrita pra não perder nada e te convido a conhecer meu canal se inscreva eu vou amar ter vc lá, bju",0
"Te ves mucho mas delgada ahora, sigues con tu dieta?",0
👍😄 q lastima q no te sirvio pz a seguir en la buskeda de una mejor b3sotes muñeka 💕😘,0
Hola bellaaaa!!  tienes una nueva sub :) te invito a mi canal de belleza 💕💕 Saludoss,0
cuantos  suubcriptores tienes por que no dejas ver tus subcriptores,0
great video!!.. I need to try this❤❤,0
"que bueno que compartas corazon y que mal que no te sirvio, suerte con la busqueda de nueva faja, yo tb quiero encontrar una para luego de tener a mi bebe....un beso preciosa",0
LONEWOLF MEDIA Gracias 😊,0
Gracias por el review ahora si ya estoy muy informada 😘,0
si  preciosa     ahi  esta  el  video   que  me  habias pedido.,0
[nombre] muchos slds ! Se ve genial !! Ya la quiero tener ! Dónde puedo conseguir esa faja ?,0
Amiga la tengo Y me facino,0
"muy  bien   mi   blanquis  cumpleanera  preciosa....ya   estas  en  el  terecer  escalon  junto  conmigo...je,je..",0
"Muchas gracias por compartir tu experiencia, yo me acabo de comprar una. Éxito en tu canal, te espero en el mío. Saludos desde Durango, Mex",0
[nombre] eres mi favorita grasias,0
Se vee buena esa faja Linda saludos 😘,0
no creas amiga yo tambien necesito los ejercicios eh jaja si no que como hace frio ya no me daganas de ir al gym pero ahora que ya viene la primavera me voy hacer los ejercicios jajaja...saludos guapa,0
"[nombre] actualizado de tu experiencia, como la usas actualmente compré una no es colombiana es corset firme me gustaría saber como es mejor usarla. Abrazos de oso.",0
Esta padricima ...una pregunta solo la usar para hacer ejercicio o tambie. Todo el dia???,0
[nombre] hola  cristina   mira   yo la  utilizo  8  horas  al  dia....,0
[nombre] solo durante tu cardio.,0
+Bere Ram q talle hay q pedir?,0
[nombre] si q talla pediste,0
[nombre] donde la compraste?????,0
hola mi amiga me puedes ayudar q tipo de faja es mejor  en latex o pawer net quisiera moldear mi cintura  y reducir un poquito,0
Se ve buena y si es mejor no dormir con ella. Besos y like,0
las fajas hacen salir varices porque la presion en el abdomen no permite que la sangre fluya normalmente del corazon a las piernas y por este motivo se crean las varices y tambien por estar mucho tiempo de pie,0
hola vivo en ecuador porfavor como hago para comprarle y cuanto vale??,0
"Hola, yo estoy tratando de conseguir esta faja, vivo en Monterrey nuevo león me puedes pasar el link donde la consigo please , besos",0
Hola mi nombre es [nombre] en Barcelona España me puedes decir como puedo comprar la faja desde acá gracias,0
hola como puedo hacer para que la pagina no me salga en ingles sino en español?,0
solo  busca arriba donde dice país y pon donde vivas,0
si  mi  preciosa  rashel...solo  la  quiero  para  moldear   mi  cintura...,0
Como se yama esta hermosa,0
"+El Reto De Oly  hola  me encanto tu video , me gustaría comprarla , aquí en colombia , tienes el link muchas gracias por compartir",0
[nombre] y ya está,0
[nombre],0
Hola como seyama la maestra esta muy guapa,0
Ceni MU exactamente...todo  lo  q  dices  eso  lo  hago  y  recomiendo  tambien...preciosa..,0
siiiii ;) x eso aqui estamos siguiendote :D,0
Hola tengo 14 y estoy  muy  recta no soy muy pequeña para utilizar fajas,0
"Donde la compraste en mercado libre ?
Kuanto te costo?
Cual es su nombre o del vendedor???",0
Yo  vivo  en  italia   como  ago  para  comprarla?,0
+ana alcantara disculpa  la  demora  ana...mira  aqui  esta  el  link..es  por  internet...,0
hola la faja rosada es igual ala azul  xq la azul nola veo hay solo otros colores,0
hola la talla de mi pantalon es 7 y peso 160 libras cuan devo comprar,0
la M estaría bien...,0
A ok i es ceguro al compra xq una ver me enganaron me cobraron y me llego unas medias  kiero saver si es total mente seguro comprar gracias,0
+El Reto De Oly   yo empese a acer ejencicios y a trotar y una dieta  xq tengo que perder 40 libras   yo que soy [nombre] xq mi embarazo subi mucho y necesito perder peso   poreso kiero una faja que me ayude,0
hola erika te recomiendo la talla L,0
yo quiero una FaJa de azul,0
"[nombre] =) soy nueva en tu canal !!
uuff que lindo cuerpo tienes eeh",0
[nombre] muchas  gracias  q  linda  bienvenida   ..,0
"Gracias por la bienvenida =)
podrias hacer mas videos sobre  lo que comes en la semana ,, te contare que mi madre vende burritos de tortilla de harina 
y uuf todos los dias como harina  y ya no quiero pero siento feo decirle que no Ami madre no alos burritos xD 
espero los subas pronto 
Gracias y Saludos !!!!
Dios Te Bendiga Hermosa",0
Hola chica uso talla M bueno eso creo porque en pantalones uso la talla 14 cual tendría que ponerme porque soy bajita igual que tu ?,0
+Zenia Hernandez ...te aconsejo que compres  la  L........ESTE ES EL LINK  DONDE LA COMPRE..,0
como puedo conprarla,0
Hola yo soy de argentina pero nose cm conseguirla!?? Nunca e comprado por online cm hago!??,0
[nombre] hola  belen...la  verdad  no  es   dificil...solo  te  metes  al  link...que  puse  de  la  pagina  donde  compre   y  siges  los  pasos  q  dice   donde    muestra  comprar  ahora   y  tienes  que  poner  tus  datos  personales  y   tienes  que  tener  tarjeta  de  credito.,0
El Reto De Oly el  link  esta  abajo  del  video..,0
[nombre] Puedes comprarla en nuestra pagina  o llamanos al [número],0
hola yo tengo una colombiana de Ann chery y seme dobla muy feo me saka los gorditos de la espalda nose pk con todas pasa eso,0
claro  que  si  ami  en lo personal...si  me  ha  servido.....llevo  2cm..menos  de  cintura...pero  claro   combinandola  con  buena  alimentacion  y  ejercicio...porq  como  todo no  es  milagrosa....por  si  sola...pero  si te  cuidas  bien   si   ves  resultados....yo  pronto  espero  pasar  ala  talla  mas  chica....,0
"Si yo soy ch entonces xs ? 
Soy [nombre] también me serviara para la escuela y todo eso ? 
P.d 
Como se que son originales",0
Y endonde las concigo,0
Soy de España como la puedo conseguir,0
amor75 cruz hola...aqui  abajo  del  video  esta  el  link..donde  la  compre...,0
Saludos oly fijate q  yome compre la faja pero se me enrolla de la parte de atras cres q esta bien o sera q me qeda chika tu q me recomeimdas oly  espero y me contestes grasias oly,0
amiga  ..no  se  te  deve  de enrollar  ha  de  estar  chica  tu  faja..porq  no  la  devuleves  y  pides  una  talla   mas..,0
El Reto De Oly fue lo q hice pero me dijieron q ya era final sale ya no se cambian y pues me dijieron q tenia q pagar el envio pues es lojico vrrd q uno lo tiene q pagar el envio para atras pero mejor meqedo con ella y compro otra mas grande entonces de todas maneras grasias oly contestarme saludos q tengas un buen inicio de semana,0
Yo tambien tengo una y no la uso,0
y q esperas para  usarle  saves q  sirve mucho x q aprieta el estomago y evita q uno coma   entrecomidas.,0
"[nombre] x la información👍
Solo una pregunta si no Es mucho molestarte cual Es la medida d tu cintura?
Para guiarme y saber si la talla M me podría quedar a mi también ó si no ya deplano la L😊
Desde ya gracias..
Saludos🙋",0
amiga..mido  27 pulgadas...es como  69 cm  ...soy  talla S  en  ropa..,0
"👍gracias x responder😊
Saluditos🙋",0
+El Reto De Oly yo mido 63 de cintura y ya uso la faja XS empecé con la S midiendo 66 de cintura sirven muchísimo para la curva de la cintura,0
si  ayuda  bastante..porque  aprieta  rico  y  te  mantiene  derecha....bien  por  ti  nena...saludos.,0
hola vivo en estados unidos donde hoo en k tienda lo puedo conseguir,0
Hola tengo una duda yo compre una faja talla L es normal que te queda apretada osea ajustada me ha dolido la columna,0
No es  mormal......mira  yo  la utilizo  porq  ami me ha ayudado  mucho...  a mejorar  el dolor de mi espalda...porq   yo  sufro de dolor....checa bien   talvez  nesesitas una talla mas....,0
Porqe eh visto personas  muy gorda y osea se pone faja más chicas qe casi no la cierran pero si es primer día ahora  y pues aveces me cala y aveces no,0
+Jesus Madrid pues  ellas  estan   mal.....porq  se estan danando  y te aseguro  q  dejaron de usar  su faja  x  ese  detalle....la faja  tiene  q compactar   mas no   apretar  demasiado   yo  he reducido  cintura  y   lo q ise  fue  arreglar  mi faja  porq ya no me apretaba.....y  no tengo para comprar  otra  porq son caras...lo q  ise  fue  coserla  por   atras  en la parte de enmedio  y asi la reduje....,0
Mi duda es cuanto horas lo usas al día te calaba de recién,0
+Jesus Madrid la uso  8 horas al dia  y el dia  1  senti  raro  pero sin lastimar.,0
to  Bobo en  Italia  Como  ago  para comprarla?,0
que size es tu fja???,0
hola...caroly08 ..aqui  esta  la  informacion  de la  faja..,0
que video tan largo 😣,0
canto tiempo despues para ver resultados,0
donde la vende soy de panama,0
"Oly que aburrido vídeo 
No dijiste nada y me quede dormida :(",0
yo quiero una FaJa de azul,0
"Buenísimo, me encanto!!! Yo quiero pasar por la experiencia jajaja...",0
"[nombre], mi fiel seguidora!! espero que al seguir creciendo mi canal y comiencen los sorteos seas una de las mas afortunadas, mientras tanto puedes usar un cupon de descuento (10%) solo debes poner INGRID-LUCIA antes de pagar y lo puedes usar en cualquier producto de la marca de esta faja (link esta en la descripcion) meanwhile sigamos conversando sobre la vida, sus cosas y las mias :)",0
Y en qué se diferencia de la faja cubana?,0
"[nombre] 🤷🏽‍♀️lo cierto es que nunca he probado una faja cubana ni de otra nacionalidad, decidí comprarme una ahora y de las colombianas se habla maravillas, busqué y me decidí por esta, quizás en unos meses pruebe una  argentina🤔😃gracias por mirar y comentar🙌🏼",0
No se siente falta de aire al hacer ejercicios con la faja puesta?,0
"[nombre] la he usado para caminar y 👌👌la próxima semana la usaré en el gym y con un nuevo video te contaré, pero hasta ahora me resulta más cómoda de lo que pensaba 😉",0
Se echan de menos estas chicas yo ya no veo la red por q me encantaba la anto si q haora me quedo con la tia paty del mega,0
Las recomiendo las fajas levanta cola le moldea bien el cuerpo y después pues de tres meses tienes tu cintura y tus  glúteos en el lugar y como lo querías,0
"Hola, informes para México por favor",0
donde seconsiguen informes porfavor los quiero vender,0
ando buscando fajas de la marca myd,0
De esta marca so me gustan los jeans Gorman súper bien las fajas son rígidas la mejor es la fajitex quedan muy bien,0
no saben si venden en chile?,0
Que corrientes esas presentadoras.,0
X lo ➖ el cierre para q no se note lo deberían de poner d lado xq de frente se me mucho con cualquier ropa pegada,0
Tanto que ablan creo k les pica,0
Gracias por tu sinceridad se le admira ya q hablas la realidad tod lo q vivimos las mortales😂😂❤❤❤,0
Hace un tiempo le comenté en un video similar a este que yo no me pondría algo así y después de un tiempo dije será que si compro y estoy encantada porque hacen bonita figura y la ropa interior desaparece ahora amo estas prendas . Gracias ❤😊,0
"[nombre] gracias por mostrar éstas fajas y de tantos tipos, 
Abrazos desde Guadalajara Jalisco México 😘🇲🇽💞",0
"Estupendas ideas, gracias, y estos trucos los compartiré con mis amigas en secreto para que no sepan lo que llevamos bajo la ropa 😉",0
Me encantaron las fajas yo no salgo sin las mías 🙏🥰. Bendiciones 😇,0
Total ayudan mucho bajan siempre una talla gracias hermosa🎉🎉🎉🎉,0
[nombre] por los tips!,0
Gracias por tus consejos,0
Gracias genial  todo ❤,0
Desire gracias por los espectaculares pantalones !!!!! Saque ideas para mis outfits😂,0
Trucos maravillosos. Gracias,0
Excelente video Desi !! Muy buenas propuestas 👍,0
Estupendas ideas ya compré la mía son un éxito.Gracias,0
"Me encantó el vídeo, es una buena ayuda para vernos más bonitas, gracias",0
Buenos trucos! Gracias 😊,0
Re lindo el video gracias,0
Muchas gracias Desirée 💯😍💖🥰🤗,0
"Maravilloso,y muy bonito,😊",0
"[nombre], muchas gracias por la información!",0
"Muchas !!! 🤗👏👏👌
Saludos desde España.",0
Buenos consejos gracias.,0
[nombre]! Muy lindas propuestas. Gracias. Saludos.,0
Muchas gracias... genial el vídeo 😘😘😘🌷🌷,0
Ostras!!! Muy bien vel vídeo 👍 😊,0
Buenas noches y gracias preciosa por tu ayuda,0
Me la vendiste 😅 Acabo de pedir mi fajita. Gracias por las recomendaciones.,0
"Gracias,gracias, gracias 🧡🧡🌹🌹",0
"[nombre], me encantan sus videos, este, en especial, está muy bueno y nos enseña mucho para poder lucir más bella, pero quisiera saber dónde podria obtener esas fajas. Gracias, saludos y siga así de bella y con esas ganas de ayudar a q subamos lo bello.",0
Wooow que buena idea ; salus9s hermosa,0
"Mi mami siempre tenia.
Y yo la he copiado.El resultado genial.",0
Mil gracias desde España hacen entregas en mi país?,0
A mi me pasa lo contrario estoy nalgona pues las levanta mas,0
"Y aparte te junta la pancita hacia arriba y te saca el gordo por los lados, yo mejor me compro una blusita q me discimule y tratar de perder peso",0
Deberias poner algun modelo mas rellenitas. En ti todo se ve bello,0
"Nunca me pierdo tus videos Desi, aunque por lo general no comento nada pero siempre doy  👍 antes de mirar el video jeje ya se que el contenido me encantara, eres mi maestra de buen Gusto y elegancia. Saludos desde TABASCO ☺",0
[nombre] . Me gusta como explicas. Gracias por tu consejos para el maquillaje  y por esas fajas divina . Eres sencilla pero elegante . Te adoro ❤,0
La tengo pero no es que sea gran cosa pero resuelve 😊,0
"[nombre] ...me encantó el bleizer , Estoy en Ecuador  dónde lo venden ? Ayuda abrazos",0
Donde comprar soy de Argentina,0
Gracias por estos consejos …ya encargué una …si es seguro q llegan ?,0
Desy que dia publicas video ?,0
Hola lo pedí  y me llegó un producto completamente diferente,0
"Cómo puedo comprar, soy de Chile",0
"Las medias lo probare, gracias",0
Hola saluditos llevo tiempo largo siguiendote me encantan tus videos. Mi pregunta es..¿En una talla xl como seria la faja en talla para que no salgan esos rollitos qué molestan tanto?... agradezco mucho tu atención gracias,0
Dónde los venden xfavor,0
"Desiree, eres una mujer muy hermosa, no tienes barriga, has el video con alguen gordita, te hago esta sugerencia con mucho respeto. Eres muy bonita. Felicitaciones.",0
Con vestido cuál es mejor,0
Hola deseee dtb donde puedo conseguirlas aquí en Venezuela no las consigo 😅,0
Que marcas de fajas son mejores?,0
Y adonde consegimos esas prendas,0
"el problem es el clima , en verano en los tropicos. como funciona?",0
Las fajas vienen de q pais ?,0
Para transparencias blancas,0
"Desiree porfa haz video de PANTYS para mujeres q tenemos las piernas con arañltas várises o con vasos sanguineos visibles 
Yo uso en verano pantys de verano ... podemos usar falda ????",0
A mi me pica la tela de algunas fajas tienes alguna que sea suave porfi.,0
"Qué hacer cuando lo q
ue tienes son caderas, muchas caderas!!! Cómo se pueden disimular??",0
"Desy,  yo uso unos short de Leonisa y me siento y se enrollan en las piernas,  estás no se enrollan?",0
Donde se encuentra la caja de inscripción gracias,0
"A mi las fajas, se me abultan el abdomen y he probado varias , y son tallas grandes. 😢",0
Yo soy [nombre] que se esconde detrás de una sábana tener barriga no soy gordita Pero la barriga me quitan lo lindo,0
Adonde se concige estas prendas reductorad estoy en nogota colombia graciad😊,0
[nombre]! Puedes ir a [enlace] 😊,0
"Desirée...si tengo tripilla desde debajo del busto,cual sería la mejor???el body o el de cuerpo y piernas junto?? 
Gracias.😊",0
"Desi mostro un look es este video de pantalon negro y un blazer estampado oversize. Este es un look ideal para disimular las caderas.
Busca ropa entallada pero que no sea exajerada, como por ejemplo un vestido en linea A que entalla la cintura pero es holgado en las caderas.",0
"Cierto, jamás me he comprado una !! 💃🏻🤷🏻‍♀️",0
Para vestidos pegados nada de eso funciona .,0
Las fajas  ideales  son la que se hacen  con tus  medidas   te  ajutan   la barriga  y levanta   el popi,0
"Es sólo publicidad. No es lo mismo usar esas fajas con la figura que tiene ella, a que lo use alguien con kilos de más, tengo varias reductoras y aunque soy delgada me resultan incómodas , y no veo grandes resultados.",0
"Si funcionan, no se compre muy apretadas, si uno aumenta talla , toca volver a comprar ropa interior de este tipo",0
No aguante el mega comercial de las fajas ... por lo regular sus videos me gustan pero este no,0
[nombre]  ti seguo da un bell po...sei simpaticissima..e hai molta classe.,0
Me alegro mucho de que te haya servido,0
😂😂 me pasó lo mismo,0
Me alegra saber eso,0
Qué bien que te haya servido el vídeo,0
Me alegro mucho de que te sirva el vídeo,0
Espero que le sirva el vídeo gracias,0
Lo hice  pero sin enseñarlo en el vídeo,0
No la aprietes demasiado,0
Quiero un tip para que cuando use mi faja no se me hagan marcas o no meirrite la piel 😢,0
que precio  tiene,0
"En Amazon, el precio si que no te puedo decir",0
"depende de cada uno, yo sólo la uso cuando quiero ponerme un vestido ajustado",0
"Aún la tengo, y la uso en momentos especiales, no todos los días",0
"Que excelente video, digo, 😅🎉",0
​  como te fue con la banda?? Dime porfa,0
Yo no le entiendo,0
Como puedo hacer o donde puedo conseguir a qui en perú. Por favor,0
Sublime splendide magnifique,0
Yo la quiero en Ecuador donde puedo conseguir,0
Gracias muchas bendiciones,0
Hola m gusta esa idea d esa faja muchas gracias,0
Excelente me gustó mucho desde colombia tierra alegre 🇨🇴,0
"😅😅😅Pues no soy ""gordibuena""... pero me encantó el hack!!! Gracias por compartir!!! 🥰🥰🥰",0
"Me encanto, xq mo.lo vi antes!",0
Que calidad felicidades excelente idea,0
Yo viendo esto antes del sorteo de la cartilla militar,0
Me aprieta en la pierna muchísimo,0
"Jajajajaja siii,  la media hace maravillas",0
"Soy [nombre], pero no tengo cintura, sirve igual? (1,55cm 45kg)",0
A mi se me enrollan porque tengo muchos glúteos y caderas 😊,0
pues obvi XL y de la marca que mas te guste de medias.,0
Perfecta idea para empeorar la vena varice o para desarrollar vena varice 😂😂😂😂😂😂,0
"Será liguitas para pelo 

No conozco liguitas de pelo 😅",0
"Se le resalta muy feo el vientre, no me gustó nada",0
Si es hermosa Gracias mi sitio web es brendakboutique.com,0
[nombre] lo encuentras en brendakboutique.com,0
Una tormenta de besos para la princesa más guapa del todo el mundo,0
Yo encargué una y es hora que no me llega 🤦🏽‍♀️,0
Yo quiero una faja,0
Donde lo puedo comprar porfavor,0
Y dónde puedo comprarlos,0
Donde lo compro,0
Quiero para Cusco,0
"gracias me haz ayudado mucho, dentro de poco me operare y estaa duda se generan , si quieres hacer tido bien",0
"Hola feliz día, estamos felices de que el vieo te haya gustado 💖",0
Buen día  necesito una,0
Me interesa presio,0
Me interesa la primera peso 82 kilos,0
Hay otras fajas que tienen una avertura pero que no se extiende ? Es diferentes a esas,0
"Todas, son incómodas.",0
"Hola, gracias por escribirnos. Nuestros envíos los hacemos desde Estados Unidos a través de Amazon, puedes comprar esta Faja haciendo clic aquí 👉 En la descripción del video hemos dejado varios enlaces dependiendo del país desde donde desees comprar.",0
"Saludos, gracias por escribirnos. Puedes comprar esta Faja en nuestro sitio web haciendo clic aquí 👉 En la descripción del video hemos dejado varios enlaces dependiendo del país desde donde desees comprar. Si tienes alguna otra pregunta estaremos atentos a tus comentarios. Feliz día.",0
"Saludos, gracias por escribirnos. Puedes comprar esta Faja en nuestro sitio web haciendo clic aquí 👉 En la descripción del video hemos dejado varios enlaces dependiendo del país desde donde desees comprar. Si tienes alguna otra pregunta estaremos atentos a tus comentarios. Feliz día.",0
"Saludos, gracias por escribirnos. Puedes comprar esta Faja en nuestro sitio web haciendo clic aquí 👉 En la descripción del video hemos dejado varios enlaces dependiendo del país desde donde desees comprar. Si tienes alguna otra pregunta estaremos atentos a tus comentarios. Feliz día.",0
"¡Saludos! Muchas gracias por escribirnos 💖 Amablemente le indicamos que su prenda probablemente cuente con una abertura perineal, como se muestra en el segundo caso mostrado en el video. Si tiene alguna otra pregunta o inconveniente, no dude en contactarnos. Feliz día 🌹",0
"Saludos, gracias por escribirnos. Puedes comprar esta Faja en nuestro sitio web haciendo clic aquí 👉 En la descripción del video hemos dejado varios enlaces dependiendo del país desde donde desees comprar. Si tienes alguna otra pregunta estaremos atentos a tus comentarios. Feliz día.",0
Como se puede hacer un pedido,0
"[nombre], gracias por escribirnos. Puedes comprar esta Faja en nuestro sitio web haciendo clic aquí 👉 En la descripción del video hemos dejado varios enlaces dependiendo del país desde donde desees comprar. Si tienes alguna otra pregunta estaremos atentos a tus comentarios. Feliz día.",0
Pero como haces en la primera con la ropa interior por dentro?,0
"Saludos, gracias por escribirnos. Puedes comprar esta Faja en nuestro sitio web haciendo clic aquí 👉 En la descripción del video hemos dejado varios enlaces dependiendo del país desde donde desees comprar. Si tienes alguna otra pregunta estaremos atentos a tus comentarios. Feliz día.",0
Y para hacer popis me TENGO QUE ENCUETAR TODA.... muy complicado la mi creo,0
"Saludos, gracias por escribirnos. Puedes comprar esta Faja en nuestro sitio web haciendo clic aquí 👉   En la descripción del video hemos dejado varios enlaces dependiendo del país desde donde desees comprar. Si tienes alguna otra pregunta estaremos atentos a tus comentarios. Feliz día.",0
"[nombre], gracias por escribirnos. La modelo está usando esta referencia en Talla S, si quieres conocer tu talla ideal puedes enviarnos tus medidas de cintura y cadera y con gusto te podemos decir tu talla o puedes ver este video 👉 Estaremos atentos a tus comentarios, feliz día.",0
"Saludos, gracias por escribirnos. Nosotros nos encontramos ubicados en Estados Unidos, pero puedes comprar esta Faja a través de Amazon haciendo clic aquí 👉 En la descripción del video hemos dejado varios enlaces dependiendo del país desde donde desees comprar. Cualquier pregunta que tengas estaremos atentos a tus comentarios, feliz día.",0
Hay unas fajas que viene de Medellín y son contraentrega se llaman MariaE,0
"Saludos, gracias por escribirnos. En este enlace podrás ponerte en contacto con nuestros agentes de ventas al mayor  ¡Feliz día!",0
Tengo la boda especial vientre bajo para ir al dos no puedo está muy corta de atrás!,0
"A mi si me lastimó, las odio 🥺",0
ella es de tela por dentro super comoda no es necesaria la blusita,0
"Saludos, gracias por escribirnos. Las fajas son consideradas una prenda íntima, por lo que es recomendable utilizarla debajo de las prendas de vestir. Si tienes alguna otra pregunta estaremos atentos a tus comentarios, feliz día 🌹",0
"Saludos. Amablemente le indicamos que para disfrutar de la compresion ideal de la prenda, es importante escoger la talla correcta. Si quiere conocer su talla ideal por favor indíquenos sus medidas de cintura y cadera. Para tomar las medidas puede ver este video 👉",0
"[nombre], gracias por escribirnos. Puedes comprar esta Faja en nuestro sitio web haciendo clic aquí 👉 En la descripción del video hemos dejado varios enlaces dependiendo del país desde donde desees comprar. Si tienes alguna otra pregunta estaremos atentos a tus comentarios. Feliz día.",0
"Te aconsejo que nunca te sientes a hacer ni pipi ni popo con las fajas puestas, por más aberturas que tengan siempre algo se va para los costados y el mal olor queda impregnado. Uso fajas enterizas pero cuando siento ganas de ir al baño me tengo que sacar todo y bajar la faja. Es muy incómodo pero es la única manera, como lo explica la chica para mí es totalmente antihigiénico. Fíjate yo no lo haría",0
Si vas al baño te debes lavar el fundillo,0
Pero si se usa la ropa interior encima de la faja se va a lavar todos los días y se arruinará la faja,0
Y todo esto para que????????🙄 mejor me quedo asi COMODA,0
Es horrible ese cierre es enano creen que una es gallina y orina y defeca por un orificio agrandelo porfavor,0
Gracias por su consejo pero hay fajas que no tienen ..estas facilidades y son un DESASTRE,0
Me cobraron 70 pesitos por qué lo hiciera alguien más,0
"Muchas gracias por ver el vídeo, bendiciones",0
[nombre] !!,0
Me alegra que te sea de ayuda,0
Gracias bendiciones !,0
Gracias a ti por ver mis vídeos,0
"Como areglar el brasier de la faja ,cuando el brasier es pequeño?",0
Puedes usar el hilo que tengas solo le pasas varias costuras,0
Se le pone tela en la costura de la espalda busca en mis videos de fajas hay uno como se hace,0
Hay que cortar la wue tiene toda la costura alrededor y ponerle ptra tela nueva,0
"excelente, mande a metele a la mía y me la dañaron lo hicieron a los lados y me cocieron de 1 lado más del otro qie rabia 😭😭😭",0
Las máquinas caseras cosen bien la tela de fajas es solo chequiar las extensiones  y la aguja que este bien puesta  y la maquina bien ensaltada cualquier detalle hace que la maquina no cosa bien,0
Asi es le hace la cintura,0
Dónde lo puedo encontrar?,0
Tengo algunos videos de como hacerlo busca en mis videos y pues ves otros que quisas te sirvan de ayuda  gracias,0
Estoy para el area de Boston,0
Lo puedes conseguir en internet encaje para fajas,0
Dame idea de como rebajaste please,0
Se le coje entre una y otra varilla en cada lado  o detras una sola busca en mis videos  hay varios como hacerlo,0
No te lo aconsejo ya que si la cortas se enrollan mejor es usar tu faja como esta y comprarte un body que son más varatos,0
Si hay algunos  Mira este,0
​  como la corto mi faja llega a la rodilla abajo pero me ahoga quiero ponerla corta se podra ??,0
Yo uso el hilo normal solo hacerle varias costuras,0
Si se los quitas la faja se enrrolla en la cintura,0
Usualmente uno no las corta así ya que se enrollan luego ya que nada las sostiene,0
Le cojes de la costura en la espalda te hace el mismo trabajo,0
Busca en mis vídeos tengo varios de como se arreglan las fajas de todas partes,0
14 uso para tido,0
Puedes usar de goma pero también puedes usar regular solo ponerle varias costuras las fajas hay que seguir cojiendole cada sierto tiempo ya que rebajan y la faja ancha,0
16 uso para todo no es fina ni muy gruesa,0
Puedes usar tela de otra que ya no uses es lo que usualmente hago,0
Con la que tengas en la maquina lo haces la tela de fajas es buena de coser,0
Puedes usar el regular solo varias costuras o uno engomado si tienes,0
Ponerle nuevos cosidos a.mano dura poco si tienes otra que no uses y estan bien seria cambiarle la piesa entera,0
14 siempre uso para todo,0
Le pones una aguja 14 o 16 a tu maquina y la coses igual que hise,0
corazón por favor tienes algún video acoplando cierre a la faja que no tiene de la parte íntima de la mujer????..... disminuyendo las piernas de la faja???? ....soy [nombre] y las piernas de la faja me queda hasta la rodilla aunque lo compre con pierna pequeña 🙈te agradezco mucho mucho la respuesta bendiciones milton!,0
Como sabes cuanta tela quitar ?,0
Un size mas o menos cuando se las ponen ya en el último gancho unas dos pulgadas,0
Me pasa mucho pronto te grabo un video de que hacer en ese caso,0
Pinzas para el busto,0
Tengo varios vídeos como hacerlo trata de ver todos mis vídeos dale a esta link y te llevará a uno de ellos,0
​   disculpe y si se puede sin el encaje 🫠,0
"Le puedes poner el que tengas pero si usas uno de
Goma dura mas el trabajo yo usualmente le pongo el hilo normal que tenga solo que se le tira varias costuras",0
Con mucho gusto,0
En esa parte puedes poner silicona y así evitas que se enrolle,0
Uy si yo tengo unas medias que tienen control de abdomen pero estaban muy feas en la parte de abajo me cae como anillo al dedo este consejo .,0
Gracias por ver,0
"Que pantimedias son estás ,dónde las compran? me urge por favor. Gracias",0
Como se llaman esas?yo tengo pero son traspatente y finitos,0
jejej!!! Cool!!!,0
No.. solo queda mas firme el abdomen,0
jajaj!! eres muy divertida!!,0
Demasiadas oakabras de Mississippi densi densoooo,0
Se ponen del revés  y ya no se enrrolla,0
No aprieta y se enchurca,0
Póngasela alrrevez,0
